Date,Branch,Customer_Type,Payment,Total
2024-06-12,B,Normal,E-wallet,323.12
2024-07-15,A,Normal,Cash,378.64
2024-10-28,A,Member,Cash,282.04
2024-09-12,A,Member,E-wallet,495.45
2024-07-10,A,Member,E-wallet,49.72
2024-08-02,A,Member,E-wallet,237.9
2024-05-21,A,Normal,Cash,80.35
2024-02-20,A,Member,Credit Card,197.22
2024-10-28,B,Member,Cash,373.76
2024-02-25,A,Member,Cash,181.73
2025-01-31,B,Normal,Credit Card,33.19
2024-08-29,B,Normal,Cash,137.68
2025-01-14,A,Member,E-wallet,364.27
2024-11-22,B,Member,E-wallet,335.67
2024-05-30,B,Member,Credit Card,367.96
2024-06-23,B,Member,Cash,123.15
2024-08-01,A,Normal,E-wallet,368.63
2024-04-12,A,Member,Credit Card,449.48
2024-02-19,B,Normal,Credit Card,278.15
2024-10-13,A,Normal,Cash,355.42
2024-04-01,A,Normal,E-wallet,341.64
2024-12-18,B,Normal,Cash,358.35
2024-07-12,B,Normal,Credit Card,246.97
2025-01-31,A,Normal,Credit Card,462.38
2024-03-30,B,Normal,Credit Card,219.45
2024-04-18,A,Member,Credit Card,44.28
2024-08-06,A,Normal,E-wallet,249.45
2024-11-21,B,Normal,Credit Card,63.56
2024-12-29,A,Member,Credit Card,96.39
2024-07-08,B,Member,Cash,489.45
2024-12-22,A,Member,Cash,335.41
2025-01-09,B,Normal,E-wallet,126.92
2024-06-23,A,Normal,Cash,74.83
2024-06-28,B,Normal,Credit Card,359.92
2024-07-29,A,Member,E-wallet,286.31
2024-11-20,A,Member,Cash,66.33
2024-05-22,A,Member,E-wallet,158.4
2024-09-17,A,Member,Credit Card,53.7
2024-04-05,B,Member,E-wallet,486.54
2024-11-30,A,Normal,Cash,419.11
2024-03-31,A,Member,Cash,318.14
2024-11-09,A,Normal,Cash,177.6
2024-06-20,B,Normal,Credit Card,53.11
2025-02-08,B,Member,E-wallet,483.14
2025-01-24,A,Member,Cash,275.38
2024-07-19,B,Member,Credit Card,123.04
2024-11-13,B,Member,E-wallet,402.92
2024-06-19,B,Normal,Cash,101.29
2024-03-19,A,Member,Cash,402.8
2025-01-07,A,Normal,Credit Card,347.92
2024-12-10,A,Normal,Credit Card,96.19
2024-04-14,A,Member,Credit Card,206.84
2024-06-13,B,Normal,E-wallet,441.11
2025-02-08,A,Member,Cash,496.83
2024-03-16,B,Normal,Cash,296.71
2024-03-26,B,Member,Credit Card,335.26
2024-05-30,A,Normal,Cash,270.57
2025-01-16,A,Member,Credit Card,15.43
2025-02-09,B,Normal,E-wallet,27.86
2024-10-10,A,Member,Credit Card,190.37
2024-10-06,A,Normal,Cash,245.69
2024-07-25,B,Member,E-wallet,353.37
2024-11-19,A,Normal,Credit Card,200.51
2024-03-17,A,Normal,E-wallet,111.9
2024-10-04,B,Member,Credit Card,334.4
2024-08-09,B,Normal,Credit Card,222.65
2024-10-16,A,Normal,Cash,405.67
2024-09-24,A,Normal,Cash,182.72
2024-06-19,A,Normal,E-wallet,265.4
2024-08-26,A,Member,Credit Card,406.44
2024-10-03,B,Member,Credit Card,279.95
2025-01-24,B,Normal,Credit Card,187.01
2024-06-26,B,Normal,Cash,213.4
2025-02-11,B,Normal,Credit Card,150.67
2024-10-04,B,Normal,Cash,339.08
2024-05-30,A,Member,E-wallet,210.35
2024-11-14,A,Member,Cash,295.1
2024-10-23,B,Normal,E-wallet,72.17
2024-04-02,B,Normal,Credit Card,91.22
2024-02-26,A,Member,Cash,203.45
2024-09-24,A,Normal,E-wallet,281.73
2024-12-15,A,Normal,Credit Card,193.78
2024-11-17,A,Normal,E-wallet,190.76
2024-06-27,A,Normal,Credit Card,373.25
2025-01-03,B,Normal,Credit Card,26.82
2024-05-31,B,Member,Credit Card,387.71
2024-04-27,A,Normal,Credit Card,55.44
2024-06-15,B,Member,Credit Card,455.1
2025-01-17,B,Normal,Cash,312.57
2024-06-04,A,Member,Cash,192.29
2024-07-13,A,Member,Credit Card,215.37
2024-06-09,B,Normal,E-wallet,446.77
2024-08-11,B,Normal,Credit Card,112.07
2024-03-30,B,Member,E-wallet,406.09
2025-01-10,A,Member,E-wallet,407.98
2025-02-03,A,Normal,Cash,85.26
2024-12-16,A,Member,Cash,424.75
2024-10-17,B,Member,E-wallet,428.61
2024-11-11,A,Normal,Cash,163.53
2024-05-16,A,Member,E-wallet,148.56
2024-12-31,B,Member,E-wallet,328.14
2024-07-19,A,Normal,E-wallet,430.75
2024-11-11,B,Member,E-wallet,413.43
2024-05-09,A,Member,Cash,327.47
2024-03-11,B,Member,E-wallet,417.93
2025-02-08,B,Member,E-wallet,119.97
2025-01-16,B,Member,Cash,443.03
2024-10-27,A,Normal,Cash,488.51
2024-11-24,B,Member,Credit Card,46.16
2025-02-02,B,Member,Cash,143.66
2024-12-27,A,Normal,E-wallet,384.03
2024-06-13,B,Normal,E-wallet,422.98
2024-09-13,B,Normal,E-wallet,161.67
2024-08-20,B,Member,Credit Card,194.0
2024-06-10,A,Normal,E-wallet,271.15
2024-08-05,B,Normal,Cash,362.6
2024-02-21,B,Normal,E-wallet,211.74
2024-11-20,A,Member,E-wallet,339.34
2024-02-16,B,Normal,Cash,204.11
2024-08-19,B,Normal,E-wallet,456.75
2024-10-17,A,Member,Cash,345.05
2024-08-10,A,Normal,E-wallet,484.75
2025-01-11,A,Member,Cash,52.61
2024-11-23,B,Member,Credit Card,389.34
2024-08-20,A,Normal,Cash,166.79
2024-04-17,B,Member,Cash,404.28
2024-11-19,B,Normal,Cash,357.77
2024-05-18,B,Member,Credit Card,145.33
2024-11-08,A,Normal,Credit Card,211.62
2024-02-22,A,Normal,Credit Card,412.71
2024-11-25,B,Normal,E-wallet,358.92
2024-10-14,A,Normal,E-wallet,414.49
2024-12-26,A,Member,Cash,259.18
2024-03-23,B,Member,Cash,29.28
2025-01-06,A,Normal,Cash,29.3
2024-05-07,A,Normal,Cash,102.5
2024-10-12,A,Member,Cash,58.79
2024-02-23,B,Member,Credit Card,272.64
2025-01-22,A,Normal,Credit Card,19.09
2024-03-06,A,Member,Credit Card,394.39
2024-11-02,B,Normal,Credit Card,368.5
2024-05-09,A,Normal,Credit Card,353.89
2025-01-29,A,Normal,E-wallet,173.11
2025-01-23,A,Member,Cash,160.29
2024-12-27,B,Normal,Credit Card,268.2
2025-01-02,B,Member,Credit Card,348.75
2024-06-16,A,Member,E-wallet,261.21
2024-09-21,B,Normal,E-wallet,103.57
2024-04-11,B,Member,Credit Card,97.24
2024-09-21,A,Normal,Cash,140.48
2024-09-19,B,Member,Cash,367.41
2025-01-02,B,Normal,Cash,241.67
2024-09-03,A,Normal,Cash,490.56
2024-08-13,B,Normal,Credit Card,142.1
2024-10-29,A,Normal,Cash,249.19
2024-10-30,B,Member,Credit Card,160.42
2024-03-30,B,Normal,Cash,39.25
2024-11-25,A,Member,E-wallet,390.29
2025-01-02,A,Member,Credit Card,68.11
2024-03-08,B,Normal,Credit Card,361.05
2024-02-26,B,Normal,Cash,466.29
2025-02-02,B,Normal,Credit Card,237.26
2024-09-02,A,Member,Credit Card,442.3
2024-12-07,A,Member,E-wallet,465.17
2024-08-09,B,Member,E-wallet,326.74
2024-08-24,B,Normal,Cash,281.75
2024-02-17,B,Member,E-wallet,446.92
2024-09-27,A,Member,Cash,122.44
2024-10-04,A,Member,Cash,496.22
2024-10-04,B,Normal,Credit Card,282.64
2024-02-14,A,Member,Cash,221.83
2024-02-17,B,Member,Cash,322.64
2024-03-19,A,Member,Credit Card,194.45
2024-06-20,A,Normal,E-wallet,491.03
2024-03-07,A,Normal,E-wallet,233.09
2024-10-08,A,Normal,Credit Card,421.53
2024-10-20,B,Normal,Credit Card,353.02
2024-08-24,B,Normal,E-wallet,484.17
2025-01-09,B,Member,Cash,386.13
2024-08-03,B,Normal,E-wallet,223.78
2024-10-30,B,Normal,Credit Card,415.57
2024-06-28,B,Normal,Cash,274.55
2024-10-27,B,Normal,E-wallet,340.51
2024-02-27,A,Member,Cash,397.56
2024-02-12,A,Normal,Credit Card,102.52
2024-03-16,A,Normal,Credit Card,309.39
2024-07-18,B,Normal,E-wallet,77.15
2024-04-24,A,Member,Credit Card,349.68
2024-10-21,A,Normal,Cash,494.29
2025-01-26,A,Normal,Credit Card,285.41
2024-12-10,B,Normal,E-wallet,423.2
2024-11-09,A,Normal,Cash,131.21
2024-04-23,A,Member,Credit Card,80.73
2024-11-03,B,Member,Cash,370.99
2024-05-06,A,Normal,Credit Card,287.73
2024-06-11,A,Member,E-wallet,177.01
2024-04-22,B,Normal,Cash,463.43
2024-11-20,B,Normal,Cash,357.91
2024-11-20,B,Member,Credit Card,493.48
2025-01-19,A,Member,E-wallet,133.43
2025-01-23,A,Member,Credit Card,484.15
2024-06-21,A,Member,Credit Card,311.25
2024-11-25,A,Member,Credit Card,268.39
2024-04-13,A,Normal,Cash,26.03
2024-05-09,A,Member,Cash,77.37
2024-12-19,B,Member,E-wallet,66.62
2024-11-17,B,Normal,E-wallet,98.23
2024-10-10,B,Member,Credit Card,191.84
2024-02-15,A,Normal,Credit Card,445.48
2024-04-21,A,Member,E-wallet,235.83
2024-09-01,B,Normal,E-wallet,203.09
2024-11-20,A,Normal,Cash,493.69
2024-06-10,A,Normal,Credit Card,430.05
2024-07-13,A,Member,E-wallet,22.01
2024-10-10,A,Member,E-wallet,205.89
2024-07-06,A,Member,Cash,55.31
2024-12-22,B,Normal,Credit Card,144.6
2024-02-18,A,Normal,Cash,276.68
2024-11-30,A,Member,E-wallet,364.46
2024-09-24,B,Member,E-wallet,402.25
2024-12-30,A,Normal,E-wallet,217.52
2024-02-13,B,Member,Credit Card,49.77
2024-08-26,A,Member,Credit Card,111.12
2024-03-24,A,Normal,E-wallet,230.24
2024-09-18,A,Member,E-wallet,380.13
2024-12-24,B,Normal,Cash,175.12
2024-07-12,A,Member,Cash,230.2
2024-07-16,A,Normal,Cash,372.44
2024-10-10,A,Normal,Cash,24.46
2024-07-02,B,Member,Credit Card,418.78
2025-02-01,A,Normal,Credit Card,185.59
2024-07-06,B,Member,Cash,100.12
2024-07-24,A,Member,Cash,332.61
2024-03-14,A,Normal,E-wallet,136.09
2024-07-08,A,Member,Credit Card,39.24
2024-10-29,A,Member,Credit Card,24.88
2024-08-01,A,Member,Cash,156.34
2024-02-22,B,Member,Credit Card,469.77
2024-02-16,B,Normal,E-wallet,498.8
2024-06-21,B,Normal,Credit Card,10.95
2025-01-08,A,Member,Cash,290.78
2024-05-20,A,Member,Cash,86.28
2024-02-28,A,Normal,E-wallet,183.49
2024-09-04,B,Member,Cash,270.73
2024-07-14,B,Normal,Credit Card,127.18
2024-07-23,B,Normal,Cash,223.72
2024-05-10,A,Normal,Credit Card,360.28
2024-09-07,B,Member,Cash,406.52
2024-04-28,A,Normal,Cash,297.67
2024-05-02,B,Member,Cash,489.32
2024-03-25,B,Normal,E-wallet,281.34
2024-05-06,B,Member,E-wallet,50.24
2024-04-15,A,Normal,Credit Card,366.46
2024-08-05,B,Member,E-wallet,158.52
2024-04-05,A,Normal,Credit Card,16.37
2024-05-03,A,Member,E-wallet,349.75
2024-06-24,B,Normal,Cash,41.26
2025-02-02,B,Member,Cash,486.07
2024-09-06,A,Normal,Credit Card,230.83
2024-05-08,B,Normal,Cash,299.03
2024-07-28,B,Normal,E-wallet,493.44
2024-03-15,A,Member,Credit Card,105.32
2024-03-01,B,Normal,Credit Card,115.33
2024-03-24,A,Member,Credit Card,359.39
2024-04-13,A,Member,E-wallet,262.23
2024-11-04,A,Member,Cash,355.11
2024-06-21,A,Normal,E-wallet,462.97
2024-06-06,A,Member,Cash,400.1
2025-01-24,A,Member,Credit Card,63.72
2024-10-27,B,Normal,E-wallet,443.18
2024-12-26,A,Normal,Cash,346.88
2024-03-13,B,Normal,E-wallet,324.5
2025-01-24,A,Normal,Credit Card,283.8
2024-04-23,B,Normal,Cash,224.05
2024-03-09,B,Member,Credit Card,199.58
2024-09-10,A,Member,Cash,371.07
2024-08-06,B,Member,Credit Card,314.76
2024-06-24,A,Normal,Cash,387.94
2024-06-04,B,Normal,Cash,220.95
2024-10-06,B,Normal,Cash,394.88
2024-12-17,A,Member,Credit Card,286.33
2024-06-07,B,Normal,Credit Card,406.98
2024-08-06,B,Normal,E-wallet,324.81
2024-10-01,B,Member,Cash,468.23
2024-12-29,B,Member,E-wallet,375.08
2024-09-20,A,Normal,Credit Card,112.14
2024-11-07,B,Member,E-wallet,407.2
2024-05-17,B,Normal,E-wallet,497.68
2024-07-17,B,Normal,Credit Card,312.51
2024-07-20,A,Member,Credit Card,111.03
2024-03-19,B,Normal,Credit Card,162.59
2024-12-23,A,Member,Cash,497.86
2024-05-28,B,Normal,Credit Card,228.79
2024-02-25,A,Normal,Cash,22.34
2024-08-06,A,Member,Credit Card,16.01
2024-07-14,B,Member,Credit Card,111.37
2024-04-21,A,Normal,E-wallet,90.5
2024-08-22,A,Member,Credit Card,449.19
2024-11-19,B,Normal,E-wallet,200.41
2025-02-04,A,Member,Cash,492.96
2024-07-08,A,Member,Credit Card,26.07
2025-01-28,A,Normal,E-wallet,268.97
2024-09-28,B,Member,E-wallet,441.08
2024-07-31,B,Normal,Credit Card,164.48
2024-04-20,A,Member,Credit Card,471.37
2024-04-24,B,Member,E-wallet,248.04
2024-07-21,B,Member,E-wallet,396.11
2024-10-08,A,Normal,Credit Card,398.8
2024-08-25,A,Normal,Credit Card,262.03
2024-04-20,B,Member,Cash,399.97
2024-10-30,A,Member,Credit Card,98.9
2024-09-10,B,Normal,E-wallet,162.3
2024-04-25,B,Normal,E-wallet,311.41
2024-03-31,A,Member,Credit Card,171.95
2024-07-13,A,Normal,E-wallet,73.18
2024-08-09,A,Member,E-wallet,471.24
2024-03-04,A,Normal,Credit Card,150.66
2024-03-14,A,Member,Credit Card,147.83
2024-03-09,A,Normal,Cash,369.21
2024-10-06,A,Member,Cash,206.57
2024-10-08,A,Member,Credit Card,387.69
2024-03-13,A,Member,Cash,328.6
2024-06-04,B,Member,Cash,323.23
2024-04-04,B,Member,Cash,411.27
2024-10-12,B,Member,Cash,426.72
2025-01-24,A,Member,Credit Card,475.99
2024-11-04,A,Member,E-wallet,409.78
2024-03-03,A,Normal,Credit Card,182.79
2024-08-08,A,Normal,E-wallet,380.19
2024-07-28,B,Member,Cash,497.49
2024-06-04,A,Normal,Credit Card,328.15
2024-10-13,B,Member,Cash,481.33
2024-03-25,A,Member,Credit Card,356.92
2024-02-20,B,Member,Credit Card,17.9
2025-02-08,B,Normal,Credit Card,295.6
2024-02-23,A,Member,Credit Card,206.67
2024-10-08,B,Member,Credit Card,274.88
2024-08-08,A,Normal,Cash,471.09
2024-11-30,A,Normal,Credit Card,409.23
2024-04-18,B,Member,E-wallet,62.81
2024-06-11,B,Normal,Cash,482.5
2024-06-26,A,Normal,Cash,256.58
2024-05-30,A,Member,Cash,289.79
2024-05-23,B,Member,Cash,453.91
2024-07-11,A,Member,Credit Card,498.21
2024-04-22,B,Normal,Cash,381.06
2024-09-12,A,Normal,Cash,106.64
2024-04-23,A,Member,Cash,376.5
2024-11-02,B,Normal,Cash,274.38
2024-06-28,A,Normal,Credit Card,466.51
2024-03-22,B,Member,Credit Card,125.34
2024-03-21,B,Normal,Cash,333.23
2025-02-02,B,Normal,Credit Card,377.08
2024-06-18,A,Member,Cash,288.68
2024-12-17,A,Member,Cash,42.96
2024-07-28,B,Member,E-wallet,43.07
2024-03-25,B,Normal,E-wallet,373.46
2024-11-30,A,Normal,Cash,370.87
2024-10-06,A,Normal,Cash,104.22
2025-01-16,A,Normal,Credit Card,195.65
2024-03-28,A,Member,Cash,387.49
2025-01-22,A,Member,Credit Card,138.05
2024-12-18,A,Member,Cash,139.51
2024-03-01,B,Normal,Cash,168.97
2024-07-01,B,Normal,Cash,464.71
2024-08-29,B,Member,Cash,252.73
2024-03-03,B,Member,E-wallet,125.56
2024-10-17,A,Member,Credit Card,232.86
2024-06-08,A,Normal,E-wallet,68.1
2024-08-06,A,Member,Cash,305.51
2024-05-29,B,Member,Credit Card,418.33
2025-02-09,A,Member,E-wallet,182.22
2024-04-19,B,Member,Cash,242.55
2024-10-29,B,Member,E-wallet,309.7
2024-09-23,B,Normal,Cash,353.99
2024-08-17,B,Normal,E-wallet,97.41
2024-09-16,B,Member,Cash,360.31
2024-06-09,B,Normal,E-wallet,98.91
2024-06-28,B,Member,E-wallet,435.72
2024-04-10,B,Member,Cash,495.34
2024-05-31,B,Member,E-wallet,235.92
2024-10-16,A,Member,Credit Card,125.71
2024-05-22,B,Normal,Credit Card,252.38
2024-08-31,B,Member,E-wallet,487.09
2025-01-12,A,Normal,E-wallet,19.83
2024-05-10,B,Member,E-wallet,483.36
2025-01-16,B,Member,E-wallet,375.89
2024-03-12,A,Member,E-wallet,397.16
2024-04-24,A,Normal,E-wallet,268.64
2024-11-11,B,Normal,E-wallet,239.68
2024-04-07,A,Member,E-wallet,389.69
2024-03-09,A,Normal,Credit Card,328.92
2024-05-04,B,Member,Credit Card,265.16
2024-12-01,A,Normal,Credit Card,295.27
2024-08-18,A,Normal,Cash,395.54
2024-05-01,A,Normal,Cash,377.48
2025-01-30,B,Member,Credit Card,131.79
2024-06-21,A,Normal,Credit Card,435.18
2024-03-26,B,Member,Credit Card,496.1
2024-04-27,B,Normal,Credit Card,467.82
2024-04-17,A,Normal,E-wallet,440.45
2024-10-17,A,Member,E-wallet,131.6
2024-03-01,A,Member,Cash,371.1
2024-12-08,A,Member,Cash,107.94
2024-11-25,B,Normal,Cash,210.24
2024-09-15,B,Normal,Credit Card,154.01
2024-06-23,B,Normal,Cash,258.55
2024-12-30,A,Member,Credit Card,115.54
2024-06-28,A,Member,E-wallet,297.6
2024-03-02,A,Normal,Cash,444.48
2025-02-11,B,Normal,E-wallet,309.22
2024-12-16,A,Member,Cash,304.2
2025-02-01,A,Normal,Cash,347.17
2024-04-13,B,Normal,E-wallet,168.38
2024-03-26,B,Member,E-wallet,223.01
2024-10-01,A,Member,Cash,203.83
2024-08-12,A,Member,Cash,182.29
2024-11-24,B,Normal,Cash,221.21
2025-02-01,B,Member,Cash,272.49
2025-01-14,A,Member,E-wallet,63.4
2024-11-17,A,Member,Credit Card,316.1
2024-05-23,B,Member,Credit Card,316.08
2024-10-27,A,Member,Cash,215.97
2024-04-05,B,Member,Cash,237.51
2025-01-11,A,Member,Cash,489.67
2025-01-24,B,Member,Cash,85.97
2024-03-23,B,Member,Credit Card,260.32
2024-02-20,B,Member,Cash,38.79
2024-03-24,A,Normal,E-wallet,358.22
2024-07-01,A,Member,Credit Card,266.13
2024-07-11,A,Member,E-wallet,203.0
2024-10-23,A,Member,Cash,330.21
2024-02-29,A,Member,Cash,435.41
2025-01-14,A,Normal,Credit Card,189.42
2024-03-27,B,Normal,Cash,176.46
2024-07-06,A,Normal,Credit Card,336.88
2024-07-12,A,Normal,Cash,417.47
2024-12-07,A,Normal,E-wallet,480.54
2024-08-04,A,Member,Credit Card,233.55
2024-04-03,A,Normal,Cash,263.6
2024-05-18,A,Normal,E-wallet,246.05
2024-04-14,A,Normal,E-wallet,26.97
2024-09-04,A,Member,Credit Card,101.27
2024-08-21,B,Member,Cash,189.42
2024-12-08,B,Normal,Credit Card,145.59
2024-06-10,B,Member,E-wallet,193.49
2024-11-16,A,Member,Credit Card,139.33
2024-08-15,B,Normal,Cash,157.25
2024-03-03,A,Normal,E-wallet,305.65
2025-02-07,B,Member,Credit Card,363.94
2025-01-31,B,Member,Credit Card,206.32
2024-06-21,A,Normal,Cash,156.19
2024-12-15,A,Member,Cash,67.35
2024-08-14,A,Member,Credit Card,81.29
2024-05-07,B,Normal,Credit Card,201.26
2024-07-19,B,Member,Credit Card,386.49
2024-12-29,A,Normal,Cash,393.03
2024-07-15,B,Normal,E-wallet,62.16
2024-06-27,A,Normal,Cash,360.03
2024-09-15,B,Normal,Cash,498.71
2024-04-15,A,Member,Cash,386.19
2024-05-19,A,Normal,E-wallet,390.06
2024-06-19,A,Normal,Cash,430.53
2024-05-17,B,Member,Cash,72.81
2024-10-31,B,Member,E-wallet,447.37
2024-06-09,A,Normal,Credit Card,284.75
2024-04-11,A,Normal,Credit Card,251.85
2024-09-23,A,Normal,Credit Card,388.11
2024-06-06,A,Normal,Credit Card,26.34
2024-04-16,A,Normal,Cash,451.24
2024-05-11,A,Member,Credit Card,185.12
2024-09-16,B,Member,E-wallet,40.84
2024-11-17,A,Normal,Credit Card,277.37
2025-02-04,B,Normal,Credit Card,212.91
2024-03-25,B,Normal,Credit Card,163.02
2024-04-18,B,Normal,Credit Card,14.18
2024-05-15,B,Normal,Credit Card,303.25
2024-12-27,B,Member,Cash,390.98
2024-03-15,B,Normal,Cash,173.34
2024-09-13,B,Member,Cash,224.35
2024-11-17,A,Normal,E-wallet,127.78
2025-01-01,A,Normal,Credit Card,173.22
2024-03-01,A,Member,Credit Card,213.46
2024-12-31,B,Normal,Credit Card,494.04
2024-06-06,A,Normal,Cash,18.51
2024-11-03,A,Normal,Credit Card,75.69
2024-08-19,A,Normal,Credit Card,285.5
2024-03-14,B,Normal,Credit Card,487.62
2024-04-19,B,Member,Credit Card,456.8
2024-10-22,A,Member,Credit Card,498.32
2024-06-21,B,Member,Cash,227.44
2024-06-27,A,Member,E-wallet,100.6
2024-04-12,B,Normal,Credit Card,30.38
2024-09-20,B,Normal,Credit Card,213.92
2024-07-03,B,Normal,Credit Card,69.43
2024-03-21,B,Normal,E-wallet,220.09
2025-01-12,A,Normal,Credit Card,159.27
2024-05-20,A,Normal,Cash,128.84
2025-01-17,B,Member,E-wallet,245.78
2024-06-01,B,Member,Credit Card,364.12
2024-02-21,A,Normal,E-wallet,266.3
2025-01-19,B,Member,Cash,334.66
2024-09-29,A,Normal,E-wallet,484.17
2024-11-18,A,Member,Cash,175.64
2024-08-30,A,Normal,Cash,216.98
2024-10-14,B,Normal,E-wallet,148.46
2024-03-06,A,Normal,E-wallet,14.59
2024-05-01,A,Normal,E-wallet,200.44
2024-05-06,B,Member,Cash,312.03
2024-11-30,A,Member,E-wallet,454.99
2024-12-24,A,Member,Credit Card,308.47
2024-04-30,B,Member,E-wallet,213.87
2024-09-22,B,Normal,Credit Card,113.03
2024-07-11,A,Member,Credit Card,88.96
2025-01-22,A,Member,Cash,123.92
2024-07-29,A,Normal,Cash,382.66
2024-12-01,B,Member,Credit Card,235.54
2025-01-07,A,Member,E-wallet,185.59
2024-04-07,B,Member,Cash,175.94
2024-07-08,A,Normal,Credit Card,150.85
2024-12-19,A,Member,Cash,485.09
2024-07-28,A,Member,Cash,226.72
2024-04-19,A,Normal,Cash,43.32
2025-01-07,B,Member,Credit Card,40.74
2024-04-26,A,Normal,Credit Card,141.99
2024-12-11,A,Normal,Credit Card,380.13
2024-12-07,A,Member,E-wallet,257.69
2024-05-23,B,Normal,Cash,223.67
2024-02-16,A,Member,Credit Card,384.27
2024-11-13,B,Normal,Cash,290.41
2024-05-21,A,Member,Credit Card,488.03
2025-01-04,A,Normal,Cash,288.79
2024-05-01,A,Normal,E-wallet,331.2
2024-10-30,B,Normal,Cash,399.82
2024-09-27,A,Normal,Credit Card,193.38
2024-07-24,B,Member,Credit Card,489.34
2025-02-08,B,Normal,Credit Card,411.27
2025-02-01,A,Normal,E-wallet,463.66
2024-12-26,B,Member,E-wallet,471.66
2024-07-25,B,Normal,Cash,171.22
2024-06-14,B,Normal,Cash,401.24
2024-08-26,A,Normal,Credit Card,114.63
2024-06-19,B,Normal,E-wallet,224.3
2024-02-27,B,Normal,Credit Card,249.39
2024-12-10,B,Normal,Credit Card,297.1
2024-12-31,A,Normal,E-wallet,426.49
2024-08-04,A,Member,E-wallet,468.32
2024-09-13,A,Normal,Cash,202.05
2024-12-18,A,Member,Credit Card,58.11
2024-10-04,B,Member,Cash,276.27
2024-12-18,B,Normal,Credit Card,379.77
2024-04-14,A,Normal,Cash,42.14
2024-03-08,A,Member,Credit Card,227.77
2024-06-30,B,Member,Credit Card,324.81
2024-11-23,A,Normal,E-wallet,394.88
2024-11-18,A,Member,Credit Card,79.81
2024-10-04,B,Member,Credit Card,231.71
2024-09-05,A,Normal,Cash,289.99
2024-02-18,B,Member,E-wallet,191.19
2024-12-31,A,Member,Cash,313.02
2025-01-03,B,Normal,Cash,330.89
2024-07-06,B,Normal,Cash,251.67
2024-07-15,B,Member,Cash,355.66
2025-01-20,A,Member,Cash,104.48
2024-08-19,B,Normal,Credit Card,296.37
2024-11-20,B,Member,Cash,133.85
2024-07-05,B,Normal,Credit Card,310.55
2024-11-29,B,Normal,E-wallet,407.29
2024-05-30,B,Normal,Credit Card,50.08
2024-04-27,B,Normal,Cash,428.84
2025-01-16,B,Member,E-wallet,52.17
2024-07-15,B,Member,E-wallet,422.37
2024-10-10,B,Member,Credit Card,136.24
2024-09-13,A,Normal,E-wallet,135.1
2024-04-08,A,Member,Credit Card,244.77
2024-05-17,B,Member,Credit Card,487.84
2024-12-05,B,Normal,Credit Card,230.03
2024-08-31,A,Normal,Credit Card,467.67
2024-05-16,A,Member,E-wallet,90.44
2024-03-20,A,Member,Credit Card,214.38
2024-05-05,B,Member,E-wallet,242.94
2024-03-02,B,Normal,Cash,201.91
2025-02-03,A,Normal,Cash,491.62
2024-06-06,B,Member,Credit Card,119.7
2024-04-17,B,Normal,Cash,211.91
2024-12-14,B,Normal,Cash,442.67
2024-07-11,A,Member,Cash,351.08
2024-11-22,B,Normal,E-wallet,479.71
2024-12-21,A,Member,E-wallet,446.71
2024-04-08,A,Normal,Credit Card,234.63
2024-04-25,A,Member,Credit Card,92.0
2024-07-02,A,Normal,Cash,34.23
2024-09-08,B,Member,Credit Card,222.78
2024-04-24,A,Normal,Cash,120.47
2024-07-31,A,Normal,Credit Card,82.56
2024-05-07,A,Normal,Cash,447.65
2024-08-01,B,Normal,Credit Card,139.5
2024-04-20,B,Member,Cash,353.12
2024-04-01,B,Normal,Cash,351.78
2024-04-24,A,Normal,Cash,453.95
2024-07-22,B,Normal,Cash,372.92
2024-07-14,B,Member,E-wallet,330.72
2024-05-06,A,Member,Cash,128.01
2024-08-11,B,Normal,Cash,313.52
2024-07-03,B,Member,Cash,79.11
2024-07-04,A,Normal,Cash,112.63
2024-02-28,A,Member,E-wallet,152.03
2024-12-09,B,Normal,E-wallet,329.07
2024-03-28,A,Normal,Credit Card,20.15
2024-03-21,A,Normal,E-wallet,48.86
2024-12-07,A,Member,E-wallet,481.8
2024-04-18,A,Member,Credit Card,120.33
2024-04-05,A,Normal,Credit Card,184.83
2024-10-03,B,Member,Credit Card,283.22
2025-02-05,A,Normal,Cash,129.68
2024-07-27,A,Normal,Credit Card,477.57
2024-12-15,A,Member,E-wallet,450.95
2024-09-12,A,Member,Credit Card,447.81
2024-06-20,A,Normal,E-wallet,314.42
2024-12-04,A,Normal,E-wallet,44.21
2024-12-08,A,Normal,E-wallet,463.02
2024-09-11,A,Normal,E-wallet,377.46
2024-07-01,B,Member,Cash,20.34
2024-08-17,A,Member,E-wallet,414.93
2024-05-10,B,Normal,E-wallet,418.1
2024-10-02,A,Normal,Credit Card,50.07
2024-04-19,A,Normal,Cash,341.81
2024-07-25,A,Normal,E-wallet,318.99
2025-02-10,A,Member,Cash,216.65
2024-07-01,A,Member,Credit Card,420.18
2024-06-20,A,Normal,E-wallet,368.02
2025-01-19,B,Normal,Credit Card,89.51
2024-05-22,B,Member,Cash,461.19
2024-10-27,A,Member,Cash,113.32
2024-11-14,B,Normal,E-wallet,308.81
2024-06-30,B,Member,Cash,117.7
2024-05-06,A,Member,Credit Card,451.77
2024-05-01,B,Normal,Cash,384.09
2024-02-24,B,Normal,E-wallet,152.92
2024-11-27,A,Member,E-wallet,122.25
2024-06-26,A,Member,E-wallet,369.25
2024-07-05,A,Member,Cash,232.46
2025-02-05,B,Member,Credit Card,160.26
2024-02-12,A,Member,Cash,232.8
2024-06-13,A,Member,Credit Card,36.34
2024-05-13,B,Normal,E-wallet,14.85
2024-09-11,A,Normal,Credit Card,68.98
2024-12-27,B,Member,Cash,235.88
2024-06-19,A,Normal,E-wallet,315.57
2024-09-06,A,Normal,E-wallet,334.05
2024-04-13,A,Normal,Credit Card,12.09
2024-03-22,B,Member,E-wallet,292.79
2024-09-03,B,Normal,Credit Card,462.15
2024-10-01,B,Member,Credit Card,135.37
2024-09-27,A,Normal,E-wallet,450.08
2024-04-12,A,Member,Credit Card,401.96
2024-08-28,B,Normal,E-wallet,51.02
2025-02-08,A,Normal,E-wallet,393.62
2024-04-10,B,Member,Credit Card,273.6
2024-06-25,B,Normal,Cash,477.74
2024-02-27,A,Normal,Credit Card,379.67
2024-03-09,A,Member,Credit Card,102.86
2024-09-23,B,Normal,Cash,211.27
2024-09-22,A,Member,E-wallet,475.08
2024-08-07,B,Normal,Cash,308.87
2025-01-03,B,Normal,Credit Card,33.81
2024-07-04,A,Normal,Credit Card,454.77
2025-01-29,B,Normal,Cash,204.15
2025-01-11,A,Member,Credit Card,318.53
2024-04-06,A,Normal,Cash,489.74
2024-03-28,A,Normal,Credit Card,185.39
2024-06-02,B,Member,E-wallet,290.14
2024-08-08,B,Normal,Cash,56.2
2024-02-19,B,Member,Credit Card,279.83
2025-01-15,B,Member,Cash,307.88
2024-07-02,B,Member,Cash,324.37
2024-10-19,A,Member,E-wallet,357.23
2024-11-11,A,Member,Credit Card,158.34
2024-10-22,A,Normal,Cash,211.47
2024-04-09,B,Normal,Credit Card,398.99
2024-06-15,B,Member,Credit Card,413.27
2024-03-10,A,Member,Credit Card,237.57
2024-11-15,B,Normal,Cash,424.7
2024-08-05,B,Member,Cash,182.33
2025-01-31,A,Normal,E-wallet,244.31
2024-08-29,A,Member,E-wallet,498.49
2024-04-22,B,Member,Credit Card,33.95
2024-04-05,A,Normal,E-wallet,122.28
2024-02-21,B,Member,Credit Card,274.67
2024-10-20,B,Member,E-wallet,367.35
2024-08-06,B,Member,E-wallet,93.98
2024-04-28,A,Normal,Credit Card,39.39
2024-09-03,A,Member,Credit Card,45.55
2024-04-16,B,Member,Cash,173.03
2024-05-22,B,Member,Cash,449.1
2024-09-28,A,Member,Cash,349.8
2024-04-22,A,Member,E-wallet,61.88
2025-01-21,A,Normal,Cash,113.05
2024-04-02,A,Member,Cash,341.34
2024-10-05,A,Normal,Cash,143.29
2024-12-26,A,Member,Cash,387.19
2024-06-13,A,Normal,Credit Card,452.05
2024-11-02,A,Normal,Cash,271.56
2024-08-30,B,Member,E-wallet,379.74
2024-10-06,A,Normal,E-wallet,482.26
2024-03-17,B,Member,Cash,451.12
2024-09-08,B,Member,Credit Card,108.24
2024-04-14,B,Normal,Credit Card,121.35
2024-03-07,B,Normal,E-wallet,102.88
2024-08-23,B,Normal,Credit Card,398.37
2024-06-03,B,Normal,Cash,146.21
2024-11-28,A,Member,Cash,127.5
2025-01-18,A,Normal,E-wallet,401.94
2024-09-16,A,Normal,E-wallet,41.36
2024-12-22,B,Normal,Cash,318.99
2024-07-21,B,Normal,Credit Card,189.63
2024-04-19,B,Normal,E-wallet,123.58
2025-01-16,B,Normal,Cash,239.37
2025-01-22,A,Normal,Cash,417.34
2024-02-26,A,Normal,Cash,152.13
2024-04-16,B,Normal,Credit Card,138.0
2024-12-19,B,Normal,E-wallet,475.27
2024-07-29,A,Member,Cash,177.46
2024-05-11,A,Normal,E-wallet,378.16
2024-11-30,B,Member,E-wallet,418.45
2024-09-29,A,Normal,Credit Card,132.12
2024-07-22,B,Member,Cash,319.67
2024-10-05,A,Member,E-wallet,286.89
2024-11-05,A,Member,Credit Card,388.39
2024-10-25,A,Member,Cash,397.09
2024-08-29,B,Member,Credit Card,44.12
2024-04-17,A,Normal,Credit Card,118.15
2024-08-25,B,Member,Cash,31.67
2024-03-29,B,Normal,Cash,443.41
2024-04-20,B,Normal,E-wallet,284.51
2024-03-02,B,Normal,Cash,31.12
2024-06-22,A,Member,E-wallet,225.54
2024-04-10,A,Normal,Credit Card,263.66
2024-08-06,B,Member,Credit Card,61.11
2024-10-24,A,Member,Cash,421.77
2024-09-17,A,Normal,Cash,125.74
2024-08-24,A,Normal,Cash,96.32
2024-06-22,B,Member,Cash,440.54
2024-09-22,A,Member,Credit Card,161.33
2024-06-21,A,Member,Cash,139.9
2024-06-09,A,Member,E-wallet,150.21
2024-04-30,A,Normal,E-wallet,317.04
2024-11-11,B,Normal,Cash,285.95
2024-05-07,A,Member,Cash,236.04
2024-03-27,B,Member,E-wallet,29.19
2024-04-11,A,Normal,Credit Card,398.25
2024-05-10,A,Member,Credit Card,266.76
2024-07-10,A,Normal,E-wallet,457.0
2024-10-28,A,Member,Cash,236.52
2024-06-28,A,Normal,E-wallet,350.65
2024-05-20,A,Member,Credit Card,150.58
2024-08-10,A,Normal,Credit Card,238.96
2025-02-11,A,Member,Cash,80.69
2024-03-11,A,Member,Credit Card,281.36
2024-02-27,B,Member,Credit Card,261.0
2024-12-29,B,Member,Credit Card,184.27
2024-08-14,B,Normal,E-wallet,186.6
2024-09-02,B,Member,Credit Card,259.48
2024-12-17,B,Normal,E-wallet,255.62
2024-04-01,A,Member,Cash,106.49
2024-09-08,B,Member,Cash,134.64
2024-08-30,B,Normal,Credit Card,451.82
2024-04-27,B,Normal,E-wallet,327.89
2024-04-12,B,Member,Cash,312.51
2024-12-02,B,Member,Cash,256.25
2024-06-12,B,Member,Cash,301.72
2024-12-15,A,Member,Credit Card,35.53
2024-10-30,A,Member,Cash,277.43
2024-05-15,B,Member,E-wallet,387.31
2024-02-23,A,Normal,Cash,238.03
2024-04-27,A,Member,E-wallet,410.63
2025-02-02,A,Member,Cash,320.67
2024-02-12,A,Normal,Credit Card,161.28
2024-12-06,B,Member,Credit Card,241.53
2024-11-17,A,Member,Cash,259.15
2024-10-29,B,Normal,Cash,473.15
2024-11-11,B,Member,Credit Card,113.9
2024-06-27,B,Member,Cash,266.11
2024-08-11,A,Member,Credit Card,132.76
2024-08-13,B,Normal,Cash,118.17
2024-04-17,B,Member,E-wallet,367.64
2024-11-09,A,Normal,E-wallet,14.72
2024-07-06,B,Member,Cash,106.56
2024-05-03,B,Member,Cash,161.69
2024-12-23,A,Member,Cash,436.83
2025-02-03,B,Member,Credit Card,20.32
2024-08-03,B,Normal,E-wallet,321.56
2025-02-05,A,Normal,E-wallet,102.24
2025-01-12,B,Member,Cash,307.13
2024-03-06,B,Normal,Credit Card,374.73
2024-08-25,B,Normal,Credit Card,68.59
2024-03-20,A,Member,E-wallet,225.25
2024-08-25,A,Member,Credit Card,382.7
2024-04-21,A,Normal,E-wallet,368.28
2024-09-09,A,Member,E-wallet,459.48
2025-01-07,B,Normal,E-wallet,12.91
2024-09-02,A,Member,E-wallet,92.13
2024-07-02,A,Member,E-wallet,140.16
2024-04-28,A,Normal,Cash,251.53
2024-08-12,A,Member,E-wallet,412.21
2024-10-03,A,Member,E-wallet,92.46
2024-03-02,A,Normal,Cash,412.85
2024-09-25,B,Member,Cash,171.4
2024-10-14,A,Normal,Credit Card,415.64
2025-01-10,A,Member,E-wallet,499.79
2024-08-29,A,Normal,E-wallet,95.65
2024-04-19,A,Member,Cash,133.44
2024-10-22,A,Member,Credit Card,439.78
2024-08-29,B,Normal,Cash,433.26
2024-07-06,B,Member,Cash,316.72
2025-01-21,B,Member,E-wallet,198.5
2024-07-07,B,Normal,Cash,97.73
2024-08-24,A,Normal,Cash,274.75
2024-05-30,A,Normal,E-wallet,290.3
2024-06-30,A,Normal,E-wallet,272.7
2024-09-04,B,Member,Credit Card,139.09
2024-08-06,B,Normal,Credit Card,498.38
2024-10-22,A,Member,Cash,469.66
2025-01-11,A,Member,E-wallet,499.15
2024-12-04,A,Normal,E-wallet,216.64
2025-01-29,A,Member,Cash,205.82
2024-05-10,B,Member,Cash,255.22
2024-11-27,B,Normal,Cash,330.54
2024-11-07,A,Member,Credit Card,486.58
2024-08-08,B,Member,Cash,63.52
2025-01-22,B,Member,Cash,247.0
2024-09-25,B,Member,E-wallet,320.57
2024-04-10,B,Normal,E-wallet,382.32
2025-01-03,A,Normal,E-wallet,58.59
2024-11-03,B,Normal,Cash,289.54
2024-07-22,B,Normal,Cash,244.85
2024-08-24,B,Normal,Credit Card,418.21
2024-09-15,A,Member,Cash,52.67
2024-09-12,B,Member,Credit Card,363.74
2024-06-18,A,Normal,E-wallet,224.35
2024-10-21,B,Member,Cash,347.6
2024-02-15,B,Member,E-wallet,195.52
2024-12-13,B,Member,Credit Card,216.37
2024-02-29,B,Normal,Cash,299.8
2024-02-16,A,Member,Credit Card,104.18
2024-09-22,A,Member,E-wallet,437.31
2025-02-01,A,Normal,E-wallet,165.11
2024-05-11,A,Normal,E-wallet,243.29
2024-06-07,A,Normal,Credit Card,497.35
2024-07-18,B,Member,Cash,238.19
2024-09-21,B,Member,E-wallet,119.12
2024-12-29,B,Normal,Credit Card,477.26
2024-09-17,A,Normal,E-wallet,237.4
2024-04-13,A,Normal,E-wallet,474.17
2024-05-01,A,Member,E-wallet,304.33
2024-03-14,A,Member,Cash,59.87
2024-10-02,A,Member,Credit Card,163.62
2025-01-17,A,Normal,Credit Card,220.12
2024-10-04,A,Normal,Credit Card,173.34
2025-02-02,B,Member,Cash,45.53
2024-11-17,B,Member,Credit Card,309.26
2024-04-01,A,Normal,Cash,16.21
2024-04-29,B,Normal,Credit Card,317.42
2024-11-19,B,Normal,Cash,44.52
2024-07-24,B,Normal,E-wallet,440.27
2024-11-06,A,Member,E-wallet,439.67
2024-05-10,B,Normal,E-wallet,154.15
2024-07-06,B,Normal,Credit Card,287.74
2024-05-12,B,Normal,Cash,341.59
2024-12-04,A,Member,Credit Card,188.71
2024-08-21,A,Normal,E-wallet,451.29
2024-05-02,A,Normal,Cash,209.84
2024-09-14,B,Member,Credit Card,137.44
2024-12-24,B,Normal,Cash,394.93
2024-11-25,A,Normal,Credit Card,316.55
2024-07-10,A,Member,Cash,107.7
2024-11-18,A,Normal,E-wallet,399.59
2024-03-05,A,Normal,Credit Card,249.59
2024-07-31,B,Normal,Credit Card,467.68
2024-02-18,B,Normal,Credit Card,332.96
2024-09-18,B,Member,Credit Card,322.31
2024-12-03,A,Normal,Cash,208.71
2025-01-22,A,Normal,Credit Card,106.65
2024-06-24,B,Normal,E-wallet,344.1
2024-10-13,B,Normal,Credit Card,457.16
2024-04-20,B,Member,Credit Card,337.35
2024-11-04,B,Normal,Credit Card,43.06
2024-03-04,A,Member,E-wallet,284.59
2024-07-26,B,Member,E-wallet,185.0
2024-11-06,A,Member,E-wallet,188.17
2024-08-12,A,Normal,Cash,33.8
2024-05-17,B,Member,E-wallet,238.16
2024-09-08,B,Member,Cash,365.64
2024-06-04,A,Member,Credit Card,260.19
2024-05-02,B,Member,E-wallet,332.6
2024-09-29,A,Normal,Credit Card,419.29
2024-12-04,A,Member,E-wallet,232.31
2025-01-04,B,Normal,Cash,210.69
2024-08-13,B,Normal,Credit Card,248.7
2024-12-01,A,Normal,Cash,352.51
2024-04-12,A,Member,E-wallet,434.67
2024-05-29,A,Normal,Cash,208.94
2024-07-08,B,Normal,Credit Card,47.92
2024-07-11,A,Normal,Cash,123.09
2024-08-15,B,Member,Credit Card,303.69
2024-02-12,A,Member,E-wallet,92.22
2024-07-08,A,Member,E-wallet,63.39
2024-05-15,B,Normal,E-wallet,30.51
2024-03-13,B,Member,Cash,119.64
2024-07-26,A,Normal,Credit Card,312.28
2024-07-25,B,Member,Cash,70.22
2024-07-28,B,Member,Credit Card,231.53
2024-07-06,B,Member,Credit Card,93.33
2024-07-23,B,Normal,E-wallet,14.07
2024-05-28,B,Member,Cash,233.1
2024-05-08,A,Member,Credit Card,489.46
2024-04-22,B,Normal,Cash,117.37
2024-03-06,B,Member,E-wallet,169.78
2024-10-01,A,Normal,Credit Card,354.49
2024-04-11,B,Normal,Credit Card,133.53
2025-01-21,B,Member,E-wallet,372.29
2025-01-29,B,Member,Credit Card,263.03
2024-07-07,A,Member,Credit Card,134.1
2024-09-04,B,Member,Credit Card,12.93
2024-11-13,B,Member,Credit Card,36.1
2024-12-05,A,Member,E-wallet,315.4
2024-04-16,A,Normal,E-wallet,390.24
2024-08-02,B,Normal,E-wallet,373.97
2024-08-24,A,Normal,Credit Card,389.09
2024-06-20,A,Member,E-wallet,400.99
2024-02-23,B,Member,Credit Card,306.42
2024-07-28,A,Normal,Cash,37.8
2024-08-24,A,Member,Credit Card,140.54
2025-01-16,A,Normal,E-wallet,371.65
2024-06-11,A,Normal,Credit Card,125.19
2024-07-22,B,Member,Cash,155.66
2024-05-05,A,Member,E-wallet,75.51
2024-03-04,A,Member,E-wallet,61.45
2024-06-08,B,Normal,Credit Card,289.75
2025-02-06,A,Normal,Credit Card,414.8
2024-05-13,A,Member,Credit Card,436.98
2024-07-26,B,Normal,E-wallet,371.56
2024-05-27,A,Member,E-wallet,182.09
2024-05-27,B,Normal,Cash,172.81
2024-06-04,B,Normal,Credit Card,163.7
2024-10-03,B,Normal,Credit Card,124.35
2024-05-24,A,Normal,E-wallet,457.96
2024-09-28,B,Member,Credit Card,123.97
2024-08-15,B,Normal,Cash,402.38
2024-04-30,B,Normal,E-wallet,403.2
2025-01-31,B,Normal,Credit Card,317.57
2024-07-20,A,Normal,Credit Card,148.02
2024-07-23,A,Member,Cash,227.76
2025-01-24,B,Member,Cash,88.1
2024-03-10,A,Normal,Credit Card,443.02
2024-09-15,A,Member,Credit Card,41.86
2024-12-09,B,Member,E-wallet,140.22
2024-07-29,A,Member,Credit Card,355.19
2024-11-01,A,Normal,Credit Card,120.99
2024-04-23,A,Member,Credit Card,141.45
2024-05-23,A,Normal,Cash,233.14
2024-05-20,A,Normal,E-wallet,378.13
2024-03-09,A,Normal,E-wallet,143.39
2025-01-29,A,Member,Cash,471.3
2024-02-26,B,Member,Cash,263.69
2024-08-25,B,Member,Cash,346.76
2024-08-01,B,Member,Cash,199.24
2024-09-06,A,Member,Cash,41.54
2024-08-13,B,Normal,Cash,78.23
2024-11-05,B,Member,E-wallet,461.52
2024-05-24,B,Normal,Cash,485.44
2024-12-05,A,Member,Cash,95.01
2024-02-25,A,Normal,Credit Card,227.53
2024-08-05,A,Member,Credit Card,487.82
2024-05-14,A,Member,E-wallet,196.57
2024-02-25,B,Member,Credit Card,484.0
2024-04-11,A,Normal,Credit Card,310.84
2024-08-24,B,Normal,Credit Card,209.72
2024-08-08,A,Normal,Cash,402.32
2025-01-04,B,Normal,Credit Card,65.74
2024-07-31,A,Normal,Credit Card,195.95
2025-02-11,B,Normal,E-wallet,224.92
2024-09-28,B,Member,Cash,446.38
2024-08-04,A,Member,Credit Card,198.27
2024-03-28,A,Member,Credit Card,155.62
2024-12-01,A,Normal,E-wallet,115.96
2024-07-23,B,Normal,E-wallet,431.07
2024-06-05,B,Normal,E-wallet,259.82
2024-09-24,B,Normal,Credit Card,397.34
2024-06-14,B,Normal,Credit Card,241.83
2024-10-13,B,Member,Cash,454.27
2024-07-12,A,Normal,E-wallet,222.11
2024-11-23,A,Member,Cash,258.55
2024-12-05,A,Normal,Cash,63.91
2024-06-18,A,Normal,Credit Card,410.2
2024-11-30,A,Member,Credit Card,464.83
2025-01-03,A,Member,E-wallet,420.19
2024-05-23,A,Normal,E-wallet,463.8
2024-08-08,B,Normal,Cash,95.05
2024-09-06,A,Normal,E-wallet,216.53
2024-06-22,A,Member,Cash,190.81
2024-06-16,B,Normal,Credit Card,495.41
2025-01-18,B,Member,Credit Card,212.05
2024-03-21,B,Normal,E-wallet,416.19
2025-01-30,A,Normal,E-wallet,375.26
2024-04-26,A,Member,Cash,458.67
2024-03-30,A,Member,Cash,194.59
2024-03-12,B,Normal,Cash,204.22
2024-07-22,A,Normal,Credit Card,329.56
2025-02-03,A,Normal,Credit Card,341.21
2025-02-07,B,Normal,E-wallet,311.2
2024-07-29,A,Member,E-wallet,400.97
2024-07-16,B,Member,Cash,184.72
2024-06-27,A,Normal,Cash,249.83
2024-07-16,A,Member,E-wallet,281.72
2024-06-09,B,Member,Cash,391.81
2024-12-15,B,Normal,Cash,242.31
2024-12-30,A,Member,E-wallet,485.84
2024-08-01,A,Member,Cash,360.71
2024-08-05,A,Member,Cash,251.4
2024-07-13,A,Member,Credit Card,347.69
2024-03-14,B,Member,Cash,305.22
2024-04-04,B,Member,E-wallet,483.42
2024-08-26,B,Normal,Cash,478.77
2024-06-04,A,Normal,Cash,22.23
2024-07-05,B,Member,E-wallet,234.68
2024-05-26,A,Normal,E-wallet,406.95
2024-04-05,B,Normal,Cash,423.77
2025-02-10,A,Member,Cash,400.0
2024-10-03,A,Normal,E-wallet,380.21
2024-08-16,B,Member,Credit Card,395.63
2024-06-18,B,Member,E-wallet,242.46
2024-04-05,B,Member,Credit Card,327.39
2024-05-07,A,Normal,E-wallet,38.09
2024-02-15,A,Member,Cash,218.98
2024-03-19,B,Member,Cash,238.42
2024-11-04,B,Member,Cash,218.45
2024-10-08,A,Normal,E-wallet,471.24
2024-07-22,B,Member,Credit Card,14.34
2024-12-03,B,Member,Credit Card,112.49
2024-09-21,B,Member,E-wallet,111.22
2025-01-06,A,Normal,Credit Card,341.18
2024-05-29,A,Normal,E-wallet,199.4
2024-11-08,B,Member,Credit Card,165.52
2024-10-01,A,Member,Cash,148.17
2024-06-10,B,Normal,Credit Card,195.7
2024-12-10,B,Member,E-wallet,325.53
2024-12-24,A,Normal,E-wallet,61.67
2024-08-17,A,Member,Cash,356.0
2024-09-06,A,Member,Cash,105.95
2024-02-27,A,Member,Credit Card,154.08
2024-02-24,A,Member,Cash,395.71
2024-03-07,B,Normal,E-wallet,28.18
2024-10-29,A,Normal,Cash,108.15
2024-10-21,B,Normal,Credit Card,70.04
2024-04-09,A,Normal,Credit Card,135.86
2024-08-08,A,Normal,Cash,236.43
2024-06-24,B,Member,E-wallet,56.82
2024-05-11,A,Member,Cash,319.03
2024-08-12,A,Member,Credit Card,89.35
2024-04-04,A,Member,E-wallet,51.67
2024-11-04,B,Normal,Cash,410.69
2024-11-01,A,Member,E-wallet,276.93
2024-10-15,A,Normal,E-wallet,366.6
2024-07-20,B,Normal,Cash,355.05
2024-07-30,B,Member,E-wallet,413.65
2024-05-30,A,Member,E-wallet,479.04
2024-04-02,A,Normal,Cash,210.63
2024-04-06,A,Member,E-wallet,371.52
2024-03-08,B,Member,Cash,162.63
2024-09-15,A,Normal,Credit Card,319.93
2024-11-21,B,Member,Credit Card,251.94
2024-09-26,B,Normal,Cash,35.61
2024-04-11,B,Member,Cash,483.62
2024-12-20,B,Normal,Cash,36.38
2024-03-24,B,Normal,E-wallet,304.69
2024-02-13,A,Member,Cash,391.23
2024-05-09,A,Member,Credit Card,336.82
2024-05-01,A,Normal,Credit Card,121.32
2024-11-26,A,Normal,Credit Card,452.18
2024-08-16,A,Normal,Credit Card,475.12
2024-07-07,A,Member,Cash,85.13
2024-09-17,B,Member,Cash,236.9
2024-10-16,A,Normal,Cash,281.54
2024-06-30,B,Normal,E-wallet,457.65
2024-04-19,A,Normal,Cash,31.54
2024-08-03,B,Normal,Credit Card,147.06
2024-04-26,A,Member,E-wallet,268.29
2024-07-01,A,Normal,E-wallet,433.12
2024-10-28,B,Normal,Credit Card,136.44
2024-06-28,A,Member,Credit Card,268.41
2024-12-24,B,Member,Credit Card,268.91
2024-10-03,B,Normal,E-wallet,359.17
2024-03-13,B,Normal,Credit Card,92.63
2024-10-11,B,Normal,Credit Card,131.36
2024-06-16,B,Normal,Credit Card,246.32
2024-05-20,A,Member,Credit Card,181.11
2025-02-05,A,Normal,Cash,235.15
2024-12-09,A,Normal,Credit Card,122.28
2024-05-28,B,Normal,E-wallet,323.6
2024-05-08,A,Member,E-wallet,73.24
2024-04-10,A,Normal,Credit Card,258.18
2024-06-09,A,Normal,Cash,164.54
2024-04-02,B,Member,Cash,211.92
2024-12-26,A,Normal,Credit Card,400.76
2024-07-27,A,Normal,E-wallet,348.73
2024-09-19,B,Normal,E-wallet,401.7
2024-06-02,B,Normal,E-wallet,95.33
2024-10-13,A,Member,Cash,348.83
2024-10-25,B,Member,Cash,252.72
2025-01-23,A,Member,Credit Card,268.21
2024-09-15,A,Normal,Cash,367.52
2024-10-21,B,Normal,Credit Card,33.12
2024-03-18,B,Normal,E-wallet,135.33
2025-01-16,A,Normal,Credit Card,372.26
2024-10-13,A,Member,Credit Card,434.48
2024-06-04,A,Member,Credit Card,315.39
2024-11-12,A,Member,Credit Card,226.19
2024-02-19,B,Member,Cash,484.92
2025-01-21,A,Normal,E-wallet,209.14
2024-04-19,A,Normal,Credit Card,199.03
2024-03-29,A,Normal,Credit Card,21.83
2024-05-06,B,Member,Credit Card,157.32
2025-02-07,A,Normal,Cash,308.78
2024-04-17,B,Normal,Credit Card,282.13
2024-10-07,A,Normal,Credit Card,143.66
2025-01-15,A,Member,Credit Card,332.14
2024-06-01,A,Normal,E-wallet,238.42
2024-03-29,A,Normal,Credit Card,63.69
2024-07-15,B,Normal,Cash,319.06
2024-10-12,A,Member,Credit Card,374.44
2024-05-07,B,Normal,Cash,77.63
2024-05-26,B,Normal,E-wallet,314.35
2024-04-13,B,Normal,Cash,160.29
2024-06-30,A,Normal,E-wallet,404.56
2024-10-15,A,Member,Credit Card,493.01
2024-07-25,B,Member,E-wallet,430.5
2024-05-02,A,Normal,E-wallet,255.92
2024-02-23,B,Normal,Cash,453.55
2024-08-22,A,Normal,Cash,108.68
2024-12-28,B,Member,Credit Card,357.11
2024-07-28,B,Normal,E-wallet,304.22
2024-04-20,B,Normal,E-wallet,375.59
2024-10-04,A,Normal,Credit Card,21.67
2024-11-02,A,Member,Cash,484.23
2024-07-09,A,Normal,Cash,277.3
2024-07-01,B,Normal,Cash,493.22
2024-10-27,B,Normal,Credit Card,411.89
2024-09-16,A,Normal,Credit Card,168.58
2024-08-06,B,Normal,Cash,54.9
2025-02-11,B,Member,Cash,337.17
2024-05-09,B,Normal,Cash,309.86
2024-06-06,A,Member,E-wallet,191.84
2024-10-06,A,Member,Credit Card,109.49
2025-02-10,B,Normal,Credit Card,121.61
2024-08-28,B,Normal,Credit Card,177.47
2024-04-30,B,Normal,Cash,272.55
2024-03-19,B,Member,Cash,418.92
2024-10-07,A,Member,Credit Card,259.41
2024-09-14,B,Member,Credit Card,345.56
2024-04-30,A,Normal,E-wallet,83.81
2024-04-23,B,Member,E-wallet,263.67
2024-10-10,A,Member,Cash,381.34
2025-01-25,A,Normal,Cash,293.69
2024-12-11,A,Normal,E-wallet,105.27
2024-08-09,A,Normal,E-wallet,441.78
2024-07-31,A,Normal,Credit Card,254.89
2024-03-21,A,Member,Credit Card,158.33
2024-09-12,B,Member,E-wallet,274.25
2024-08-10,B,Member,E-wallet,77.02
2024-10-07,B,Member,Credit Card,351.83
2024-07-18,A,Normal,Cash,162.83
2024-06-16,A,Normal,E-wallet,356.75
2024-05-13,A,Normal,Credit Card,27.74
2024-09-23,B,Member,E-wallet,145.6
2025-01-16,B,Normal,Cash,373.54
2024-08-01,A,Normal,Credit Card,443.09
2024-05-25,A,Normal,Credit Card,336.35
2024-10-26,B,Member,Cash,258.55
2024-12-04,A,Normal,Cash,193.59
2024-11-23,B,Normal,Credit Card,456.05
2024-04-17,A,Member,E-wallet,207.62
2024-03-17,B,Member,E-wallet,203.67
2024-10-26,A,Member,Cash,19.75
2024-04-27,B,Member,Credit Card,60.87
2024-10-09,B,Normal,Credit Card,235.57
2024-10-22,B,Normal,E-wallet,195.88
2024-03-12,B,Normal,Cash,435.96
2025-01-21,A,Normal,E-wallet,239.77
2024-07-11,B,Member,E-wallet,312.0
2024-12-20,B,Normal,Cash,310.26
2024-03-30,A,Member,Cash,356.93
2024-03-29,A,Normal,Cash,350.32
2024-11-24,A,Member,Cash,432.55
2024-12-04,A,Member,E-wallet,238.0
2024-08-18,B,Normal,E-wallet,260.13
2024-12-04,B,Member,E-wallet,43.17
2024-12-24,A,Normal,Credit Card,18.66
2024-08-02,B,Normal,Cash,481.2
2024-11-27,A,Normal,Cash,201.81
2024-07-11,A,Member,Credit Card,125.01
2024-03-12,B,Normal,E-wallet,12.5
2024-05-13,A,Normal,Cash,273.5
2024-08-15,A,Normal,Credit Card,450.1
2024-07-10,B,Member,Credit Card,298.25
2024-08-31,B,Member,E-wallet,310.28
2024-07-17,A,Member,Cash,214.6
2024-05-28,B,Normal,E-wallet,121.56
2024-06-17,A,Normal,E-wallet,96.64
2024-05-16,A,Normal,Credit Card,289.08
2024-12-07,A,Normal,E-wallet,227.73
2025-02-01,A,Normal,Cash,56.72
2024-11-07,A,Normal,E-wallet,417.54
2024-10-11,A,Member,E-wallet,128.53
2025-01-26,A,Member,Cash,118.58
2024-07-04,A,Normal,Credit Card,487.58
2024-12-11,A,Member,Cash,236.56
2024-07-18,A,Normal,Credit Card,57.17
2025-01-25,B,Member,Cash,137.42
2024-03-25,A,Normal,Credit Card,25.85
2024-10-07,A,Member,Cash,367.58
2024-06-03,A,Member,Cash,210.4
2024-11-14,B,Normal,Credit Card,137.19
2024-11-28,B,Member,Credit Card,377.36
2024-06-23,A,Member,Cash,287.93
2024-08-03,A,Normal,E-wallet,253.98
2025-01-27,B,Member,Cash,224.17
2024-07-28,B,Normal,E-wallet,62.74
2024-11-28,A,Member,Credit Card,246.02
2024-03-16,B,Normal,Credit Card,228.43
2024-04-24,A,Normal,E-wallet,52.4
2024-07-15,B,Member,Cash,217.63
2024-03-30,A,Normal,Cash,465.08
2024-11-25,B,Member,E-wallet,37.25
2024-10-17,A,Member,Cash,262.06
2024-04-17,B,Normal,E-wallet,58.16
2024-07-30,A,Member,E-wallet,421.23
2024-07-06,A,Member,Credit Card,410.72
2024-07-18,A,Member,Cash,317.24
2024-10-23,A,Normal,Credit Card,35.31
2024-09-25,A,Normal,E-wallet,154.96
2024-02-17,B,Normal,Cash,30.25
2024-05-07,A,Member,E-wallet,47.02
2025-01-08,A,Member,Credit Card,480.62
2024-04-10,A,Member,Credit Card,193.97
2024-12-04,B,Member,Credit Card,238.69
2024-05-28,A,Normal,Cash,256.23
2025-01-04,A,Normal,E-wallet,152.52
2024-10-27,B,Normal,Credit Card,278.57
2024-09-09,B,Normal,Cash,170.38
2025-01-09,A,Normal,E-wallet,445.13
2025-01-13,A,Member,Credit Card,422.65
2024-06-05,B,Member,Credit Card,462.91
2024-11-24,B,Normal,Credit Card,419.48
2024-09-11,A,Member,Cash,169.84
2024-06-01,B,Member,Cash,234.76
2024-08-03,B,Member,Cash,451.6
2024-06-10,B,Normal,Cash,382.6
2025-01-26,B,Normal,E-wallet,300.66
2024-05-24,B,Normal,E-wallet,75.89
2025-01-12,A,Member,E-wallet,217.73
2024-06-19,B,Normal,Cash,164.56
2024-12-07,A,Member,Cash,129.78
2024-03-22,B,Normal,E-wallet,321.62
2024-09-17,A,Normal,E-wallet,118.57
2024-12-22,B,Member,Cash,191.75
2024-04-05,B,Normal,Cash,164.73
2024-11-03,B,Normal,Credit Card,408.14
2025-02-06,B,Member,Credit Card,27.79
2024-11-13,A,Member,E-wallet,362.69
2024-06-01,B,Member,Cash,122.05
2024-12-18,A,Member,Cash,100.2
2024-08-06,A,Member,E-wallet,140.83
2024-09-20,B,Member,E-wallet,273.44
2024-06-11,A,Member,Credit Card,313.26
2024-04-16,B,Member,Credit Card,108.22
2025-01-11,B,Normal,Credit Card,452.4
2024-11-01,B,Member,Cash,332.01
2024-10-09,B,Normal,Cash,215.59
2024-08-23,B,Member,E-wallet,496.35
2025-01-17,A,Normal,E-wallet,100.38
2024-12-31,B,Normal,E-wallet,107.24
2025-01-12,B,Member,Cash,149.59
2024-11-27,A,Normal,Credit Card,420.41
2024-12-11,B,Member,Credit Card,93.28
2024-08-06,A,Member,Credit Card,20.13
2024-03-19,A,Normal,Cash,319.05
2024-12-25,B,Member,Credit Card,420.64
2024-02-26,A,Normal,E-wallet,263.11
2024-03-09,A,Normal,E-wallet,64.6
2024-06-22,A,Member,Cash,145.67
2024-04-08,A,Normal,Credit Card,169.26
2024-06-16,B,Member,Credit Card,340.48
2025-01-10,A,Member,Credit Card,292.87
2024-05-10,B,Normal,Credit Card,386.36
2024-02-18,B,Normal,Credit Card,496.33
2024-06-23,A,Member,Credit Card,497.8
2024-05-19,B,Normal,E-wallet,42.35
2024-08-20,B,Normal,E-wallet,52.67
2024-06-01,B,Normal,Cash,350.23
2024-12-19,B,Normal,E-wallet,15.87
2024-11-27,B,Member,E-wallet,420.17
2024-06-10,B,Normal,Credit Card,95.39
2024-06-15,A,Member,E-wallet,158.05
2024-11-27,A,Normal,Cash,139.12
2024-09-15,B,Member,Credit Card,39.22
2024-06-14,A,Normal,E-wallet,310.96
2025-01-23,B,Normal,Credit Card,194.21
2024-05-12,A,Normal,E-wallet,186.19
2024-08-26,A,Normal,E-wallet,110.07
2025-01-11,A,Member,Cash,49.93
2024-10-24,A,Normal,Cash,65.29
2024-10-20,A,Normal,Cash,467.64
2024-12-12,A,Member,E-wallet,328.78
2024-05-18,B,Member,E-wallet,163.26
2024-02-12,A,Member,Cash,220.39
2024-02-28,B,Member,E-wallet,301.12
2024-05-12,A,Member,Cash,61.01
2024-08-14,A,Normal,Cash,225.05
2024-04-28,B,Member,E-wallet,224.88
2024-06-28,B,Member,E-wallet,433.87
2024-04-28,A,Normal,Credit Card,270.95
2024-09-19,B,Normal,E-wallet,469.28
2024-06-14,B,Normal,Credit Card,154.83
2025-01-20,A,Normal,Cash,327.22
2024-03-21,B,Normal,Cash,43.87
2025-01-27,B,Member,E-wallet,406.05
2024-09-20,A,Member,Cash,168.78
2024-11-14,B,Member,Cash,428.54
2024-02-15,A,Member,Credit Card,469.37
2024-09-19,A,Member,Cash,340.67
2024-10-16,A,Member,Credit Card,477.84
2024-06-09,B,Normal,Cash,485.96
2025-01-07,A,Normal,Credit Card,292.49
2024-05-17,A,Normal,Credit Card,346.7
2024-05-25,A,Member,E-wallet,263.14
2024-08-22,B,Member,Cash,393.82
2025-01-05,A,Member,Credit Card,446.86
2024-11-24,B,Normal,Cash,232.92
2024-03-22,A,Normal,Credit Card,13.97
2025-01-03,B,Member,Credit Card,222.4
2024-08-05,B,Normal,E-wallet,385.81
2024-03-30,A,Normal,Credit Card,32.05
2024-04-26,B,Member,Credit Card,62.26
2024-03-17,A,Member,E-wallet,421.12
2024-03-28,B,Normal,Cash,67.36
2024-05-11,A,Member,Credit Card,78.09
2024-08-17,A,Member,Cash,56.83
2024-11-24,B,Member,Cash,85.12
2025-01-03,A,Normal,E-wallet,470.32
2024-09-11,B,Member,Cash,271.95
2024-12-24,A,Normal,E-wallet,244.83
2024-06-22,A,Normal,Cash,122.98
2024-04-04,B,Normal,Credit Card,445.82
2024-10-13,B,Normal,Credit Card,180.02
2024-08-06,B,Normal,E-wallet,359.26
2024-09-18,B,Normal,Cash,201.48
2024-07-02,A,Member,Credit Card,231.72
2025-01-16,B,Normal,Cash,346.02
2024-12-09,B,Member,Credit Card,319.4
2024-10-18,B,Member,Credit Card,391.3
2024-06-17,B,Normal,Cash,303.38
2024-12-03,A,Member,Cash,381.17
2024-05-21,B,Normal,Cash,301.67
2025-02-05,A,Normal,Credit Card,166.03
2024-04-02,B,Normal,E-wallet,384.2
2024-10-08,B,Normal,Cash,369.02
2024-07-08,A,Normal,Credit Card,308.4
2024-05-25,A,Member,E-wallet,17.04
2024-07-05,A,Member,Cash,238.47
2025-01-08,B,Member,E-wallet,320.76
2024-08-07,B,Normal,Cash,315.36
2025-02-02,A,Normal,E-wallet,348.95
2024-09-05,B,Normal,E-wallet,328.47
2024-06-02,A,Normal,E-wallet,135.05
2024-08-30,B,Member,E-wallet,246.38
2024-08-25,A,Member,E-wallet,32.0
2024-10-29,A,Normal,Cash,105.0
2024-04-24,B,Member,E-wallet,306.94
2024-12-19,A,Member,E-wallet,83.5
2024-08-25,B,Normal,Cash,284.55
2024-03-22,A,Member,E-wallet,444.43
2024-11-14,A,Normal,Cash,442.07
2024-07-29,B,Normal,Credit Card,237.47
2024-04-12,A,Member,E-wallet,164.16
2024-06-26,B,Normal,Credit Card,252.81
2024-11-30,A,Member,E-wallet,258.54
2024-08-23,B,Normal,Cash,487.78
2024-02-23,B,Normal,Credit Card,464.11
2024-07-31,B,Normal,Cash,370.18
2024-04-11,A,Normal,Cash,61.85
2024-12-24,B,Normal,Credit Card,271.67
2024-08-21,B,Normal,E-wallet,473.57
2024-03-01,A,Member,Cash,166.24
2024-08-04,B,Member,E-wallet,324.72
2024-12-19,B,Member,Cash,33.94
2024-08-21,A,Member,E-wallet,423.01
2024-12-09,A,Normal,E-wallet,450.09
2025-01-05,A,Member,Credit Card,255.32
2024-06-12,A,Member,Credit Card,145.54
2024-04-05,B,Normal,Credit Card,389.45
2024-09-14,A,Normal,Credit Card,195.67
2024-12-20,A,Normal,Credit Card,94.55
2024-12-04,A,Normal,Credit Card,466.8
2024-12-28,B,Member,E-wallet,445.78
2024-07-12,A,Normal,Cash,69.9
2024-10-09,A,Member,Credit Card,283.98
2024-11-15,B,Normal,E-wallet,335.79
2024-09-06,A,Member,E-wallet,425.75
2024-04-27,B,Normal,E-wallet,440.44
2024-09-24,B,Member,E-wallet,266.56
2024-10-27,B,Member,Credit Card,115.87
2024-05-04,B,Normal,Credit Card,103.75
2024-07-28,A,Normal,Credit Card,452.54
2025-01-25,B,Normal,Credit Card,438.43
2024-09-26,A,Member,Cash,188.66
2025-01-17,B,Normal,Credit Card,289.6
2024-02-23,A,Normal,E-wallet,63.93
2024-05-03,A,Member,Credit Card,182.02
2024-03-11,B,Member,Cash,457.24
2024-08-22,B,Member,Credit Card,97.64
2025-02-06,A,Normal,E-wallet,233.47
2024-08-24,A,Normal,Credit Card,52.56
2024-12-03,B,Normal,Credit Card,361.16
2024-10-04,A,Member,Credit Card,86.21
2024-03-24,B,Member,E-wallet,370.49
2024-08-20,A,Normal,Credit Card,445.78
2024-12-06,B,Normal,Cash,221.43
2024-04-05,B,Normal,E-wallet,310.84
2024-12-14,B,Member,Credit Card,479.34
2024-06-13,B,Member,Cash,325.44
2024-04-30,A,Member,E-wallet,264.74
2024-12-15,B,Member,Credit Card,128.64
2024-04-30,B,Member,Credit Card,162.33
2024-07-21,A,Member,E-wallet,248.15
2024-11-21,B,Normal,E-wallet,151.07
2024-07-05,B,Member,E-wallet,247.48
2025-01-18,A,Normal,Credit Card,59.35
2024-10-18,B,Normal,Cash,381.9
2024-06-05,B,Normal,Cash,376.09
2025-01-22,B,Member,Cash,359.74
2024-04-30,A,Normal,E-wallet,35.32
2024-05-06,B,Normal,Credit Card,192.86
2024-04-03,A,Member,Credit Card,115.0
2024-09-13,B,Normal,E-wallet,324.64
2024-06-08,B,Member,Credit Card,159.5
2024-12-09,A,Normal,Credit Card,225.65
2024-09-10,A,Member,Credit Card,57.9
2024-02-27,B,Normal,Cash,449.42
2024-05-17,A,Normal,Cash,98.37
2025-01-30,B,Member,Cash,146.46
2024-12-17,A,Member,E-wallet,342.57
2024-09-16,A,Normal,E-wallet,82.77
2024-02-14,B,Member,Credit Card,372.12
2025-01-11,B,Normal,Credit Card,283.23
2024-09-02,B,Member,Credit Card,167.62
2024-04-16,A,Normal,E-wallet,381.71
2024-05-17,B,Member,Cash,349.52
2024-08-14,B,Member,Cash,284.43
2024-12-31,A,Normal,Cash,392.07
2024-10-29,A,Normal,E-wallet,387.83
2024-09-23,B,Member,E-wallet,53.48
2024-10-04,A,Member,Credit Card,20.32
2024-03-26,A,Member,Credit Card,102.22
2024-09-11,B,Normal,Credit Card,79.91
2024-03-09,B,Member,E-wallet,69.9
2024-04-25,B,Member,Cash,83.74
2024-03-02,B,Member,E-wallet,353.8
2024-09-22,A,Normal,Cash,381.41
2024-07-19,B,Normal,Cash,454.33
2024-10-27,B,Member,E-wallet,46.49
2024-07-07,A,Member,E-wallet,132.4
2024-10-16,B,Normal,Credit Card,124.56
2024-11-09,B,Member,E-wallet,55.61
2024-08-09,A,Normal,Credit Card,313.68
2025-01-22,B,Normal,Credit Card,351.65
2024-08-01,A,Normal,Credit Card,204.9
2024-08-08,A,Member,Cash,308.47
2024-02-21,A,Member,Cash,95.94
2024-09-07,A,Member,E-wallet,20.11
2024-10-06,B,Normal,Credit Card,340.52
2024-05-10,B,Member,E-wallet,17.02
2024-03-03,B,Member,Cash,156.8
2024-05-07,A,Normal,Cash,19.99
2024-03-13,A,Member,Cash,160.92
2024-04-02,A,Member,Cash,321.81
2024-10-05,A,Normal,E-wallet,49.35
2024-12-25,B,Normal,E-wallet,40.04
2024-12-27,A,Normal,Cash,215.48
2024-06-21,A,Member,Cash,55.8
2024-02-12,A,Member,Cash,48.78
2024-05-28,A,Normal,Credit Card,492.15
2024-08-19,B,Member,E-wallet,328.49
2024-09-25,A,Normal,Credit Card,214.22
2024-03-20,B,Normal,E-wallet,259.52
2025-02-01,A,Normal,Credit Card,293.04
2024-11-14,A,Normal,Credit Card,50.87
2024-05-28,A,Normal,Cash,147.63
2024-05-08,B,Member,Cash,306.55
2024-03-26,A,Normal,E-wallet,417.84
2024-03-05,B,Normal,E-wallet,354.85
2024-08-02,B,Member,Credit Card,97.16
2024-05-22,B,Normal,Cash,40.96
2024-03-21,A,Member,Cash,368.05
2024-06-03,B,Member,Credit Card,111.13
2024-07-04,B,Member,Credit Card,302.28
2024-03-10,B,Normal,Cash,470.47
2024-09-22,A,Normal,E-wallet,48.51
2024-05-29,A,Member,Credit Card,10.9
2024-09-19,A,Normal,Cash,257.63
2024-11-05,B,Member,Credit Card,387.56
2024-02-21,B,Normal,Cash,367.31
2024-06-06,B,Member,Credit Card,338.21
2024-07-03,B,Member,E-wallet,61.01
2024-12-13,B,Normal,Cash,153.14
2024-10-23,A,Member,E-wallet,145.71
2024-05-21,A,Normal,Credit Card,465.32
2024-03-05,B,Normal,Credit Card,410.51
2024-07-22,B,Normal,Cash,166.42
2024-02-28,A,Member,Credit Card,289.57
2024-12-15,B,Member,E-wallet,18.26
2024-10-17,A,Member,E-wallet,226.89
2024-09-29,A,Normal,Credit Card,336.71
2024-03-12,A,Normal,E-wallet,103.18
2024-03-29,A,Normal,Cash,407.41
2024-04-25,A,Normal,E-wallet,83.0
2024-04-16,A,Normal,Cash,185.95
2024-03-26,B,Member,Credit Card,151.7
2024-09-12,B,Member,Cash,311.57
2024-05-09,A,Normal,E-wallet,33.88
2024-05-11,B,Member,Credit Card,339.89
2024-11-24,B,Member,Credit Card,394.43
2024-09-17,B,Normal,E-wallet,363.66
2024-12-29,A,Normal,Credit Card,258.22
2024-10-16,B,Member,E-wallet,481.93
2024-04-11,B,Normal,E-wallet,450.05
2024-07-07,A,Normal,Cash,438.41
2024-03-20,B,Member,Credit Card,164.4
2024-03-23,A,Normal,Credit Card,40.87
2024-10-19,A,Normal,Cash,271.06
2024-10-01,A,Normal,E-wallet,417.02
2024-02-14,A,Normal,Cash,359.09
2024-09-12,B,Member,E-wallet,463.27
2025-01-14,B,Normal,Credit Card,108.73
2024-05-16,B,Normal,Cash,242.59
2024-08-30,B,Member,Credit Card,225.55
2024-06-07,B,Normal,Cash,126.69
2024-03-30,A,Member,E-wallet,489.92
2025-02-10,B,Member,E-wallet,493.3
2024-09-03,A,Normal,Credit Card,412.97
2025-01-31,B,Normal,Credit Card,184.65
2024-11-28,B,Member,E-wallet,259.74
2024-09-15,B,Member,Credit Card,379.15
2025-02-06,B,Member,Cash,37.13
2024-10-18,B,Normal,Cash,495.31
2024-06-07,A,Normal,Credit Card,37.81
2024-05-15,B,Normal,Cash,84.37
2024-06-26,B,Normal,E-wallet,154.16
2024-09-26,A,Member,Credit Card,293.79
2024-05-30,B,Normal,E-wallet,446.47
2024-07-22,A,Member,Credit Card,262.42
2025-01-16,B,Normal,Cash,456.28
2024-07-24,B,Member,E-wallet,109.57
2024-06-19,B,Normal,Credit Card,469.82
2024-10-03,A,Normal,Cash,95.57
2024-03-12,B,Member,Credit Card,334.2
2025-01-25,A,Member,Credit Card,268.32
2024-05-19,A,Member,Cash,319.89
2024-04-01,B,Member,Credit Card,453.68
2024-06-19,A,Member,E-wallet,195.73
2025-01-12,A,Member,E-wallet,347.21
2025-02-06,B,Member,E-wallet,462.85
2024-08-29,B,Normal,Credit Card,430.28
2024-04-22,A,Member,Cash,293.37
2024-04-03,A,Member,E-wallet,418.29
2024-08-18,B,Normal,E-wallet,37.72
2024-07-31,A,Member,Cash,30.0
2024-12-26,B,Normal,Credit Card,192.8
2024-02-14,A,Normal,Credit Card,311.73
2025-02-02,B,Normal,E-wallet,467.53
2025-01-18,B,Normal,E-wallet,51.65
2024-10-10,A,Normal,Cash,170.76
2024-08-25,B,Normal,E-wallet,188.03
2024-10-29,B,Normal,Credit Card,346.7
2024-12-11,A,Normal,E-wallet,403.15
2024-10-22,B,Member,E-wallet,322.12
2024-12-03,B,Normal,Credit Card,100.25
2024-10-11,A,Member,Credit Card,139.59
2024-11-06,A,Normal,E-wallet,365.3
2024-08-30,A,Member,E-wallet,277.75
2024-02-13,A,Member,Credit Card,36.82
2024-11-02,A,Member,E-wallet,246.73
2024-10-20,B,Member,Credit Card,69.63
2025-02-08,A,Normal,Credit Card,299.41
2024-07-05,A,Member,E-wallet,378.27
2024-12-22,A,Normal,Credit Card,392.55
2025-02-04,A,Normal,Cash,156.41
2024-06-16,B,Member,Cash,192.23
2024-08-09,A,Member,Credit Card,80.43
2024-11-22,A,Normal,Cash,311.95
2024-08-14,B,Normal,E-wallet,404.57
2024-05-22,A,Member,Credit Card,105.18
2024-04-15,A,Normal,E-wallet,473.07
2025-01-05,A,Member,Cash,120.4
2024-05-19,A,Member,Credit Card,319.53
2024-08-03,A,Member,E-wallet,168.5
2024-08-29,B,Normal,Credit Card,71.47
2024-12-21,A,Normal,Credit Card,430.54
2024-12-17,B,Member,Cash,266.75
2024-03-07,A,Member,Credit Card,285.8
2024-06-24,B,Normal,Credit Card,366.81
2024-04-04,B,Normal,E-wallet,16.28
2024-03-01,A,Normal,Credit Card,51.78
2024-09-04,B,Normal,E-wallet,465.67
2024-08-09,A,Normal,Credit Card,102.27
2024-11-20,A,Normal,Cash,275.3
2024-10-10,A,Normal,Credit Card,333.24
2024-05-14,A,Member,E-wallet,50.51
2024-10-28,A,Normal,E-wallet,169.09
2025-01-23,A,Normal,E-wallet,347.96
2024-03-25,B,Member,E-wallet,47.25
2024-10-31,A,Normal,Cash,227.87
2024-09-03,A,Member,Credit Card,488.5
2024-04-04,B,Member,E-wallet,420.57
2024-07-22,B,Normal,E-wallet,402.74
2024-06-03,B,Member,Credit Card,65.86
2024-06-04,B,Member,Credit Card,196.35
2024-10-13,A,Member,E-wallet,163.04
2024-08-25,B,Normal,E-wallet,440.39
2024-08-30,B,Normal,Credit Card,259.84
2024-11-14,A,Member,E-wallet,413.96
2024-07-25,A,Normal,Credit Card,48.75
2024-04-15,B,Member,E-wallet,383.56
2024-03-05,B,Member,E-wallet,129.44
2024-08-22,A,Normal,E-wallet,376.04
2024-08-09,A,Member,Cash,15.6
2024-07-24,A,Member,Cash,217.24
2024-06-04,A,Normal,E-wallet,177.33
2024-06-07,A,Normal,E-wallet,209.68
2024-09-01,B,Normal,E-wallet,106.95
2024-08-16,A,Normal,Credit Card,186.28
2024-07-23,A,Normal,Credit Card,290.33
2024-02-16,A,Normal,Cash,108.8
2024-05-15,B,Member,Credit Card,206.24
2024-11-14,B,Member,Cash,71.4
2024-03-14,A,Member,E-wallet,484.18
2024-07-17,A,Normal,E-wallet,300.56
2024-02-23,A,Member,Credit Card,485.28
2025-02-02,A,Normal,Credit Card,199.67
2024-10-19,B,Normal,Credit Card,414.08
2025-01-15,A,Member,E-wallet,112.57
2024-09-26,A,Normal,Credit Card,79.29
2024-12-02,A,Normal,Cash,317.73
2024-07-10,B,Member,Cash,45.46
2024-07-29,B,Normal,E-wallet,497.61
2024-09-12,B,Member,Credit Card,429.4
2024-12-07,A,Normal,Cash,40.83
2024-11-16,A,Member,Credit Card,88.6
2024-05-25,B,Normal,Cash,405.96
2024-05-22,B,Normal,E-wallet,127.57
2024-07-21,B,Normal,E-wallet,438.58
2024-07-28,A,Member,E-wallet,355.38
2024-10-23,B,Member,Cash,96.15
2024-12-15,B,Normal,E-wallet,223.03
2024-07-19,B,Normal,Cash,430.51
2024-05-09,B,Normal,E-wallet,471.18
2024-10-14,B,Normal,E-wallet,166.66
2024-06-30,A,Normal,Credit Card,209.09
2024-02-26,A,Normal,Cash,452.81
2025-01-25,B,Normal,E-wallet,378.8
2024-05-25,B,Normal,Credit Card,427.83
2025-01-04,A,Normal,Cash,456.0
2024-09-04,A,Normal,Cash,206.17
2024-07-22,A,Member,E-wallet,191.55
2024-08-30,A,Normal,Credit Card,289.91
2024-05-13,B,Normal,Credit Card,235.05
2024-11-18,A,Normal,E-wallet,33.57
2024-09-01,B,Member,Cash,247.72
2024-04-01,B,Member,Cash,177.31
2024-09-09,B,Normal,Credit Card,441.58
2024-09-16,B,Member,E-wallet,35.51
2024-09-13,A,Member,E-wallet,208.57
2024-08-15,B,Member,Cash,52.61
2024-08-05,A,Member,Cash,131.14
2024-02-29,B,Member,Cash,211.38
2024-06-07,A,Normal,Cash,364.69
2024-04-16,B,Normal,Cash,70.74
2024-11-13,A,Normal,Credit Card,283.51
2024-06-27,B,Member,E-wallet,392.8
2024-05-07,B,Normal,Credit Card,292.22
2025-02-05,A,Member,E-wallet,346.71
2024-05-13,B,Normal,E-wallet,454.57
2024-08-28,B,Normal,Credit Card,187.08
2024-11-21,A,Normal,E-wallet,397.17
2024-05-27,B,Normal,Cash,172.27
2024-04-30,A,Member,E-wallet,254.43
2024-10-24,B,Member,E-wallet,135.45
2024-12-20,B,Member,Cash,199.54
2024-10-07,A,Member,Cash,20.57
2024-07-30,B,Normal,E-wallet,256.02
2024-02-14,B,Member,E-wallet,184.62
2024-09-07,B,Normal,E-wallet,74.38
2024-09-07,A,Member,Cash,329.43
2024-06-02,B,Normal,E-wallet,140.41
2024-06-21,B,Member,E-wallet,221.63
2024-04-13,B,Member,Cash,80.89
2024-11-22,A,Normal,Cash,150.84
2024-11-22,A,Normal,Credit Card,425.79
2024-09-05,B,Normal,Cash,409.42
2024-03-27,A,Normal,Credit Card,439.3
2024-04-21,A,Normal,Credit Card,155.99
2024-09-15,A,Member,E-wallet,456.44
2025-01-24,A,Member,E-wallet,14.14
2024-06-27,B,Member,Credit Card,298.16
2024-07-18,A,Member,E-wallet,345.18
2024-12-17,A,Normal,Credit Card,75.48
2024-10-20,A,Normal,Credit Card,310.56
2024-11-26,B,Member,Credit Card,261.89
2024-07-29,A,Member,Cash,83.0
2024-04-26,A,Member,Credit Card,207.46
2024-03-08,B,Normal,E-wallet,401.49
2024-07-13,A,Normal,Credit Card,94.17
2024-07-06,A,Normal,Cash,440.7
2024-05-28,A,Normal,Cash,246.86
2024-06-10,A,Normal,Credit Card,174.2
2024-04-14,B,Member,Credit Card,81.02
2024-10-27,A,Member,Cash,270.76
2024-06-23,B,Normal,Credit Card,287.61
2024-12-15,B,Normal,Cash,128.37
2024-06-02,A,Member,Credit Card,34.12
2024-07-10,A,Normal,Credit Card,370.55
2024-08-16,B,Member,Cash,166.07
2024-11-10,A,Member,Credit Card,322.71
2024-09-13,A,Member,Cash,251.76
2024-03-02,A,Member,E-wallet,399.22
2024-03-12,A,Member,Cash,402.25
2024-05-18,B,Member,E-wallet,257.76
2024-09-03,A,Normal,Cash,91.16
2024-05-28,A,Member,Credit Card,424.19
2024-11-07,A,Member,Credit Card,382.82
2024-06-03,A,Member,Credit Card,98.97
2024-12-15,A,Normal,E-wallet,314.95
2024-08-17,A,Member,E-wallet,242.35
2024-10-29,A,Normal,Credit Card,489.21
2024-12-13,A,Normal,E-wallet,498.81
2024-12-24,B,Member,Cash,58.36
2024-08-27,A,Normal,Credit Card,311.59
2024-11-09,B,Normal,Cash,87.86
2024-05-29,A,Normal,Cash,376.09
2024-09-01,B,Member,E-wallet,263.71
2025-01-08,B,Normal,E-wallet,211.23
2024-09-30,B,Normal,Credit Card,451.64
2024-05-11,B,Member,E-wallet,320.68
2024-09-21,A,Member,Cash,158.24
2024-06-09,B,Normal,Credit Card,385.26
2024-08-09,A,Member,Cash,43.14
2025-02-08,B,Normal,Credit Card,153.78
2024-06-10,B,Normal,E-wallet,52.45
2024-09-30,B,Member,E-wallet,257.1
2024-11-28,A,Normal,Cash,373.47
2024-11-25,B,Normal,Cash,300.57
2024-03-28,A,Normal,Credit Card,341.14
2024-12-31,A,Member,E-wallet,308.91
2024-11-06,A,Member,E-wallet,446.78
2024-04-26,A,Member,Credit Card,23.51
2025-02-04,A,Member,Cash,174.32
2024-10-09,A,Member,Cash,432.8
2024-07-16,A,Member,Credit Card,378.37
2024-08-28,B,Normal,Cash,34.53
2024-12-04,A,Member,E-wallet,232.52
2024-07-07,B,Normal,E-wallet,190.75
2024-10-26,A,Normal,Cash,354.91
2024-10-31,A,Member,Credit Card,283.55
2024-05-24,A,Member,E-wallet,296.05
2025-02-10,A,Normal,Credit Card,473.29
2024-07-14,B,Member,E-wallet,23.41
2024-12-11,A,Normal,Cash,87.05
2024-10-05,B,Member,E-wallet,204.22
2024-07-24,A,Member,Cash,29.9
2024-11-30,A,Member,Credit Card,19.7
2024-12-25,A,Normal,Credit Card,451.85
2024-08-22,B,Normal,E-wallet,74.53
2024-12-06,A,Normal,E-wallet,36.45
2024-10-08,A,Normal,Credit Card,321.35
2024-08-15,A,Member,E-wallet,410.87
2024-11-27,B,Member,E-wallet,450.76
2024-03-30,A,Normal,E-wallet,466.25
2024-11-05,B,Normal,Cash,474.21
2024-09-01,B,Member,Cash,149.39
2024-07-13,B,Member,E-wallet,466.79
2025-01-16,B,Normal,Cash,364.7
2024-09-10,B,Normal,Cash,169.36
2024-09-16,A,Normal,Credit Card,438.21
2024-08-01,B,Normal,Credit Card,42.62
2024-11-19,A,Member,E-wallet,106.21
2024-12-07,A,Member,E-wallet,354.91
2024-03-17,A,Member,E-wallet,195.74
2024-11-01,B,Member,Credit Card,350.81
2024-06-07,B,Normal,Cash,62.21
2024-11-12,A,Normal,Credit Card,197.99
2024-05-01,A,Member,Cash,24.29
2024-05-25,A,Normal,E-wallet,92.47
2024-09-26,B,Normal,E-wallet,267.79
2024-04-21,A,Member,Credit Card,215.6
2024-02-27,A,Member,Cash,127.4
2024-11-27,A,Normal,Credit Card,159.23
2024-04-03,B,Member,Cash,123.76
2024-11-01,A,Member,Credit Card,366.4
2024-04-12,A,Member,Cash,154.24
2024-03-06,A,Normal,E-wallet,227.79
2024-04-29,B,Normal,E-wallet,359.52
2024-04-27,B,Normal,Cash,228.52
2024-02-19,B,Normal,E-wallet,33.47
2024-06-30,B,Normal,Credit Card,63.66
2024-04-25,B,Member,E-wallet,477.07
2024-04-27,B,Normal,Credit Card,55.44
2024-03-11,A,Normal,E-wallet,374.22
2024-05-24,A,Member,Cash,49.05
2024-03-28,B,Member,E-wallet,335.02
2024-09-21,A,Member,Credit Card,386.5
2024-12-31,B,Member,Cash,51.38
2024-04-03,A,Member,E-wallet,203.46
2024-07-22,B,Member,Credit Card,169.68
2024-05-04,A,Normal,E-wallet,218.65
2024-04-30,A,Normal,Credit Card,372.62
2024-07-08,A,Member,Cash,341.56
2024-07-28,A,Normal,Cash,117.03
2024-12-31,A,Normal,E-wallet,127.25
2024-08-03,A,Normal,Cash,182.75
2024-05-13,A,Member,E-wallet,121.29
2024-03-02,A,Normal,Cash,305.42
2024-06-07,B,Member,Credit Card,458.29
2024-05-09,B,Normal,E-wallet,259.62
2024-07-01,B,Normal,Cash,129.56
2024-06-22,B,Normal,E-wallet,448.82
2024-02-29,A,Member,Credit Card,248.52
2024-06-03,B,Normal,E-wallet,293.1
2024-06-27,B,Normal,E-wallet,244.18
2024-07-08,A,Member,Cash,59.05
2024-06-08,A,Member,E-wallet,425.55
2024-11-01,A,Normal,Credit Card,393.29
2024-04-15,A,Normal,E-wallet,299.41
2025-02-11,B,Member,Cash,195.28
2024-08-08,B,Member,E-wallet,385.97
2024-06-07,B,Member,Cash,319.79
2024-12-31,A,Normal,Credit Card,55.36
2024-03-18,A,Member,E-wallet,403.73
2024-09-27,B,Normal,E-wallet,357.64
2024-05-17,B,Normal,Cash,406.6
2024-08-02,B,Member,E-wallet,479.36
2025-02-11,B,Normal,Credit Card,73.0
2024-10-29,B,Member,Cash,274.75
2025-02-04,A,Normal,Cash,206.05
2024-03-08,A,Normal,Credit Card,360.92
2024-09-10,A,Normal,E-wallet,407.23
2025-01-13,B,Normal,Credit Card,339.86
2024-11-22,A,Member,Credit Card,121.0
2024-06-30,B,Member,Credit Card,455.0
2024-03-18,B,Member,E-wallet,319.26
2024-07-28,A,Member,Cash,489.18
2024-09-17,A,Normal,Credit Card,279.73
2024-03-18,A,Member,Cash,259.26
2024-10-31,B,Normal,Cash,125.73
2024-11-14,B,Member,Cash,158.65
2024-06-20,A,Normal,Credit Card,101.12
2025-01-12,A,Normal,Cash,346.13
2024-10-18,B,Member,Credit Card,471.7
2024-03-09,A,Normal,E-wallet,303.33
2024-03-05,B,Member,E-wallet,314.71
2024-02-27,A,Member,Credit Card,49.67
2024-05-08,A,Normal,E-wallet,462.08
2024-08-21,B,Normal,Credit Card,99.1
2024-10-05,B,Member,E-wallet,100.7
2024-04-02,A,Member,Credit Card,474.4
2024-07-31,B,Normal,Credit Card,73.62
2024-06-25,B,Member,Credit Card,477.12
2024-12-10,B,Member,E-wallet,121.28
2024-08-27,A,Normal,Cash,330.55
2024-07-13,B,Member,E-wallet,49.26
2024-05-10,A,Member,Cash,213.23
2024-12-03,B,Member,E-wallet,43.74
2024-08-24,A,Normal,Cash,130.22
2024-05-26,B,Normal,Credit Card,473.58
2024-12-09,A,Member,Cash,112.99
2024-07-25,B,Member,Cash,91.22
2024-12-09,B,Member,Credit Card,244.11
2024-07-28,B,Member,Cash,349.05
2024-02-20,B,Member,Cash,302.32
2024-04-25,A,Normal,Cash,439.65
2024-10-17,A,Normal,Cash,144.59
2024-09-16,A,Member,Cash,405.5
2024-11-17,B,Member,Cash,234.01
2024-07-07,B,Normal,Cash,32.16
2024-08-16,A,Normal,Credit Card,211.63
2024-08-25,A,Normal,Cash,138.53
2025-01-01,A,Member,Cash,269.31
2024-03-10,A,Member,Cash,255.72
2024-06-04,B,Normal,E-wallet,386.1
2024-11-08,A,Normal,E-wallet,432.19
2024-03-29,B,Member,E-wallet,128.41
2025-02-11,B,Member,E-wallet,236.31
2024-08-19,A,Normal,Credit Card,475.19
2024-06-07,B,Normal,E-wallet,314.7
2024-10-19,B,Member,Credit Card,326.05
2024-10-28,B,Normal,E-wallet,376.81
2024-09-05,B,Normal,E-wallet,183.21
2024-04-16,A,Normal,Credit Card,252.16
2025-02-01,A,Normal,Cash,54.44
2024-02-15,A,Member,Credit Card,189.95
2024-03-21,B,Normal,Cash,212.2
2025-01-23,A,Member,Cash,461.29
2024-08-31,A,Member,Credit Card,350.96
2024-07-18,B,Normal,Cash,449.65
2025-01-28,B,Normal,Credit Card,151.34
2024-09-26,A,Normal,E-wallet,320.47
2024-11-19,A,Member,E-wallet,109.8
2024-03-18,A,Normal,E-wallet,428.01
2024-12-30,A,Member,Credit Card,345.27
2024-11-22,B,Normal,Cash,454.66
2024-08-20,A,Member,E-wallet,282.73
2024-11-17,B,Member,Credit Card,201.86
2024-05-04,A,Member,Credit Card,82.79
2024-08-19,A,Normal,Credit Card,291.12
2024-05-02,A,Normal,E-wallet,373.65
2024-11-27,B,Member,Credit Card,188.85
2024-04-05,B,Member,Cash,362.21
2024-07-26,B,Normal,Credit Card,398.73
2024-09-16,B,Normal,E-wallet,88.47
2024-11-12,A,Normal,Cash,314.54
2024-03-01,A,Member,Cash,375.05
2024-10-20,B,Normal,E-wallet,161.27
2024-06-14,B,Normal,Credit Card,78.0
2024-03-31,A,Member,E-wallet,131.56
2024-08-17,B,Normal,Credit Card,259.35
2024-05-13,A,Member,E-wallet,404.96
2024-12-19,A,Normal,E-wallet,122.56
2024-09-02,B,Member,Cash,383.68
2024-05-12,A,Member,Credit Card,11.8
2024-08-03,B,Member,Cash,51.81
2024-06-13,A,Member,Credit Card,98.7
2024-03-13,A,Member,Cash,86.13
2024-11-25,A,Normal,Credit Card,263.27
2025-01-29,A,Member,Cash,23.42
2024-11-25,B,Normal,Cash,263.32
2024-11-04,A,Normal,E-wallet,72.33
2024-05-20,B,Normal,Cash,164.25
2024-08-02,A,Normal,E-wallet,281.55
2024-04-10,A,Normal,Cash,391.39
2024-02-15,B,Normal,Cash,102.12
2024-10-16,A,Normal,E-wallet,98.76
2024-08-12,B,Normal,Credit Card,309.47
2024-02-18,B,Normal,Cash,207.49
2024-04-05,B,Member,E-wallet,99.0
2024-06-05,A,Normal,Credit Card,315.09
2024-11-23,B,Normal,Cash,298.28
2024-05-08,A,Member,E-wallet,104.44
2024-09-23,A,Normal,E-wallet,96.6
2024-07-31,A,Member,E-wallet,287.74
2024-11-18,B,Member,Credit Card,85.16
2024-09-20,A,Normal,Cash,213.86
2024-12-14,A,Member,E-wallet,283.64
2024-07-11,A,Member,E-wallet,181.08
2024-05-22,B,Normal,Credit Card,425.69
2024-03-24,B,Normal,E-wallet,366.44
2024-11-24,A,Member,E-wallet,464.21
2025-01-09,A,Normal,Cash,335.27
2024-12-14,A,Normal,E-wallet,376.52
2024-08-10,B,Member,Credit Card,359.56
2024-10-20,B,Member,Credit Card,263.24
2024-06-15,B,Normal,Cash,410.55
2024-08-22,A,Member,Credit Card,233.02
2024-10-19,B,Member,E-wallet,72.04
2024-09-09,B,Normal,Cash,487.69
2024-07-08,A,Normal,E-wallet,343.02
2024-04-26,B,Member,E-wallet,447.0
2024-09-25,B,Normal,Cash,119.47
2024-05-09,A,Normal,Cash,351.13
2024-06-18,B,Member,E-wallet,89.2
2024-05-24,B,Member,Credit Card,454.75
2024-05-09,A,Member,Credit Card,425.81
2024-05-29,B,Normal,E-wallet,96.14
2024-08-07,B,Member,Credit Card,465.33
2024-04-26,B,Normal,E-wallet,137.62
2024-06-01,A,Normal,E-wallet,248.75
2024-05-20,B,Member,Credit Card,33.89
2025-01-01,B,Member,Cash,42.47
2024-09-10,A,Member,Cash,170.69
2024-02-24,B,Normal,Cash,397.98
2024-08-22,B,Member,Cash,129.92
2024-11-14,B,Normal,Cash,460.18
2024-09-15,A,Normal,Credit Card,141.72
2024-12-05,A,Normal,Cash,107.94
2024-12-07,B,Normal,E-wallet,336.1
2024-03-05,B,Member,E-wallet,39.67
2024-11-24,A,Normal,Credit Card,284.05
2025-01-19,B,Normal,Credit Card,221.03
2024-07-14,B,Normal,Cash,477.39
2024-10-06,A,Normal,E-wallet,119.94
2024-03-31,B,Normal,Cash,499.74
2024-08-12,A,Normal,E-wallet,64.9
2024-04-17,B,Member,Credit Card,154.0
2024-04-14,B,Member,E-wallet,198.4
2024-04-29,B,Normal,E-wallet,144.13
2025-01-15,B,Normal,E-wallet,251.93
2024-06-03,B,Member,Cash,273.56
2024-11-10,B,Normal,E-wallet,267.27
2024-07-29,B,Member,E-wallet,48.35
2024-11-02,B,Normal,Cash,219.15
2025-01-09,A,Member,Credit Card,149.96
2024-08-18,A,Member,Credit Card,221.98
2024-04-07,B,Member,E-wallet,372.06
2024-08-14,A,Member,E-wallet,260.92
2024-04-12,B,Member,Credit Card,191.18
2024-09-03,B,Member,Credit Card,353.84
2024-06-05,A,Member,E-wallet,313.1
2024-06-18,B,Member,Cash,257.6
2024-05-23,A,Normal,Credit Card,206.57
2024-12-07,A,Normal,E-wallet,186.49
2024-03-02,B,Normal,Cash,381.38
2024-07-25,A,Member,Cash,190.14
2024-04-01,A,Member,Cash,460.14
2024-12-19,A,Member,Cash,189.35
2024-10-25,B,Normal,Credit Card,277.58
2024-04-04,B,Normal,E-wallet,132.83
2025-01-01,B,Normal,E-wallet,222.57
2025-01-31,A,Normal,Cash,304.98
2024-07-26,B,Normal,E-wallet,353.38
2024-08-06,A,Normal,E-wallet,366.24
2024-03-12,B,Normal,Credit Card,108.43
2024-05-31,B,Member,E-wallet,152.25
2024-04-06,B,Normal,Credit Card,199.27
2025-01-07,A,Member,E-wallet,339.82
2024-04-08,A,Normal,Cash,276.1
2024-02-18,B,Member,Credit Card,160.33
2024-05-08,B,Normal,Credit Card,388.92
2024-04-22,B,Normal,E-wallet,433.74
2024-08-04,B,Normal,E-wallet,31.54
2024-07-27,B,Member,E-wallet,78.9
2024-02-17,A,Member,Credit Card,44.79
2024-05-11,A,Member,Cash,277.77
2024-12-26,B,Member,Credit Card,328.86
2024-07-06,B,Member,Cash,426.23
2024-10-21,A,Normal,Credit Card,333.9
2025-02-07,A,Member,Credit Card,466.69
2024-06-12,A,Member,E-wallet,157.63
2024-04-06,B,Normal,E-wallet,488.28
2024-12-16,B,Member,E-wallet,234.05
2024-06-23,B,Member,Credit Card,393.21
2024-05-20,A,Member,Cash,360.29
2025-02-05,A,Member,Credit Card,480.12
2024-12-03,A,Member,Credit Card,308.06
2024-10-08,B,Member,Cash,251.84
2025-02-03,B,Member,E-wallet,89.68
2024-02-19,A,Member,Cash,218.89
2025-02-01,A,Member,Cash,173.61
2024-06-22,B,Member,Credit Card,380.63
2024-02-13,A,Member,Credit Card,476.76
2024-05-06,A,Normal,Cash,216.59
2024-11-21,B,Member,Credit Card,407.53
2024-03-17,A,Member,E-wallet,261.45
2024-04-14,A,Member,Cash,463.12
2024-10-25,B,Member,Credit Card,116.54
2024-03-12,B,Normal,Cash,353.49
2024-08-05,A,Member,Cash,423.46
2024-07-02,B,Member,E-wallet,247.58
2024-10-08,A,Normal,E-wallet,117.2
2024-05-12,B,Normal,E-wallet,92.57
2025-01-29,B,Member,E-wallet,182.12
2024-05-15,B,Normal,Credit Card,86.0
2024-04-14,A,Member,Credit Card,196.51
2024-12-05,A,Normal,Credit Card,431.0
2024-04-19,A,Member,Cash,455.24
2024-06-14,B,Member,Credit Card,345.65
2024-10-17,B,Normal,Credit Card,102.45
2024-12-21,B,Member,Cash,331.44
2024-06-26,A,Member,E-wallet,302.87
2024-08-29,A,Normal,Credit Card,342.23
2024-08-30,B,Member,Credit Card,441.48
2025-01-25,A,Member,Credit Card,322.99
2024-07-20,A,Member,E-wallet,181.54
2024-10-09,B,Normal,Credit Card,83.27
2024-02-21,A,Normal,Cash,320.25
2024-05-11,A,Normal,E-wallet,453.43
2024-11-07,B,Normal,Cash,127.45
2024-03-04,B,Normal,Credit Card,262.25
2025-02-08,A,Member,Credit Card,345.69
2024-08-12,B,Member,Credit Card,457.71
2025-01-07,A,Normal,Credit Card,262.04
2024-08-12,B,Member,Credit Card,24.79
2024-12-02,B,Normal,Cash,129.67
2024-08-28,A,Member,E-wallet,26.27
2024-08-25,A,Member,E-wallet,354.81
2024-07-22,B,Normal,Credit Card,253.63
2024-11-15,A,Normal,Cash,272.48
2024-12-03,A,Member,Credit Card,346.09
2024-03-14,A,Member,Cash,297.09
2024-03-30,B,Normal,Cash,393.08
2024-11-15,A,Normal,Credit Card,396.88
2024-11-23,A,Member,E-wallet,14.58
2024-11-30,A,Member,Credit Card,498.26
2024-08-16,A,Normal,Credit Card,490.28
2024-03-07,A,Member,Credit Card,478.05
2024-05-27,B,Normal,Credit Card,346.95
2025-01-11,A,Member,Credit Card,196.66
2024-03-27,B,Member,Credit Card,349.42
2024-10-13,B,Normal,Cash,168.93
2024-12-17,B,Member,Credit Card,458.89
2025-01-21,B,Member,Credit Card,23.22
2024-06-16,B,Member,E-wallet,220.7
2024-05-15,B,Normal,Cash,55.44
2025-01-31,B,Normal,Cash,78.29
2025-01-13,B,Member,Cash,328.5
2024-03-30,B,Member,Cash,110.9
2024-07-08,B,Normal,Credit Card,112.69
2024-04-04,A,Normal,E-wallet,17.12
2024-05-13,B,Normal,Credit Card,297.92
2024-09-04,B,Normal,Credit Card,206.77
2024-04-21,A,Member,E-wallet,272.3
2025-01-24,A,Normal,Cash,148.65
2024-12-26,A,Normal,Cash,426.25
2024-08-15,B,Normal,Credit Card,450.78
2024-10-26,A,Member,E-wallet,104.08
2024-08-26,A,Normal,Credit Card,69.17
2024-07-01,A,Normal,Credit Card,17.34
2024-09-19,B,Normal,Cash,269.38
2024-10-20,A,Member,E-wallet,391.16
2024-10-09,A,Member,E-wallet,375.15
2024-02-27,B,Member,Cash,275.94
2024-03-27,A,Member,E-wallet,42.38
2024-02-22,A,Normal,E-wallet,389.65
2024-03-20,B,Normal,Cash,390.63
2024-09-27,A,Normal,Cash,261.86
2024-09-08,A,Normal,Cash,257.19
2024-10-01,A,Member,E-wallet,111.14
2024-05-15,B,Member,Cash,389.32
2024-04-18,A,Member,Cash,487.45
2024-07-29,B,Normal,E-wallet,289.63
2024-03-02,B,Member,E-wallet,416.97
2024-07-30,A,Member,E-wallet,248.94
2024-11-16,B,Member,E-wallet,339.63
2024-09-27,A,Normal,Cash,187.67
2024-03-27,B,Normal,Cash,372.98
2024-09-10,A,Member,Cash,35.28
2024-07-17,A,Member,Credit Card,38.23
2024-05-05,A,Normal,Cash,32.25
2024-04-19,A,Normal,Credit Card,200.6
2024-12-03,A,Normal,Credit Card,204.48
2024-03-31,A,Normal,Cash,329.4
2024-06-05,B,Normal,Cash,125.56
2024-12-07,A,Member,Credit Card,325.58
2024-03-17,B,Member,E-wallet,338.22
2024-11-11,A,Normal,E-wallet,288.13
2024-12-10,A,Member,E-wallet,58.2
2024-10-31,B,Member,E-wallet,52.56
2024-08-28,A,Member,E-wallet,127.14
2024-06-14,B,Normal,Cash,26.03
2024-06-02,A,Normal,Cash,410.52
2024-12-28,A,Normal,Cash,408.93
2024-12-06,A,Normal,Cash,156.31
2024-06-29,A,Member,Credit Card,363.68
2024-10-04,A,Normal,Credit Card,373.57
2024-07-08,B,Member,Credit Card,293.39
2024-03-13,A,Member,Cash,265.72
2024-10-17,A,Member,E-wallet,21.47
2024-08-16,B,Normal,E-wallet,484.28
2024-12-27,B,Normal,Cash,415.85
2024-07-31,B,Normal,Cash,92.41
2024-05-02,B,Member,Credit Card,115.87
2024-07-01,B,Member,Cash,275.71
2024-08-13,B,Member,E-wallet,334.29
2024-09-27,B,Member,Cash,55.0
2024-03-29,B,Member,E-wallet,219.96
2024-05-09,A,Member,E-wallet,98.33
2024-06-26,B,Normal,Credit Card,167.52
2025-01-07,B,Normal,E-wallet,258.63
2024-03-15,B,Member,E-wallet,51.46
2024-06-21,B,Normal,E-wallet,315.67
2024-08-22,B,Normal,Credit Card,70.54
2025-01-27,B,Normal,E-wallet,190.04
2025-01-16,A,Normal,E-wallet,117.09
2024-05-11,A,Member,Credit Card,99.58
2024-04-07,B,Normal,E-wallet,218.99
2024-12-10,A,Normal,Credit Card,350.49
2024-03-24,B,Member,Cash,241.77
2024-06-30,B,Member,E-wallet,247.34
2024-09-03,A,Normal,E-wallet,100.7
2024-09-13,A,Member,Credit Card,398.72
2024-07-30,A,Normal,Cash,312.23
2025-02-01,B,Normal,E-wallet,201.41
2025-01-08,B,Member,Cash,349.47
2024-03-02,B,Normal,Credit Card,183.09
2024-02-21,B,Member,E-wallet,366.89
2024-02-23,A,Normal,Cash,158.73
2024-12-03,A,Member,E-wallet,129.17
2024-07-16,B,Normal,Cash,472.23
2024-05-26,A,Member,Cash,119.71
2024-12-25,A,Normal,Cash,229.75
2025-02-03,B,Normal,Credit Card,152.99
2024-03-07,B,Member,E-wallet,306.84
2024-06-01,B,Member,E-wallet,209.93
2024-09-23,A,Normal,Credit Card,241.52
2024-09-28,B,Normal,Credit Card,244.85
2024-12-08,A,Member,E-wallet,61.5
2024-03-12,A,Member,E-wallet,307.51
2024-12-07,A,Normal,Cash,322.2
2024-06-12,A,Normal,Credit Card,403.75
2024-07-10,B,Normal,E-wallet,117.94
2024-06-17,B,Member,E-wallet,482.96
2024-08-23,B,Normal,Credit Card,410.79
2024-11-11,A,Normal,Credit Card,432.79
2025-01-11,B,Normal,Cash,12.4
2024-09-03,B,Member,Cash,498.16
2024-02-24,B,Normal,Credit Card,106.59
2024-11-08,A,Member,E-wallet,409.93
2024-10-01,B,Member,Cash,415.9
2025-01-13,A,Member,E-wallet,133.7
2025-01-19,B,Member,Cash,365.25
2024-03-16,B,Normal,Cash,348.44
2025-01-04,A,Normal,E-wallet,291.18
2024-06-04,A,Normal,Cash,325.13
2024-11-23,A,Normal,Cash,441.63
2024-08-13,A,Member,E-wallet,347.67
2025-01-23,A,Normal,Credit Card,357.88
2024-07-29,A,Member,Credit Card,478.35
2025-02-05,B,Normal,Credit Card,223.11
2024-07-01,B,Normal,Cash,36.67
2024-07-25,A,Normal,Cash,264.85
2025-01-12,A,Normal,E-wallet,475.09
2024-11-19,B,Normal,E-wallet,340.85
2024-07-05,A,Member,Cash,72.73
2024-05-14,A,Normal,E-wallet,133.18
2024-12-21,B,Member,E-wallet,490.63
2024-04-08,A,Normal,Cash,304.73
2024-07-15,A,Normal,Cash,123.91
2025-02-01,A,Member,Credit Card,202.33
2024-04-15,A,Normal,Cash,63.25
2025-01-15,B,Normal,Cash,255.85
2024-05-14,B,Member,E-wallet,11.99
2024-06-19,B,Member,Credit Card,217.71
2024-05-21,B,Member,Credit Card,129.76
2024-09-08,B,Normal,Cash,435.4
2024-03-16,A,Member,Credit Card,77.0
2024-06-30,B,Normal,Cash,299.59
2024-10-02,B,Member,E-wallet,233.16
2024-03-29,B,Member,E-wallet,395.7
2024-06-11,B,Normal,Cash,101.45
2024-11-21,A,Member,E-wallet,89.36
2024-07-09,B,Member,E-wallet,496.76
2024-12-28,B,Member,Credit Card,182.43
2024-07-02,B,Normal,E-wallet,84.53
2024-10-29,A,Normal,E-wallet,436.98
2024-12-06,A,Normal,Cash,115.76
2024-08-30,B,Member,Cash,59.47
2024-11-06,B,Member,E-wallet,100.88
2024-05-18,B,Member,Credit Card,15.32
2024-08-25,A,Member,E-wallet,488.74
2024-04-26,B,Normal,E-wallet,99.55
2024-09-12,B,Normal,Credit Card,485.91
2024-07-14,B,Normal,E-wallet,441.72
2024-12-04,B,Member,E-wallet,276.7
2024-06-08,B,Member,E-wallet,455.61
2024-12-02,B,Normal,Cash,229.17
2024-12-25,B,Member,E-wallet,402.52
2024-09-16,B,Member,Cash,207.52
2024-03-08,A,Normal,Credit Card,348.27
2024-09-01,B,Member,E-wallet,109.05
2024-12-22,B,Normal,E-wallet,210.88
2024-10-22,A,Normal,Credit Card,433.85
2024-06-02,A,Normal,Credit Card,130.22
2024-09-04,A,Normal,Cash,384.2
2024-09-08,B,Member,Cash,71.01
2024-03-30,B,Member,Credit Card,56.54
2024-07-14,A,Member,Cash,204.89
2024-04-04,A,Normal,Cash,420.3
2025-02-01,B,Normal,Credit Card,247.16
2024-06-24,A,Member,Credit Card,33.27
2024-09-08,A,Member,Credit Card,291.02
2024-08-15,A,Member,E-wallet,20.95
2024-07-15,A,Member,E-wallet,290.29
2024-05-07,B,Normal,Cash,68.93
2024-08-01,B,Normal,Cash,287.9
2024-05-24,A,Member,Cash,14.0
2024-07-02,A,Normal,E-wallet,105.11
2024-05-21,B,Member,Cash,235.59
2024-03-15,B,Member,Credit Card,31.67
2024-10-12,A,Member,E-wallet,300.6
2024-05-25,A,Member,E-wallet,338.63
2024-05-23,B,Normal,Cash,18.45
2024-10-12,B,Normal,E-wallet,17.58
2025-01-22,B,Normal,Credit Card,121.55
2024-12-21,A,Normal,E-wallet,174.01
2025-01-04,B,Normal,E-wallet,446.4
2024-03-28,B,Member,Credit Card,335.18
2024-09-21,B,Member,Credit Card,432.56
2024-04-07,A,Normal,Credit Card,87.19
2024-03-31,B,Member,Credit Card,23.43
2024-05-17,A,Member,E-wallet,311.3
2024-11-13,A,Member,E-wallet,120.9
2024-04-30,B,Normal,E-wallet,142.53
2024-07-17,B,Member,E-wallet,161.84
2024-07-11,B,Normal,Credit Card,440.07
2024-09-04,A,Member,Credit Card,250.91
2024-12-07,B,Normal,Cash,48.79
2024-06-17,B,Member,Cash,202.94
2024-08-08,B,Member,Credit Card,266.2
2024-09-03,B,Member,Credit Card,326.56
2024-11-18,A,Member,Cash,59.87
2024-04-20,A,Normal,Cash,77.2
2024-06-11,B,Member,Cash,304.44
2024-11-09,B,Member,E-wallet,124.82
2024-04-05,A,Normal,E-wallet,304.21
2025-02-10,A,Member,Credit Card,423.04
2024-10-23,B,Member,Cash,10.44
2024-04-06,A,Member,Cash,186.57
2025-01-18,A,Normal,E-wallet,413.35
2025-01-07,A,Normal,E-wallet,320.47
2024-03-16,B,Member,E-wallet,83.92
2024-07-14,A,Normal,Cash,54.75
2024-09-02,A,Normal,Cash,139.14
2024-10-24,A,Normal,E-wallet,170.68
2024-09-29,B,Member,E-wallet,322.02
2024-06-27,B,Normal,E-wallet,310.49
2024-10-03,A,Normal,Credit Card,407.46
2024-10-21,A,Normal,Credit Card,208.32
2024-04-23,B,Normal,Cash,312.21
2024-12-12,B,Member,Credit Card,131.81
2024-04-30,A,Member,E-wallet,251.82
2024-07-07,A,Normal,Cash,16.79
2024-04-16,A,Normal,Credit Card,462.79
2024-04-22,B,Normal,E-wallet,132.15
2025-01-02,A,Member,Cash,125.69
2024-07-08,B,Normal,Credit Card,356.62
2024-03-16,B,Member,Cash,333.78
2024-05-23,A,Member,Cash,61.01
2024-09-17,A,Member,Cash,282.55
2024-04-10,B,Normal,Cash,295.96
2024-09-04,B,Member,Credit Card,402.18
2025-01-13,B,Member,Credit Card,233.68
2024-08-04,B,Member,E-wallet,432.81
2024-08-09,B,Normal,Credit Card,112.52
2024-06-24,A,Normal,Credit Card,70.51
2024-02-23,A,Member,Cash,423.58
2024-07-08,A,Member,E-wallet,88.0
2024-07-16,A,Normal,E-wallet,92.48
2024-05-20,B,Member,E-wallet,92.26
2024-10-08,A,Member,E-wallet,268.53
2024-05-12,A,Normal,Credit Card,86.52
2024-02-22,A,Normal,E-wallet,32.39
2024-02-26,A,Normal,E-wallet,136.99
2025-01-26,B,Normal,Credit Card,105.46
2024-11-03,B,Member,Cash,276.84
2024-06-05,B,Normal,Credit Card,118.43
2024-11-04,A,Member,Cash,247.1
2024-07-09,A,Normal,Cash,341.52
2024-05-31,A,Normal,Cash,361.5
2024-07-14,A,Normal,E-wallet,104.89
2024-03-27,A,Normal,E-wallet,370.3
2024-03-30,A,Member,Credit Card,175.08
2024-05-09,B,Member,Credit Card,366.04
2024-10-31,B,Normal,E-wallet,329.26
2024-06-22,B,Member,Cash,229.24
2025-01-28,B,Member,E-wallet,231.43
2024-03-09,A,Normal,E-wallet,239.31
2024-06-07,B,Normal,Credit Card,314.96
2024-09-02,B,Normal,Cash,95.7
2024-12-21,B,Member,Credit Card,15.87
2025-02-09,A,Member,Cash,335.91
2024-12-04,A,Normal,Credit Card,327.01
2025-01-27,B,Normal,E-wallet,364.91
2024-07-24,A,Normal,Cash,431.0
2024-08-29,B,Member,E-wallet,225.12
2025-01-15,B,Normal,Cash,433.1
2024-10-22,B,Member,Cash,39.04
2024-12-24,A,Member,Cash,117.06
2024-11-09,B,Normal,E-wallet,255.53
2025-01-17,B,Member,Credit Card,476.64
2024-08-02,A,Normal,Cash,391.56
2024-06-11,B,Member,E-wallet,495.59
2024-02-12,A,Member,Credit Card,479.43
2024-06-06,B,Member,Cash,89.44
2024-05-14,A,Normal,E-wallet,11.61
2024-05-12,B,Member,Credit Card,290.92
2024-07-19,A,Member,E-wallet,208.91
2024-04-29,A,Normal,E-wallet,396.6
2024-04-14,B,Member,E-wallet,390.15
2024-06-08,A,Normal,Cash,174.31
2024-04-26,B,Normal,Credit Card,120.77
2024-03-01,B,Normal,Cash,349.6
2024-09-15,A,Normal,Cash,367.66
2024-08-26,A,Normal,Cash,310.04
2025-01-07,B,Member,Credit Card,183.49
2024-06-20,B,Normal,Credit Card,494.44
2024-10-10,A,Member,E-wallet,89.48
2025-01-17,B,Member,E-wallet,406.08
2024-12-30,A,Member,Credit Card,192.55
2025-02-08,A,Member,E-wallet,199.76
2024-10-04,B,Normal,Cash,81.04
2025-02-05,B,Member,Cash,116.93
2024-09-06,A,Normal,Cash,58.95
2024-07-31,B,Normal,Credit Card,498.47
2024-11-06,A,Member,Cash,495.51
2024-10-03,A,Normal,E-wallet,215.97
2024-12-02,B,Member,E-wallet,222.69
2024-04-01,B,Member,E-wallet,229.11
2025-02-05,B,Normal,E-wallet,271.44
2024-11-11,B,Member,Credit Card,20.09
2024-08-27,A,Normal,E-wallet,278.61
2024-03-05,B,Normal,Cash,44.61
2024-08-11,A,Member,Credit Card,491.11
2024-10-13,B,Normal,Cash,348.68
2024-04-06,B,Member,Cash,48.74
2024-06-21,B,Normal,E-wallet,472.6
2025-01-15,B,Normal,Credit Card,375.25
2025-01-17,B,Member,Credit Card,435.48
2024-09-15,A,Member,Cash,492.18
2024-10-19,A,Member,Cash,105.76
2024-03-04,B,Normal,Cash,47.05
2024-04-09,B,Normal,Credit Card,474.16
2025-02-02,A,Member,Credit Card,121.08
2024-02-28,B,Normal,Credit Card,315.78
2024-06-18,B,Normal,Cash,206.24
2024-05-16,A,Member,Credit Card,118.9
2024-09-20,A,Member,Cash,28.95
2024-05-27,A,Member,Cash,343.71
2025-01-08,A,Member,E-wallet,204.97
2024-06-13,B,Member,Credit Card,257.18
2025-01-12,B,Member,E-wallet,384.39
2024-05-30,B,Member,Cash,114.07
2024-12-11,A,Member,Credit Card,273.36
2024-10-20,A,Member,Cash,133.05
2025-02-04,A,Member,E-wallet,232.52
2024-12-15,A,Member,Cash,430.47
2024-06-19,B,Normal,E-wallet,256.87
2024-03-30,A,Member,Credit Card,109.11
2024-02-22,A,Normal,Cash,495.84
2025-02-03,A,Normal,E-wallet,314.74
2024-04-22,A,Member,E-wallet,137.5
2024-02-14,B,Member,Cash,89.75
2024-12-13,A,Normal,E-wallet,382.96
2024-05-16,A,Member,Credit Card,402.36
2024-07-09,B,Member,E-wallet,106.81
2024-08-31,B,Member,Cash,393.51
2024-08-19,A,Normal,Credit Card,462.23
2024-05-06,B,Member,E-wallet,300.81
2024-07-02,A,Normal,E-wallet,440.72
2024-09-20,A,Member,E-wallet,25.71
2024-03-12,B,Member,Cash,95.45
2024-04-03,A,Member,Credit Card,165.4
2024-03-14,A,Member,Credit Card,157.19
2024-11-25,B,Member,E-wallet,190.35
2024-02-12,A,Member,E-wallet,480.48
2024-09-13,B,Normal,E-wallet,410.53
2025-01-09,B,Normal,E-wallet,375.1
2024-10-16,B,Normal,E-wallet,224.43
2024-04-13,B,Normal,E-wallet,16.34
2024-12-23,B,Normal,E-wallet,28.78
2024-05-31,A,Member,E-wallet,183.5
2024-08-19,B,Member,Cash,467.44
2024-08-07,A,Normal,Cash,465.86
2024-06-14,A,Normal,E-wallet,43.52
2024-08-08,B,Member,E-wallet,381.15
2024-08-23,B,Normal,E-wallet,170.78
2024-12-05,B,Normal,Credit Card,497.57
2024-08-29,A,Member,Credit Card,495.73
2024-12-05,B,Normal,Cash,112.03
2024-12-11,B,Member,Cash,179.13
2024-05-16,A,Normal,E-wallet,119.51
2024-07-15,A,Member,Cash,216.96
2024-06-08,A,Member,Cash,472.35
2024-03-19,B,Member,E-wallet,387.35
2024-08-13,B,Member,Credit Card,336.29
2024-03-30,B,Member,E-wallet,295.13
2024-11-26,B,Normal,E-wallet,281.27
2024-09-26,A,Member,E-wallet,274.65
2024-03-05,A,Member,Credit Card,14.45
2024-12-24,B,Member,Cash,229.36
2024-10-05,B,Normal,Credit Card,158.38
2024-05-10,A,Member,E-wallet,393.98
2024-05-18,B,Normal,Credit Card,195.31
2024-11-23,A,Normal,Credit Card,19.69
2025-01-01,B,Normal,Cash,86.81
2024-03-12,B,Member,Credit Card,102.03
2024-10-12,A,Member,Cash,65.87
2024-02-24,A,Member,Credit Card,89.23
2024-05-06,B,Member,Credit Card,206.43
2024-04-08,A,Normal,Credit Card,294.43
2024-10-02,B,Member,Credit Card,163.93
2024-06-27,A,Member,Credit Card,320.38
2024-09-25,A,Normal,Credit Card,303.36
2024-06-03,A,Normal,Credit Card,63.15
2024-11-24,A,Normal,Cash,211.05
2024-08-25,B,Normal,Cash,237.95
2024-08-23,A,Member,E-wallet,356.19
2024-12-14,B,Normal,Cash,94.56
2024-04-16,B,Normal,E-wallet,182.11
2024-02-13,B,Member,Cash,174.0
2024-11-13,A,Member,E-wallet,223.52
2024-06-11,B,Normal,Cash,62.1
2024-08-02,B,Member,Credit Card,141.26
2024-11-15,A,Member,Credit Card,44.99
2024-03-15,A,Member,Cash,480.46
2024-12-13,A,Member,Credit Card,453.32
2024-04-16,B,Member,Cash,311.92
2024-10-04,A,Member,Cash,310.36
2024-12-15,B,Member,Cash,138.12
2024-09-25,B,Normal,Cash,310.09
2024-04-18,B,Normal,E-wallet,285.3
2024-05-24,B,Normal,Cash,442.8
2024-03-24,A,Normal,E-wallet,213.25
2024-06-14,A,Member,Cash,410.1
2024-07-28,A,Member,E-wallet,127.74
2024-12-17,B,Normal,Cash,214.65
2024-06-29,A,Normal,Cash,403.18
2024-12-27,A,Normal,Credit Card,228.94
2024-05-13,A,Member,E-wallet,296.59
2024-04-30,B,Normal,Credit Card,67.71
2024-07-07,B,Member,Credit Card,269.65
2024-05-26,A,Normal,Cash,59.72
2024-11-27,B,Member,Credit Card,21.64
2024-02-23,B,Normal,Credit Card,151.46
2025-02-09,A,Member,Cash,484.42
2024-09-13,A,Member,E-wallet,39.39
2024-06-03,B,Normal,Credit Card,287.26
2024-10-06,B,Member,Cash,234.67
2024-05-21,B,Normal,Cash,343.4
2024-12-09,B,Normal,E-wallet,290.65
2024-04-23,A,Normal,E-wallet,487.86
2024-04-21,B,Member,E-wallet,129.56
2024-03-01,A,Normal,Cash,106.47
2024-04-07,B,Member,Credit Card,284.46
2024-07-07,A,Member,Cash,223.6
2024-04-29,B,Member,E-wallet,487.4
2024-07-17,B,Member,Cash,432.13
2024-07-19,A,Normal,Credit Card,375.28
2024-04-29,A,Normal,Credit Card,363.59
2024-05-25,B,Member,Cash,432.8
2024-12-24,B,Member,E-wallet,28.32
2024-08-21,B,Normal,E-wallet,258.24
2024-11-13,B,Normal,Cash,449.95
2024-12-13,A,Normal,E-wallet,400.04
2024-09-01,A,Normal,Credit Card,42.96
2024-09-17,A,Normal,E-wallet,243.25
2024-11-07,A,Member,E-wallet,209.82
2024-11-19,B,Normal,Credit Card,353.37
2024-03-15,B,Member,Cash,471.95
2024-11-27,A,Normal,Cash,111.09
2024-03-13,A,Member,Credit Card,120.92
2024-09-22,B,Member,E-wallet,215.66
2024-09-03,A,Member,Credit Card,440.8
2024-02-25,A,Normal,Credit Card,327.88
2024-08-09,A,Member,E-wallet,139.49
2024-10-15,A,Normal,Credit Card,462.98
2024-12-10,A,Normal,Cash,269.46
2024-06-14,B,Normal,E-wallet,227.49
2024-04-30,A,Member,Credit Card,467.99
2024-12-05,B,Normal,E-wallet,274.09
2024-07-22,B,Member,Credit Card,155.95
2024-07-21,A,Normal,Cash,247.51
2025-01-01,B,Normal,E-wallet,467.36
2024-11-30,A,Normal,E-wallet,192.41
2024-06-17,B,Member,Credit Card,93.28
2024-06-23,B,Member,Cash,437.8
2024-12-31,A,Normal,Credit Card,154.28
2024-11-04,B,Normal,Cash,497.34
2024-02-28,B,Member,Cash,24.99
2024-10-20,A,Normal,E-wallet,253.41
2024-04-25,A,Member,E-wallet,159.36
2024-02-27,B,Normal,E-wallet,493.88
2024-04-08,B,Normal,Credit Card,161.91
2024-09-10,A,Normal,Cash,250.03
2024-06-13,A,Member,Credit Card,376.2
2024-10-25,B,Normal,Cash,149.54
2024-05-31,B,Member,E-wallet,12.23
2024-06-28,A,Member,Credit Card,452.55
2024-04-27,B,Member,Credit Card,191.37
2024-10-15,A,Normal,E-wallet,386.41
2024-07-04,B,Normal,Credit Card,273.53
2024-05-21,A,Member,Cash,355.21
2025-01-18,A,Member,Cash,26.99
2024-05-11,A,Member,E-wallet,59.87
2024-06-14,B,Normal,Credit Card,414.88
2024-10-15,A,Normal,Credit Card,387.3
2024-07-30,A,Member,Credit Card,32.94
2024-07-27,B,Normal,Credit Card,52.2
2024-09-10,A,Normal,Credit Card,58.67
2024-05-21,A,Member,E-wallet,296.31
2024-12-09,A,Member,E-wallet,386.71
2024-03-02,B,Member,Credit Card,54.7
2024-04-06,B,Member,E-wallet,396.0
2024-04-28,A,Member,Credit Card,489.11
2024-12-28,A,Normal,E-wallet,259.23
2025-01-27,B,Member,Cash,254.8
2024-03-25,A,Member,E-wallet,52.53
2024-07-28,A,Member,Credit Card,26.64
2025-02-04,A,Normal,E-wallet,77.09
2024-02-12,A,Member,Credit Card,424.53
2024-10-27,A,Normal,Credit Card,44.13
2024-08-22,A,Member,Cash,84.55
2024-11-24,B,Member,Cash,122.58
2024-11-22,A,Member,Credit Card,227.6
2024-02-26,A,Normal,E-wallet,290.87
2024-12-23,A,Normal,E-wallet,20.02
2024-08-28,A,Member,Credit Card,122.42
2024-04-06,A,Member,Cash,449.8
2024-05-26,B,Normal,Credit Card,495.74
2024-12-26,A,Member,Cash,494.21
2025-01-08,A,Member,E-wallet,243.96
2025-01-30,A,Normal,Credit Card,156.93
2024-02-22,A,Normal,Cash,266.57
2024-10-20,A,Member,Credit Card,352.64
2024-07-13,A,Member,Credit Card,384.06
2024-08-25,B,Normal,E-wallet,117.61
2024-04-25,B,Normal,E-wallet,328.03
2024-06-13,A,Member,Cash,75.37
2024-05-09,A,Normal,E-wallet,300.84
2024-12-07,B,Normal,Cash,262.11
2024-03-26,A,Member,Cash,440.61
2024-02-17,B,Normal,E-wallet,365.17
2024-12-02,A,Member,Credit Card,315.57
2024-12-22,A,Member,Credit Card,490.15
2024-03-18,B,Member,E-wallet,392.96
2025-01-12,A,Normal,Cash,489.78
2024-05-17,A,Normal,Credit Card,88.2
2024-08-22,A,Member,E-wallet,276.64
2024-08-08,A,Normal,Credit Card,429.16
2024-02-19,A,Member,Credit Card,220.0
2024-07-21,A,Normal,Credit Card,258.27
2024-05-25,A,Member,Credit Card,268.82
2024-04-11,A,Member,Credit Card,28.59
2024-11-29,A,Normal,Credit Card,419.93
2024-06-26,B,Member,E-wallet,326.11
2024-11-04,A,Member,E-wallet,166.28
2024-09-25,B,Normal,E-wallet,236.02
2024-07-03,A,Normal,Credit Card,304.37
2024-04-02,A,Member,Cash,97.6
2024-11-12,B,Normal,Cash,491.55
2024-12-15,A,Normal,Credit Card,316.74
2024-12-05,B,Normal,Credit Card,63.91
2025-02-08,B,Member,Credit Card,242.25
2025-01-13,B,Member,Cash,79.61
2024-05-19,A,Member,E-wallet,240.51
2024-02-18,B,Member,E-wallet,201.59
2025-01-28,B,Normal,E-wallet,119.99
2025-01-01,B,Member,Credit Card,121.91
2024-10-04,B,Member,Credit Card,267.51
2024-10-13,B,Normal,Cash,238.9
2024-07-22,A,Member,Cash,343.63
2025-01-23,A,Member,Credit Card,55.85
2024-06-01,A,Member,Credit Card,25.05
2024-05-04,A,Member,E-wallet,80.21
2024-11-08,A,Normal,Credit Card,379.15
2024-04-08,A,Normal,Cash,305.16
2024-07-24,B,Normal,E-wallet,214.78
2024-09-11,A,Normal,E-wallet,244.18
2024-05-18,A,Member,Credit Card,401.18
2024-07-17,B,Member,Credit Card,20.55
2024-07-23,B,Normal,Cash,424.05
2025-01-25,A,Normal,Credit Card,23.22
2024-08-30,B,Normal,Credit Card,478.22
2024-10-21,B,Member,Cash,487.09
2025-01-08,A,Member,Cash,397.42
2024-08-28,B,Normal,Credit Card,450.3
2024-12-27,A,Member,Credit Card,175.44
2024-05-10,A,Member,E-wallet,297.64
2024-02-27,B,Member,Cash,296.05
2024-08-03,A,Normal,Cash,486.09
2024-12-11,A,Normal,E-wallet,272.96
2024-09-19,B,Normal,E-wallet,76.67
2024-04-20,B,Member,Credit Card,383.41
2024-08-26,A,Member,Credit Card,377.8
2024-05-05,A,Normal,E-wallet,78.03
2024-10-01,B,Normal,E-wallet,402.15
2024-12-12,B,Normal,E-wallet,236.23
2024-09-24,B,Member,Cash,478.83
2024-09-13,A,Member,Cash,488.94
2024-05-21,B,Member,E-wallet,163.38
2024-12-03,A,Member,Credit Card,346.65
2024-12-11,A,Normal,Cash,487.06
2024-07-26,A,Member,E-wallet,26.96
2025-01-17,B,Normal,Cash,308.88
2024-12-25,A,Normal,Credit Card,18.31
2024-03-31,B,Member,E-wallet,169.94
2024-03-23,B,Member,Credit Card,245.13
2024-10-02,A,Member,E-wallet,115.52
2024-07-30,A,Member,E-wallet,478.45
2024-04-06,B,Member,Credit Card,16.5
2024-02-22,B,Normal,E-wallet,173.28
2024-06-23,A,Member,Credit Card,165.75
2025-01-31,B,Normal,Cash,283.44
2024-08-06,A,Normal,Cash,360.47
2024-08-17,B,Normal,Credit Card,167.4
2024-04-18,A,Normal,Credit Card,471.43
2024-08-31,A,Member,Credit Card,431.16
2024-10-10,A,Normal,E-wallet,352.69
2024-11-26,B,Normal,Cash,19.14
2024-03-13,A,Normal,Cash,372.29
2024-09-08,A,Member,E-wallet,392.85
2024-07-10,B,Normal,E-wallet,209.85
2024-10-21,B,Normal,Credit Card,73.78
2024-10-08,A,Member,Cash,162.21
2024-12-08,A,Normal,E-wallet,36.52
2024-04-21,A,Member,Cash,374.77
2024-11-11,A,Normal,Cash,233.43
2024-10-05,A,Normal,Credit Card,326.55
2024-05-06,B,Normal,Credit Card,101.51
2024-07-06,B,Normal,E-wallet,161.57
2024-04-24,A,Normal,E-wallet,35.54
2024-05-30,A,Normal,Cash,324.37
2025-01-24,A,Normal,Credit Card,494.92
2024-11-08,B,Member,E-wallet,420.42
2024-04-01,A,Member,E-wallet,155.75
2024-12-28,B,Member,E-wallet,266.72
2024-05-26,A,Member,Credit Card,27.92
2024-10-19,A,Member,Cash,464.52
2024-09-07,B,Member,Credit Card,333.82
2024-05-16,A,Normal,E-wallet,223.64
2024-08-14,B,Normal,E-wallet,16.11
2025-01-21,A,Member,Credit Card,314.31
2024-07-05,A,Member,E-wallet,260.23
2024-03-11,A,Member,E-wallet,357.15
2024-08-30,B,Member,E-wallet,399.3
2024-02-26,B,Member,Cash,59.37
2024-10-12,A,Normal,Cash,283.75
2024-06-29,B,Member,E-wallet,19.38
2025-01-03,A,Normal,Cash,118.64
2025-01-28,B,Normal,E-wallet,290.46
2024-05-08,B,Normal,Credit Card,315.85
2024-11-19,B,Normal,E-wallet,219.6
2024-12-15,B,Normal,Credit Card,192.8
2024-02-26,A,Normal,Credit Card,330.3
2024-10-15,B,Member,E-wallet,398.89
2024-10-05,B,Normal,E-wallet,354.47
2024-05-08,B,Member,Credit Card,220.81
2024-11-21,B,Normal,Credit Card,419.55
2024-08-29,A,Member,Credit Card,417.25
2024-08-12,B,Member,E-wallet,34.71
2024-12-10,A,Member,Cash,428.22
2025-02-07,B,Normal,E-wallet,284.5
2024-04-02,A,Normal,Cash,233.38
2024-04-06,B,Member,E-wallet,199.04
2024-12-10,B,Member,Cash,104.87
2024-10-12,B,Normal,Credit Card,321.66
2024-08-04,A,Member,Credit Card,80.3
2024-05-19,A,Member,Cash,350.22
2024-12-19,B,Normal,E-wallet,150.26
2025-01-29,B,Normal,Credit Card,180.89
2024-05-24,B,Normal,Cash,296.86
2024-11-29,A,Normal,Credit Card,222.94
2024-06-30,A,Member,Credit Card,101.09
2024-04-28,A,Member,Cash,410.08
2024-04-29,A,Normal,Credit Card,416.61
2024-09-18,A,Member,E-wallet,311.8
2024-12-21,A,Normal,Credit Card,303.6
2024-09-13,B,Member,Credit Card,99.77
2024-09-13,B,Normal,Cash,470.45
2024-08-16,A,Member,Credit Card,419.67
2024-03-13,A,Member,Cash,66.38
2025-01-17,A,Member,Credit Card,159.27
2024-08-01,A,Normal,Credit Card,240.1
2024-08-02,A,Normal,E-wallet,352.37
2025-01-15,B,Normal,E-wallet,343.41
2024-02-15,B,Member,Credit Card,411.93
2024-09-05,B,Member,Cash,434.09
2024-05-16,B,Member,E-wallet,16.51
2024-05-22,A,Member,Credit Card,306.43
2024-02-26,A,Member,E-wallet,498.2
2024-03-23,B,Normal,Credit Card,235.52
2024-09-02,B,Member,Cash,350.41
2024-11-24,A,Member,Credit Card,18.08
2024-11-23,B,Member,E-wallet,454.91
2024-08-01,B,Normal,Credit Card,50.64
2024-07-24,B,Normal,Cash,381.87
2024-05-23,B,Member,Cash,105.31
2024-06-08,A,Member,Credit Card,247.62
2024-05-11,B,Member,Credit Card,306.34
2024-06-30,A,Member,Credit Card,338.38
2025-01-11,A,Normal,Cash,64.34
2024-08-08,A,Member,Credit Card,357.54
2024-11-23,A,Member,E-wallet,343.4
2024-05-17,B,Normal,E-wallet,482.12
2024-02-25,A,Normal,Cash,67.4
2024-03-28,B,Normal,Credit Card,151.48
2024-03-18,B,Normal,E-wallet,489.79
2025-02-09,A,Member,Credit Card,429.0
2024-06-07,B,Normal,Credit Card,37.92
2025-01-27,A,Normal,Cash,104.27
2025-01-28,B,Member,Cash,465.85
2024-09-12,B,Normal,Cash,370.94
2024-11-24,B,Member,E-wallet,75.55
2024-03-14,A,Member,Cash,207.48
2024-08-12,A,Normal,Credit Card,296.59
2024-08-25,B,Normal,E-wallet,29.23
2024-12-29,A,Normal,E-wallet,460.93
2024-11-30,B,Normal,Cash,483.86
2024-09-21,A,Member,E-wallet,465.54
2024-05-12,B,Normal,Cash,300.45
2024-11-24,A,Normal,Cash,53.51
2025-01-15,A,Normal,Credit Card,84.19
2024-07-11,A,Member,Cash,437.83
2024-08-27,B,Normal,Cash,157.11
2024-11-17,B,Normal,Credit Card,388.96
2024-09-06,B,Member,Cash,61.97
2024-06-28,A,Member,Cash,187.81
2024-10-12,A,Member,Credit Card,375.05
2024-06-12,A,Member,Cash,486.99
2024-10-11,B,Member,Cash,234.6
2024-03-04,B,Member,Credit Card,10.07
2025-01-30,B,Member,Credit Card,396.94
2024-08-24,B,Normal,E-wallet,285.61
2024-11-04,A,Member,E-wallet,311.63
2024-07-01,A,Member,Credit Card,258.39
2024-05-09,B,Member,Cash,317.04
2024-03-19,A,Normal,Credit Card,200.74
2025-01-18,B,Member,Credit Card,212.44
2024-10-28,A,Normal,Cash,425.98
2024-05-22,B,Normal,Credit Card,285.78
2024-04-16,A,Member,Cash,70.26
2024-08-07,A,Member,Cash,89.84
2024-08-13,B,Member,Credit Card,29.77
2024-06-01,B,Normal,Cash,391.47
2024-04-14,A,Normal,Cash,192.46
2025-01-24,B,Member,Credit Card,487.27
2024-06-29,A,Normal,Cash,63.16
2024-08-08,A,Normal,E-wallet,382.13
2024-09-25,A,Normal,Credit Card,379.98
2024-04-10,A,Normal,E-wallet,47.43
2024-08-12,B,Normal,E-wallet,164.64
2025-01-10,B,Normal,Credit Card,52.87
2024-08-16,B,Member,E-wallet,345.23
2024-06-22,A,Member,Credit Card,390.34
2025-01-21,A,Member,E-wallet,473.35
2024-11-13,B,Member,E-wallet,230.07
2024-07-27,A,Normal,Credit Card,347.92
2024-07-23,B,Normal,E-wallet,356.48
2024-04-21,B,Member,Credit Card,76.38
2024-06-21,A,Normal,Cash,130.89
2024-04-04,A,Member,E-wallet,156.82
2025-01-27,B,Member,Credit Card,72.74
2024-10-13,B,Normal,Credit Card,232.55
2024-05-11,B,Normal,E-wallet,279.21
2024-09-13,B,Member,Cash,334.07
2024-10-28,B,Member,Credit Card,489.78
2024-09-26,A,Member,E-wallet,271.24
2024-03-09,B,Normal,Credit Card,429.14
2024-05-29,A,Member,E-wallet,145.76
2025-01-03,A,Normal,Credit Card,74.67
2024-09-03,B,Member,Cash,103.53
2024-04-12,B,Member,Credit Card,367.51
2025-01-24,A,Member,Credit Card,178.95
2024-09-02,A,Normal,Credit Card,259.57
2025-01-14,B,Member,E-wallet,214.47
2025-02-08,A,Member,Cash,112.54
2024-12-29,B,Normal,Credit Card,196.38
2025-01-26,A,Member,Cash,100.75
2024-08-20,A,Normal,Credit Card,136.33
2024-07-16,A,Member,E-wallet,196.73
2024-09-21,A,Normal,E-wallet,406.27
2024-06-20,A,Member,Credit Card,256.09
2024-04-21,B,Normal,Cash,463.3
2024-08-19,A,Normal,Credit Card,388.64
2024-04-10,A,Normal,Credit Card,336.6
2024-07-23,B,Member,E-wallet,443.82
2024-07-30,B,Member,Cash,151.18
2024-05-09,A,Member,Credit Card,315.52
2025-01-01,B,Normal,Credit Card,442.61
2024-04-19,B,Member,Credit Card,258.87
2024-07-08,A,Member,E-wallet,462.13
2024-08-04,B,Normal,Cash,270.3
2024-12-15,A,Normal,E-wallet,305.2
2024-05-29,A,Normal,Credit Card,291.34
2024-06-22,A,Normal,Credit Card,400.01
2024-06-08,B,Normal,Credit Card,64.54
2024-07-25,B,Member,E-wallet,182.24
2024-11-20,B,Member,Credit Card,433.32
2024-08-04,A,Member,Credit Card,208.63
2024-11-11,B,Normal,Credit Card,163.32
2024-05-27,B,Member,Credit Card,185.85
2024-02-14,A,Normal,Cash,355.94
2024-07-19,A,Normal,E-wallet,58.6
2024-07-19,A,Member,E-wallet,169.51
2024-08-22,B,Normal,Cash,52.06
2024-03-23,B,Normal,Cash,267.11
2024-08-05,A,Normal,Cash,494.68
2024-06-07,A,Member,Cash,396.98
2024-03-08,A,Member,Cash,340.29
2024-10-15,A,Normal,Cash,113.29
2024-12-02,B,Normal,Credit Card,409.12
2024-10-12,B,Member,Credit Card,227.1
2024-02-21,A,Member,Credit Card,204.48
2024-10-28,B,Member,E-wallet,182.76
2024-12-16,B,Member,Cash,450.03
2024-07-08,A,Member,Credit Card,213.3
2024-02-15,A,Member,E-wallet,319.48
2024-04-17,B,Member,Credit Card,126.61
2024-05-06,A,Normal,Cash,102.97
2024-12-06,B,Normal,E-wallet,159.96
2024-09-08,B,Member,Credit Card,72.08
2024-08-23,A,Member,Cash,410.72
2024-12-19,B,Member,Cash,230.5
2024-08-21,A,Member,E-wallet,369.44
2024-10-20,B,Normal,E-wallet,400.02
2024-10-08,A,Member,Cash,11.55
2024-04-16,A,Normal,Credit Card,117.6
2024-07-30,B,Member,E-wallet,44.64
2024-11-30,A,Normal,Credit Card,170.8
2024-02-28,B,Member,E-wallet,149.57
2024-11-09,A,Normal,Cash,369.51
2025-01-02,A,Member,Credit Card,251.22
2024-12-07,A,Member,E-wallet,298.09
2024-06-15,B,Member,Credit Card,412.8
2024-06-28,B,Normal,Credit Card,286.62
2024-12-29,B,Normal,Cash,266.89
2024-04-17,A,Normal,Cash,183.96
2024-10-11,B,Member,Credit Card,293.58
2024-09-13,B,Member,Cash,117.9
2024-06-12,B,Member,Cash,52.95
2024-05-26,B,Normal,Cash,94.53
2024-05-09,A,Normal,Credit Card,457.87
2024-03-06,A,Normal,E-wallet,448.02
2024-03-19,A,Member,Cash,493.31
2024-10-06,B,Member,E-wallet,112.34
2024-09-27,A,Normal,Cash,185.5
2024-11-07,B,Member,E-wallet,225.54
2024-11-25,B,Member,Credit Card,168.0
2024-11-22,A,Normal,E-wallet,171.11
2024-11-09,B,Member,Credit Card,199.18
2024-09-21,A,Member,E-wallet,424.05
2024-03-20,B,Normal,Cash,147.41
2024-08-13,A,Normal,Cash,442.01
2024-06-27,B,Normal,E-wallet,313.63
2025-01-01,B,Normal,Credit Card,290.82
2024-07-04,A,Member,E-wallet,35.45
2025-02-08,A,Member,E-wallet,292.02
2024-11-26,A,Normal,Cash,228.29
2024-02-16,A,Normal,Credit Card,329.55
2024-09-30,B,Member,E-wallet,457.3
2024-12-29,B,Member,Credit Card,14.66
2024-07-22,A,Member,Credit Card,26.08
2024-04-10,B,Normal,E-wallet,268.75
2025-02-08,B,Normal,Cash,322.14
2024-07-25,B,Normal,Credit Card,50.76
2024-03-05,A,Member,Credit Card,40.18
2024-10-10,A,Member,E-wallet,378.53
2024-05-01,A,Normal,Cash,459.76
2025-02-02,B,Normal,E-wallet,184.34
2025-01-18,B,Member,Credit Card,487.4
2024-09-11,B,Normal,Cash,83.04
2024-09-12,B,Normal,Credit Card,24.82
2024-03-20,A,Member,Cash,375.71
2024-12-09,A,Member,Cash,179.53
2024-10-29,B,Member,E-wallet,456.45
2025-01-01,A,Normal,Cash,427.42
2024-04-03,A,Normal,Credit Card,194.61
2024-11-13,B,Normal,Cash,201.76
2024-11-19,A,Normal,Cash,349.84
2024-11-14,B,Normal,E-wallet,359.38
2024-08-15,A,Member,Credit Card,434.45
2024-08-12,B,Normal,E-wallet,102.07
2024-02-17,B,Member,E-wallet,192.08
2024-02-23,B,Member,Cash,100.48
2025-02-03,A,Member,Cash,290.99
2024-05-16,A,Normal,Cash,421.82
2024-06-14,B,Member,Cash,208.13
2024-07-17,A,Member,Credit Card,127.52
2024-04-05,B,Member,E-wallet,129.25
2024-03-07,B,Normal,E-wallet,151.32
2025-01-07,B,Member,Cash,374.2
2024-05-03,B,Normal,Cash,89.27
2024-07-02,B,Normal,Credit Card,471.71
2024-06-21,B,Normal,E-wallet,240.33
2024-08-17,B,Member,Cash,219.86
2024-07-09,A,Member,Cash,493.87
2024-04-15,B,Member,Cash,288.31
2024-11-27,B,Normal,E-wallet,468.94
2024-12-03,B,Member,Credit Card,380.22
2024-09-14,A,Normal,Cash,439.63
2024-09-17,B,Normal,Credit Card,381.07
2024-04-30,B,Member,E-wallet,435.66
2024-04-17,A,Member,E-wallet,54.84
2024-07-29,B,Normal,Cash,134.9
2024-09-28,B,Member,Cash,442.1
2024-09-21,A,Member,Cash,352.33
2024-02-13,A,Member,Credit Card,80.97
2024-05-26,B,Normal,Credit Card,21.65
2024-02-18,A,Normal,E-wallet,58.21
2024-02-18,B,Normal,Cash,269.25
2024-04-21,A,Normal,Credit Card,197.25
2024-06-01,A,Normal,Credit Card,166.6
2024-07-15,B,Normal,E-wallet,147.31
2024-05-23,A,Normal,Cash,363.42
2024-03-28,A,Normal,E-wallet,264.53
2024-04-02,A,Normal,Credit Card,84.29
2024-03-31,B,Normal,E-wallet,99.56
2024-04-02,B,Normal,E-wallet,228.29
2024-09-25,B,Normal,Cash,254.82
2024-06-12,B,Member,E-wallet,482.77
2024-07-13,A,Normal,Credit Card,102.01
2024-04-12,A,Member,E-wallet,460.32
2025-02-02,B,Normal,E-wallet,146.53
2025-02-11,A,Member,Credit Card,126.19
2024-10-27,A,Member,E-wallet,166.81
2024-03-05,B,Member,E-wallet,25.38
2024-05-13,B,Normal,Cash,48.86
2024-03-04,A,Member,E-wallet,141.98
2025-01-25,B,Normal,Cash,466.56
2024-07-07,A,Member,Cash,144.81
2024-11-05,B,Member,E-wallet,54.04
2024-04-22,A,Member,Cash,251.35
2025-01-03,A,Normal,Credit Card,278.69
2024-05-19,B,Normal,E-wallet,27.62
2024-02-21,B,Member,Cash,59.18
2024-04-03,A,Member,E-wallet,109.71
2024-10-16,B,Normal,Cash,363.52
2025-01-02,A,Normal,Credit Card,222.01
2025-01-05,A,Member,E-wallet,251.48
2024-05-14,B,Normal,Credit Card,478.5
2024-05-20,A,Normal,Credit Card,295.26
2024-07-14,A,Member,E-wallet,253.09
2024-11-30,A,Member,E-wallet,201.71
2024-05-04,B,Normal,E-wallet,160.82
2024-03-18,A,Normal,Credit Card,174.65
2024-12-29,B,Member,Cash,281.22
2024-07-22,A,Member,E-wallet,130.27
2025-01-25,A,Normal,Cash,348.6
2024-06-07,B,Normal,Credit Card,468.73
2024-07-27,B,Member,Credit Card,74.46
2024-04-23,B,Member,Cash,123.71
2024-06-26,B,Normal,Credit Card,327.4
2024-08-30,B,Member,Cash,220.11
2024-07-18,B,Member,Credit Card,295.59
2024-09-13,B,Member,Cash,226.85
2024-04-09,A,Normal,Credit Card,238.18
2024-11-06,B,Member,Cash,418.05
2024-05-28,A,Member,Cash,452.27
2024-07-22,A,Normal,E-wallet,326.61
2024-05-01,A,Member,Cash,209.07
2024-08-12,A,Member,Cash,233.56
2024-02-12,B,Member,Credit Card,230.82
2024-02-23,A,Member,Credit Card,67.94
2024-10-10,A,Normal,E-wallet,459.02
2024-09-06,B,Member,Cash,493.0
2024-04-10,A,Member,E-wallet,355.13
2024-05-02,B,Member,E-wallet,176.52
2024-08-10,A,Normal,Cash,246.45
2024-10-04,A,Member,Credit Card,56.93
2024-12-03,A,Member,Credit Card,266.77
2024-06-21,A,Normal,Cash,63.38
2024-11-04,A,Normal,Credit Card,188.02
2024-09-05,A,Normal,E-wallet,13.39
2024-03-13,B,Normal,E-wallet,25.21
2025-01-12,A,Member,Credit Card,241.65
2025-02-03,A,Normal,E-wallet,328.06
2024-10-01,B,Member,Cash,12.16
2024-07-05,A,Normal,Cash,292.48
2024-10-27,B,Member,E-wallet,427.69
2024-05-22,B,Member,Credit Card,250.24
2024-02-28,A,Member,Credit Card,157.78
2024-05-22,A,Member,Credit Card,135.65
2024-12-24,A,Member,Credit Card,95.99
2024-04-16,A,Member,Credit Card,293.08
2024-06-09,B,Member,E-wallet,487.2
2024-10-07,B,Member,E-wallet,182.22
2024-08-10,B,Member,Credit Card,185.45
2024-12-15,B,Normal,E-wallet,468.44
2024-03-25,A,Normal,Cash,343.19
2024-06-14,B,Normal,E-wallet,149.06
2024-05-11,B,Normal,E-wallet,82.96
2024-06-03,B,Normal,Cash,294.75
2024-12-15,B,Member,Credit Card,310.51
2024-08-09,A,Member,E-wallet,180.71
2024-02-18,B,Member,Credit Card,274.56
2025-01-07,B,Member,Credit Card,331.33
2024-09-19,B,Normal,Cash,16.53
2024-07-06,B,Member,E-wallet,249.23
2024-03-06,A,Normal,Cash,415.67
2024-08-16,A,Normal,Credit Card,263.39
2024-09-29,B,Normal,Cash,462.06
2024-06-21,A,Normal,Credit Card,167.96
2024-09-29,A,Normal,E-wallet,409.22
2024-07-06,A,Member,Cash,315.13
2024-05-07,A,Normal,Cash,216.44
2024-02-14,B,Normal,Credit Card,381.24
2024-04-03,B,Member,E-wallet,142.35
2024-05-05,B,Member,Cash,37.59
2024-09-07,B,Member,E-wallet,482.96
2024-11-05,B,Member,Credit Card,265.41
2025-02-05,A,Normal,E-wallet,433.88
2025-01-09,A,Member,Cash,261.22
2024-03-20,A,Normal,Cash,292.41
2024-02-24,A,Member,Cash,296.71
2024-08-04,B,Normal,Credit Card,446.88
2024-06-27,B,Member,E-wallet,27.02
2024-03-28,B,Member,E-wallet,269.41
2024-09-08,A,Normal,Cash,13.29
2024-06-06,A,Normal,Credit Card,337.55
2024-04-01,A,Member,Cash,489.23
2024-07-07,A,Member,Cash,113.59
2024-05-30,B,Member,Credit Card,146.85
2024-11-21,A,Normal,Credit Card,363.23
2024-10-01,B,Member,E-wallet,390.68
2024-07-19,B,Member,Credit Card,156.23
2024-03-10,A,Member,E-wallet,97.93
2025-01-18,A,Normal,Cash,237.19
2024-02-15,A,Member,Cash,292.88
2024-03-31,A,Normal,E-wallet,42.17
2024-03-12,B,Member,Credit Card,477.26
2024-12-20,B,Member,Credit Card,114.8
2025-01-06,A,Normal,Cash,421.05
2024-11-06,A,Member,Cash,487.17
2024-12-24,A,Normal,E-wallet,78.95
2024-10-16,A,Member,E-wallet,220.95
2024-12-10,A,Normal,Credit Card,125.87
2024-11-17,B,Normal,Cash,53.03
2024-06-07,A,Member,E-wallet,449.64
2024-03-03,B,Normal,Credit Card,259.76
2024-04-13,A,Member,E-wallet,222.9
2024-04-20,A,Member,E-wallet,490.09
2024-04-07,A,Member,Credit Card,418.27
2024-07-17,B,Normal,Credit Card,483.34
2024-07-02,B,Member,E-wallet,353.98
2024-03-07,A,Normal,Cash,377.72
2024-03-04,A,Normal,Credit Card,143.74
2024-12-03,A,Normal,Cash,36.79
2024-03-20,B,Normal,E-wallet,241.42
2024-09-24,A,Member,Cash,281.46
2024-05-04,A,Member,Cash,253.36
2024-07-22,A,Normal,Cash,233.68
2024-09-14,B,Member,E-wallet,318.58
2024-12-22,A,Member,Credit Card,333.36
2024-11-29,B,Normal,Cash,134.27
2024-02-26,A,Normal,Cash,202.39
2024-11-20,B,Member,Credit Card,394.26
2024-08-12,A,Member,Cash,11.88
2024-08-01,B,Member,Cash,30.86
2024-05-05,A,Member,Credit Card,139.03
2025-01-05,B,Member,E-wallet,19.16
2024-08-15,A,Normal,Cash,322.06
2024-02-28,B,Member,Cash,366.7
2024-09-18,A,Member,Cash,247.59
2024-10-08,A,Member,E-wallet,422.37
2024-08-07,A,Member,Credit Card,244.67
2024-08-18,B,Normal,Credit Card,18.94
2025-01-10,B,Member,Credit Card,207.07
2024-12-22,B,Normal,Cash,92.44
2024-08-17,B,Normal,Cash,423.87
2025-01-21,A,Member,Cash,65.33
2024-12-27,A,Member,Cash,189.33
2024-09-10,A,Normal,Cash,165.54
2024-03-27,B,Normal,E-wallet,93.94
2024-11-12,A,Normal,Credit Card,243.73
2024-08-23,B,Member,E-wallet,403.11
2025-02-10,A,Member,E-wallet,456.81
2024-02-28,A,Normal,E-wallet,140.12
2024-09-06,B,Member,Credit Card,156.29
2024-09-21,A,Normal,Cash,468.77
2024-11-27,B,Member,Cash,380.8
2024-07-05,B,Member,Credit Card,327.08
2024-12-13,A,Normal,E-wallet,284.13
2024-08-27,A,Normal,Cash,182.08
2024-03-06,B,Normal,Cash,229.38
2024-09-05,B,Member,Credit Card,219.77
2024-06-15,A,Member,Credit Card,420.61
2024-11-21,B,Member,Cash,417.55
2025-02-06,A,Normal,Cash,144.8
2024-05-02,B,Member,Credit Card,408.1
2024-07-09,B,Normal,E-wallet,451.16
2025-02-05,A,Member,Cash,480.73
2024-03-08,B,Member,E-wallet,300.4
2024-12-16,A,Normal,E-wallet,275.5
2024-06-18,A,Normal,Credit Card,58.44
2024-02-13,A,Member,Credit Card,298.25
2025-01-20,A,Member,E-wallet,154.15
2024-10-17,A,Member,Credit Card,385.49
2024-12-09,A,Normal,Cash,220.94
2024-09-30,A,Normal,Credit Card,260.27
2024-03-21,B,Normal,E-wallet,227.36
2024-05-11,B,Normal,E-wallet,48.93
2024-12-07,B,Member,Credit Card,435.17
2024-04-26,B,Member,Cash,333.21
2024-03-25,B,Member,Credit Card,152.38
2024-06-27,B,Normal,Credit Card,373.31
2024-05-31,A,Normal,E-wallet,227.86
2024-04-04,B,Member,E-wallet,398.75
2024-02-15,A,Member,Cash,171.13
2025-01-09,A,Member,Cash,428.73
2024-09-28,B,Member,E-wallet,106.62
2024-09-06,B,Normal,E-wallet,205.81
2024-12-31,A,Normal,Cash,20.87
2024-06-08,A,Normal,Cash,340.69
2024-06-07,B,Normal,E-wallet,197.43
2024-08-04,B,Member,E-wallet,218.85
2024-08-18,A,Normal,Cash,209.01
2024-04-21,B,Member,Credit Card,412.13
2024-11-23,A,Member,Cash,75.64
2024-06-26,B,Normal,Cash,121.37
2024-09-23,B,Member,E-wallet,474.57
2024-02-18,B,Normal,Cash,447.54
2024-11-19,B,Normal,Credit Card,337.07
2024-07-31,B,Member,Credit Card,209.04
2025-01-21,B,Member,E-wallet,109.1
2024-05-05,A,Normal,E-wallet,385.22
2024-04-07,A,Normal,E-wallet,496.61
2024-07-08,A,Member,Credit Card,169.31
2024-09-21,A,Normal,E-wallet,90.45
2025-01-01,B,Member,Credit Card,151.49
2024-04-24,B,Member,Cash,141.41
2024-06-25,A,Member,Cash,365.72
2024-04-19,A,Normal,E-wallet,322.4
2024-03-18,A,Normal,E-wallet,79.37
2025-01-20,B,Member,Cash,428.54
2024-09-06,A,Normal,E-wallet,121.28
2025-01-08,A,Member,Cash,331.81
2024-06-28,B,Normal,Cash,138.0
2024-02-19,B,Normal,Credit Card,374.74
2024-11-13,B,Member,E-wallet,292.62
2024-09-22,A,Member,Cash,13.99
2024-11-26,B,Member,E-wallet,38.96
2024-08-14,B,Member,E-wallet,393.48
2025-01-12,B,Normal,Cash,358.08
2024-12-13,A,Normal,E-wallet,178.73
2024-10-12,B,Member,Cash,477.2
2024-05-12,A,Member,E-wallet,184.87
2024-07-12,A,Normal,Cash,490.37
2024-07-21,B,Normal,Cash,142.69
2025-02-08,A,Member,Cash,463.72
2024-07-26,A,Member,Credit Card,242.79
2024-03-10,A,Member,E-wallet,78.33
2024-06-19,B,Normal,E-wallet,26.8
2024-09-05,A,Member,Credit Card,342.23
2024-09-14,A,Normal,E-wallet,21.62
2024-07-13,B,Normal,E-wallet,48.03
2024-09-24,A,Member,Cash,58.84
2024-06-13,A,Normal,E-wallet,56.26
2025-01-13,A,Normal,E-wallet,431.79
2024-04-19,B,Normal,Credit Card,202.27
2024-11-13,B,Normal,Credit Card,366.67
2024-09-19,A,Normal,E-wallet,302.94
2025-02-11,B,Normal,Credit Card,282.9
2024-10-13,B,Member,Credit Card,464.4
2024-07-21,A,Normal,Credit Card,421.23
2024-06-20,B,Normal,Cash,173.53
2024-08-26,B,Normal,E-wallet,461.33
2024-05-19,A,Normal,E-wallet,282.54
2024-09-05,A,Normal,E-wallet,348.32
2024-09-16,B,Member,Credit Card,58.81
2024-06-26,A,Member,Credit Card,254.6
2024-04-29,B,Normal,Cash,44.19
2024-09-25,A,Member,Credit Card,294.98
2024-12-09,A,Normal,E-wallet,322.87
2024-07-11,A,Normal,E-wallet,133.75
2024-08-09,A,Member,Credit Card,495.83
2024-12-13,A,Normal,Cash,83.43
2025-01-22,A,Member,Credit Card,80.44
2025-01-12,A,Member,Credit Card,78.23
2024-09-29,A,Member,Cash,399.86
2024-10-31,B,Normal,Cash,443.35
2024-07-28,A,Member,Cash,257.33
2024-07-26,B,Member,E-wallet,95.25
2024-02-13,B,Normal,Credit Card,296.91
2025-01-29,B,Normal,Cash,222.51
2024-04-13,A,Member,Credit Card,478.28
2024-04-09,B,Normal,Credit Card,95.24
2024-05-17,A,Member,E-wallet,317.79
2024-09-23,B,Member,Cash,237.02
2024-06-10,B,Member,E-wallet,305.9
2024-03-25,A,Member,E-wallet,397.04
2024-09-01,B,Normal,Cash,306.7
2025-01-08,A,Normal,Credit Card,291.16
2024-05-19,A,Normal,E-wallet,72.32
2024-11-16,A,Member,Credit Card,437.07
2024-09-02,A,Member,Cash,43.46
2024-07-18,A,Normal,Cash,368.45
2024-03-29,A,Member,Cash,457.93
2024-07-22,A,Normal,Cash,227.22
2025-01-27,A,Normal,Cash,258.78
2024-06-30,B,Member,Cash,141.55
2025-01-13,B,Member,Credit Card,326.79
2024-08-19,B,Normal,Cash,343.64
2024-10-01,B,Member,E-wallet,485.82
2025-01-04,A,Normal,Credit Card,121.21
2024-07-14,A,Normal,Cash,44.66
2024-07-29,A,Member,E-wallet,351.58
2024-11-20,B,Member,Credit Card,266.27
2024-04-23,B,Member,E-wallet,450.74
2024-03-31,A,Normal,Cash,330.56
2024-12-14,B,Member,E-wallet,314.91
2024-07-07,B,Normal,E-wallet,490.39
2024-03-17,A,Member,Cash,375.94
2024-05-29,B,Normal,E-wallet,198.66
2024-05-19,B,Member,E-wallet,26.53
2024-12-23,B,Normal,Credit Card,412.43
2024-05-03,A,Member,Cash,491.84
2024-03-25,B,Normal,E-wallet,447.6
2024-03-08,A,Member,Credit Card,389.31
2024-12-09,A,Normal,E-wallet,430.58
2024-03-07,B,Normal,Credit Card,487.76
2024-05-31,A,Member,Cash,148.67
2024-10-03,B,Member,Credit Card,226.52
2024-03-08,B,Normal,Cash,425.51
2024-10-09,A,Member,E-wallet,340.77
2024-07-09,A,Member,Credit Card,219.21
2024-09-10,B,Member,Cash,446.56
2024-06-28,A,Member,Credit Card,432.96
2024-09-05,A,Member,E-wallet,265.44
2024-09-25,A,Normal,Credit Card,379.25
2024-02-23,A,Member,E-wallet,453.85
2024-10-05,A,Normal,Credit Card,56.4
2024-12-15,B,Member,Cash,160.13
2024-07-24,A,Normal,E-wallet,458.86
2024-09-30,B,Normal,Cash,57.3
2024-12-31,A,Member,Credit Card,44.15
2024-10-22,B,Normal,Credit Card,482.43
2025-01-08,A,Member,E-wallet,71.32
2024-02-14,B,Member,Cash,276.51
2024-12-13,A,Normal,Credit Card,190.72
2024-11-19,A,Member,Credit Card,91.75
2024-05-10,B,Normal,Credit Card,187.87
2024-05-13,A,Member,E-wallet,261.19
2024-03-23,A,Member,E-wallet,424.37
2024-06-15,A,Normal,Credit Card,183.36
2024-09-17,B,Normal,Cash,159.45
2024-10-19,B,Member,E-wallet,31.73
2024-12-31,B,Member,Cash,361.29
2024-05-22,B,Member,Cash,261.45
2024-03-02,A,Normal,Credit Card,387.41
2024-03-28,A,Member,Credit Card,55.54
2025-02-11,B,Normal,E-wallet,138.67
2024-08-28,B,Member,Cash,228.77
2024-03-05,B,Member,E-wallet,85.5
2024-06-22,A,Member,Cash,352.36
2024-08-01,A,Member,Credit Card,344.03
2024-12-21,B,Normal,Cash,85.02
2024-09-11,A,Member,E-wallet,179.27
2025-01-25,A,Member,Cash,346.93
2024-02-13,A,Normal,Credit Card,198.39
2024-03-28,B,Normal,Cash,406.07
2024-08-03,A,Normal,E-wallet,85.13
2024-11-26,B,Normal,Credit Card,487.81
2025-01-01,A,Member,Cash,347.15
2024-05-16,B,Member,Cash,43.49
2024-12-12,A,Normal,Cash,155.3
2024-05-22,A,Normal,Credit Card,313.67
2024-11-10,A,Member,Cash,495.25
2024-07-19,B,Member,Cash,101.8
2024-08-27,A,Normal,E-wallet,114.91
2024-03-31,A,Normal,E-wallet,497.8
2024-05-26,A,Normal,Credit Card,257.6
2024-03-08,B,Normal,E-wallet,256.98
2024-10-17,A,Normal,E-wallet,185.45
2024-08-10,A,Normal,E-wallet,473.49
2024-05-30,B,Normal,Cash,225.89
2024-09-10,A,Normal,Credit Card,496.77
2024-10-06,B,Normal,Cash,76.56
2024-10-14,A,Normal,E-wallet,484.09
2025-01-14,A,Member,Cash,74.64
2024-09-27,B,Member,E-wallet,103.31
2024-07-16,B,Member,Cash,50.44
2024-12-23,B,Member,E-wallet,98.95
2025-01-29,A,Member,E-wallet,188.31
2024-05-18,A,Member,Credit Card,94.28
2025-01-20,B,Normal,Credit Card,253.57
2024-10-16,A,Member,Cash,456.32
2024-06-22,B,Normal,Cash,448.78
2024-09-23,B,Normal,E-wallet,187.63
2024-11-29,A,Member,Credit Card,127.97
2024-06-27,A,Normal,E-wallet,255.34
2024-02-22,A,Member,E-wallet,351.21
2024-11-23,B,Normal,Credit Card,476.84
2024-05-11,A,Member,E-wallet,418.49
2024-09-21,B,Normal,Credit Card,222.99
2024-05-16,A,Member,E-wallet,201.79
2024-09-12,A,Member,Cash,259.92
2025-01-06,A,Normal,Credit Card,245.31
2024-03-31,A,Member,Credit Card,328.77
2024-12-25,A,Member,E-wallet,311.11
2025-01-11,A,Member,Cash,26.95
2024-08-25,A,Normal,Credit Card,266.18
2024-07-07,A,Normal,E-wallet,81.79
2024-05-08,B,Normal,E-wallet,336.92
2024-11-05,B,Member,Cash,213.17
2025-01-22,A,Normal,Credit Card,39.71
2024-06-14,B,Member,Cash,422.52
2025-01-13,A,Normal,Credit Card,426.72
2024-08-10,B,Member,Credit Card,389.15
2024-04-06,A,Normal,E-wallet,384.97
2024-09-09,B,Member,Cash,345.51
2024-03-18,A,Normal,E-wallet,226.71
2024-06-22,A,Member,Cash,353.12
2024-10-12,A,Member,Credit Card,388.65
2024-06-18,A,Member,Credit Card,73.35
2024-11-18,B,Member,Credit Card,115.91
2024-06-26,A,Normal,E-wallet,349.08
2024-03-11,B,Member,Cash,84.9
2024-10-12,A,Normal,Credit Card,409.85
2024-09-08,A,Member,Cash,167.88
2025-01-05,A,Normal,Credit Card,44.9
2024-06-19,B,Normal,Cash,180.58
2024-12-18,B,Member,E-wallet,253.9
2024-03-11,B,Member,E-wallet,44.32
2025-01-13,B,Member,Cash,83.48
2024-08-08,A,Normal,Credit Card,348.77
2025-01-08,A,Normal,Cash,11.88
2024-05-21,A,Normal,E-wallet,217.3
2024-12-29,B,Normal,Credit Card,362.69
2024-05-23,B,Member,Cash,90.63
2024-12-22,B,Member,E-wallet,485.74
2024-02-20,B,Member,Credit Card,474.82
2024-02-13,B,Member,Credit Card,330.12
2024-06-21,A,Member,E-wallet,295.3
2024-08-12,A,Normal,E-wallet,447.07
2024-09-29,A,Member,E-wallet,375.39
2024-05-17,B,Member,Credit Card,293.62
2024-03-08,B,Normal,Cash,444.98
2024-10-11,B,Normal,Credit Card,343.21
2024-10-26,B,Normal,E-wallet,111.08
2024-06-02,A,Normal,E-wallet,29.09
2024-12-19,B,Member,Credit Card,392.05
2024-09-28,B,Normal,E-wallet,283.53
2024-10-10,A,Member,E-wallet,45.37
2024-04-24,B,Normal,Credit Card,266.15
2024-12-11,B,Member,Cash,470.07
2024-11-03,B,Member,Credit Card,183.04
2024-02-13,A,Normal,E-wallet,276.14
2024-10-26,B,Member,E-wallet,121.76
2024-11-13,A,Normal,Cash,196.77
2024-03-08,B,Member,Credit Card,201.64
2024-03-27,B,Member,Credit Card,255.2
2024-05-21,A,Member,Credit Card,46.97
2024-12-25,A,Member,Cash,462.0
2024-09-25,A,Member,Credit Card,49.88
2024-10-04,A,Member,Credit Card,415.99
2024-12-12,A,Normal,Credit Card,33.05
2024-12-29,B,Member,E-wallet,203.41
2024-08-16,A,Normal,Credit Card,451.93
2024-06-26,B,Member,Cash,412.2
2024-07-16,B,Member,Credit Card,234.49
2024-06-30,B,Member,E-wallet,191.54
2024-10-02,B,Member,E-wallet,199.43
2024-04-01,A,Normal,E-wallet,33.71
2024-04-27,A,Member,Cash,281.97
2024-05-09,A,Normal,Cash,324.19
2024-06-26,A,Normal,Cash,486.33
2024-03-20,A,Member,Credit Card,456.33
2025-01-08,B,Member,Credit Card,393.14
2025-01-25,B,Normal,Credit Card,123.96
2024-11-11,A,Normal,Credit Card,164.72
2024-07-13,B,Member,E-wallet,151.66
2024-12-11,B,Normal,Credit Card,358.06
2025-01-15,B,Member,Credit Card,322.01
2025-01-27,A,Normal,Cash,255.25
2024-04-18,A,Normal,E-wallet,253.4
2025-02-05,A,Normal,Cash,294.33
2024-10-05,B,Normal,E-wallet,497.11
2024-05-27,B,Normal,E-wallet,189.85
2024-04-24,A,Normal,Credit Card,201.65
2025-01-01,B,Normal,Cash,452.14
2024-10-08,B,Normal,E-wallet,66.62
2024-07-15,A,Member,Cash,287.16
2024-03-02,A,Member,Credit Card,380.62
2024-04-21,B,Member,Cash,191.45
2025-01-03,A,Normal,Credit Card,143.39
2025-01-20,A,Normal,E-wallet,16.26
2024-12-23,A,Normal,Credit Card,173.01
2024-09-15,A,Member,Credit Card,213.73
2025-01-14,B,Normal,Credit Card,94.09
2025-02-01,B,Member,E-wallet,112.05
2025-01-17,A,Member,E-wallet,126.15
2024-08-06,A,Member,Credit Card,443.59
2024-03-23,B,Member,Credit Card,371.67
2024-09-03,B,Normal,Credit Card,141.15
2025-01-25,B,Member,Cash,182.09
2024-05-28,B,Member,Credit Card,263.72
2024-09-11,A,Member,E-wallet,324.75
2024-03-06,A,Normal,Credit Card,164.15
2024-04-21,A,Member,Cash,180.64
2024-03-18,A,Member,E-wallet,245.6
2024-08-22,A,Normal,Cash,163.31
2024-05-22,B,Normal,E-wallet,112.02
2024-10-05,A,Normal,E-wallet,448.39
2024-06-17,A,Member,E-wallet,282.69
2025-01-08,B,Member,Cash,487.44
2024-08-17,A,Normal,Cash,387.13
2024-12-22,A,Normal,E-wallet,141.71
2024-10-21,A,Normal,Cash,309.69
2024-08-17,B,Member,Credit Card,232.13
2024-07-10,A,Normal,E-wallet,481.34
2024-10-22,B,Normal,E-wallet,276.61
2024-04-13,B,Normal,Cash,459.37
2024-06-22,A,Normal,Credit Card,39.54
2024-07-01,B,Normal,Credit Card,121.29
2024-04-14,B,Normal,Credit Card,208.48
2024-11-09,A,Member,E-wallet,145.2
2024-04-15,A,Member,Credit Card,288.5
2024-09-22,A,Member,Cash,430.89
2024-11-12,A,Normal,E-wallet,160.19
2024-12-26,A,Member,Cash,356.56
2024-08-28,B,Normal,Cash,173.45
2024-10-08,A,Normal,Cash,320.89
2025-02-11,A,Normal,E-wallet,187.59
2024-04-08,B,Normal,Credit Card,385.87
2024-02-25,B,Normal,Credit Card,278.18
2024-12-18,A,Member,Credit Card,304.34
2024-06-24,B,Member,E-wallet,150.03
2024-05-01,A,Normal,Cash,388.05
2024-03-19,A,Member,Credit Card,441.11
2024-12-22,A,Member,Cash,62.46
2025-01-22,A,Normal,E-wallet,122.58
2024-04-20,A,Member,Credit Card,494.26
2024-12-10,A,Member,E-wallet,297.11
2024-07-02,B,Normal,E-wallet,93.23
2024-07-25,A,Member,Cash,333.54
2024-11-27,B,Member,Cash,327.12
2024-12-30,A,Normal,E-wallet,430.93
2024-05-15,A,Member,E-wallet,440.9
2024-03-24,A,Normal,Credit Card,463.07
2024-06-21,B,Member,Credit Card,302.06
2024-08-09,A,Member,E-wallet,263.86
2024-12-06,B,Member,Cash,95.18
2025-01-12,A,Member,E-wallet,82.98
2024-10-13,B,Normal,E-wallet,424.15
2024-04-10,A,Normal,E-wallet,322.57
2024-05-15,A,Normal,Cash,186.17
2025-01-30,A,Member,Credit Card,376.61
2025-01-18,B,Normal,Cash,251.86
2025-01-12,A,Member,E-wallet,11.32
2024-07-01,B,Member,Credit Card,373.5
2024-08-23,B,Member,E-wallet,228.84
2025-01-05,B,Member,Credit Card,452.34
2024-11-25,A,Normal,Cash,320.01
2024-08-19,A,Normal,Credit Card,66.5
2024-07-20,B,Normal,Cash,237.78
2024-05-13,B,Member,E-wallet,105.99
2024-05-03,A,Member,Cash,81.54
2024-04-04,B,Normal,Credit Card,45.68
2024-12-23,B,Normal,E-wallet,223.97
2024-03-07,B,Normal,E-wallet,82.92
2024-10-12,A,Member,Credit Card,469.02
2024-07-25,B,Normal,E-wallet,296.51
2024-10-25,A,Member,E-wallet,286.5
2024-05-03,A,Member,Credit Card,353.29
2024-02-18,A,Normal,Credit Card,109.69
2024-03-30,A,Member,Cash,218.59
2024-02-14,A,Normal,E-wallet,161.08
2025-01-24,A,Normal,Cash,95.55
2024-09-22,B,Normal,E-wallet,442.94
2024-07-29,B,Member,Credit Card,40.0
2024-06-07,A,Member,Cash,80.85
2024-08-12,A,Member,Credit Card,397.07
2025-01-04,B,Member,Cash,355.63
2024-10-16,A,Member,E-wallet,282.99
2024-07-11,A,Member,Cash,152.46
2024-10-02,A,Normal,E-wallet,124.13
2024-09-09,B,Normal,E-wallet,204.83
2025-02-03,A,Member,Cash,45.79
2024-04-16,A,Member,Cash,83.21
2024-04-27,B,Member,E-wallet,29.89
2024-11-03,A,Member,E-wallet,251.62
2024-02-22,A,Normal,E-wallet,259.81
2025-01-15,A,Normal,Credit Card,411.28
2024-05-12,B,Normal,Cash,214.65
2024-12-03,B,Normal,Cash,110.31
2024-06-02,A,Normal,E-wallet,314.81
2024-03-08,B,Normal,E-wallet,19.19
2024-10-14,B,Member,Credit Card,35.63
2024-03-15,B,Normal,Credit Card,462.92
2024-05-19,A,Member,Cash,352.38
2024-05-17,B,Member,E-wallet,491.58
2024-11-22,B,Normal,Credit Card,79.14
2024-11-28,A,Member,Credit Card,278.88
2024-11-30,B,Normal,E-wallet,402.99
2024-05-17,A,Member,E-wallet,229.66
2024-07-11,A,Member,Credit Card,101.04
2025-01-01,B,Normal,Cash,339.59
2024-04-20,B,Normal,Cash,380.16
2024-07-18,A,Normal,Credit Card,220.28
2024-04-02,A,Member,E-wallet,425.72
2024-03-10,B,Member,Cash,374.65
2024-07-15,B,Member,Cash,446.85
2024-05-05,A,Member,E-wallet,283.58
2024-08-20,B,Member,Credit Card,240.15
2024-04-22,A,Member,E-wallet,460.97
2024-09-25,B,Normal,Cash,69.76
2024-02-18,B,Member,Cash,298.65
2024-09-15,A,Normal,E-wallet,179.06
2025-01-28,B,Member,Cash,216.4
2024-07-21,A,Normal,E-wallet,82.12
2024-11-13,B,Normal,Cash,337.92
2024-08-04,A,Member,E-wallet,156.33
2024-09-07,B,Normal,Cash,171.9
2024-10-23,B,Normal,Cash,269.41
2024-11-26,A,Normal,Credit Card,309.25
2024-03-27,A,Member,Credit Card,321.87
2024-12-24,A,Normal,Credit Card,129.88
2024-11-23,A,Member,Credit Card,14.23
2024-04-28,A,Member,Cash,488.81
2024-09-25,B,Member,Credit Card,319.48
2024-12-22,A,Normal,Cash,382.37
2024-08-03,A,Normal,Credit Card,166.69
2024-11-26,B,Member,Credit Card,448.87
2024-07-11,A,Member,Credit Card,260.42
2024-08-31,A,Normal,Credit Card,393.69
2024-10-16,B,Normal,E-wallet,470.34
2025-01-02,A,Normal,E-wallet,451.54
2024-12-14,A,Member,Cash,23.74
2024-04-17,B,Normal,Cash,390.36
2025-02-05,B,Normal,Cash,265.63
2024-11-30,B,Member,E-wallet,300.35
2024-12-26,A,Normal,Credit Card,128.27
2024-09-11,B,Normal,Credit Card,451.93
2024-07-14,B,Normal,Cash,155.76
2024-11-15,A,Normal,Cash,403.16
2024-07-08,A,Member,Cash,193.74
2024-10-26,A,Member,E-wallet,363.58
2024-06-28,A,Member,E-wallet,445.68
2024-05-30,B,Member,Cash,346.46
2024-12-24,B,Member,Cash,118.03
2025-01-25,A,Member,Cash,16.96
2025-01-11,B,Member,Cash,410.29
2024-07-20,B,Member,Credit Card,296.33
2024-10-16,B,Normal,Credit Card,286.75
2024-10-02,B,Member,Cash,152.2
2024-12-14,B,Member,E-wallet,274.21
2024-07-03,A,Normal,Credit Card,277.39
2025-01-02,B,Normal,E-wallet,268.71
2024-04-01,A,Member,E-wallet,238.4
2024-11-10,B,Normal,E-wallet,44.06
2024-07-11,A,Normal,Credit Card,255.26
2024-07-14,A,Normal,Cash,71.76
2024-12-29,A,Member,E-wallet,434.26
2024-06-10,B,Member,Credit Card,76.68
2025-01-15,B,Member,Cash,109.12
2024-02-24,B,Member,Credit Card,319.01
2024-04-11,A,Member,Credit Card,155.82
2024-05-23,A,Normal,Cash,149.03
2025-01-09,A,Normal,Cash,187.98
2024-10-20,B,Normal,Cash,137.96
2024-05-08,B,Normal,E-wallet,463.82
2024-07-14,B,Member,Credit Card,403.03
2024-06-03,B,Normal,Credit Card,340.94
2024-12-27,A,Member,Credit Card,75.39
2024-06-12,A,Normal,E-wallet,375.23
2024-04-23,A,Member,Credit Card,391.52
2024-07-12,A,Normal,Cash,177.6
2024-06-24,A,Member,Cash,179.26
2024-08-05,A,Member,Credit Card,64.82
2025-01-16,B,Member,Cash,226.31
2024-09-11,B,Normal,Cash,379.95
2024-03-20,B,Member,Credit Card,207.71
2024-05-19,A,Normal,E-wallet,419.4
2024-04-09,A,Normal,E-wallet,366.68
2025-01-06,B,Member,Credit Card,172.81
2024-12-14,A,Normal,Credit Card,162.81
2024-06-26,A,Member,E-wallet,177.41
2024-09-28,A,Member,E-wallet,379.48
2024-12-06,A,Member,Credit Card,343.43
2024-07-30,A,Normal,Credit Card,394.56
2024-08-13,A,Normal,E-wallet,168.17
2024-10-13,B,Member,Credit Card,239.33
2025-01-11,A,Member,Cash,313.06
2024-09-16,A,Member,E-wallet,46.29
2024-05-13,B,Normal,Credit Card,228.64
2024-10-22,B,Member,E-wallet,255.75
2024-03-31,B,Normal,E-wallet,178.73
2024-04-03,B,Member,Cash,204.23
2024-12-18,A,Normal,E-wallet,374.62
2024-10-27,B,Member,Cash,292.05
2024-12-23,A,Normal,Cash,77.7
2024-09-19,A,Normal,Credit Card,499.66
2024-06-23,A,Member,Cash,57.84
2024-11-05,A,Member,Credit Card,423.99
2024-10-20,B,Normal,Cash,308.12
2025-01-03,B,Member,Credit Card,388.74
2024-05-12,B,Normal,Cash,165.7
2025-01-07,A,Normal,E-wallet,161.57
2024-07-04,A,Normal,Cash,78.78
2024-09-28,B,Member,E-wallet,235.18
2025-01-13,A,Member,Credit Card,462.18
2024-06-10,B,Member,Credit Card,266.43
2024-05-06,A,Normal,Credit Card,169.72
2024-10-17,A,Member,Cash,221.21
2024-11-07,A,Member,Cash,248.51
2024-02-24,A,Member,Credit Card,42.73
2024-11-30,A,Normal,E-wallet,146.3
2024-04-22,B,Normal,Cash,35.71
2025-01-17,A,Member,Credit Card,191.24
2024-06-12,A,Member,Credit Card,412.0
2024-11-30,B,Member,Credit Card,404.23
2024-10-15,A,Member,E-wallet,102.2
2024-04-11,A,Member,Credit Card,418.42
2024-06-09,A,Normal,E-wallet,329.11
2024-12-19,B,Member,E-wallet,373.37
2024-09-21,B,Normal,E-wallet,262.87
2024-04-13,A,Normal,Credit Card,291.01
2025-01-25,B,Member,Cash,242.66
2024-10-05,B,Member,E-wallet,362.97
2024-06-17,A,Normal,E-wallet,165.04
2024-09-12,B,Member,Cash,379.34
2024-03-21,B,Member,Cash,359.98
2024-10-16,B,Normal,Cash,362.32
2024-02-25,A,Normal,Cash,464.32
2024-08-02,A,Normal,E-wallet,211.2
2024-11-22,B,Normal,Cash,430.43
2025-01-29,A,Member,E-wallet,428.86
2024-09-29,A,Member,E-wallet,471.16
2024-12-16,B,Normal,E-wallet,332.99
2024-08-11,A,Member,Cash,99.87
2024-08-04,B,Member,Credit Card,458.07
2024-03-30,B,Normal,Cash,354.45
2024-11-06,A,Normal,Credit Card,481.13
2024-08-01,A,Member,Credit Card,181.69
2024-06-12,B,Member,Cash,476.8
2024-07-07,A,Normal,E-wallet,283.15
2024-08-03,B,Member,Cash,60.91
2024-08-12,B,Normal,E-wallet,360.82
2025-01-13,B,Normal,E-wallet,234.08
2024-11-02,B,Member,Cash,402.89
2024-11-05,B,Normal,Credit Card,445.83
2024-10-29,B,Normal,Cash,439.98
2024-07-08,A,Normal,E-wallet,71.93
2024-02-14,B,Normal,Credit Card,17.65
2024-10-07,A,Member,E-wallet,425.44
2024-09-11,A,Member,E-wallet,475.82
2024-11-19,B,Member,Credit Card,476.35
2024-03-08,A,Member,Credit Card,93.19
2024-03-14,A,Member,Cash,54.22
2025-01-03,B,Normal,Cash,390.01
2024-10-30,A,Member,E-wallet,53.51
2024-06-14,A,Normal,Credit Card,279.37
2024-09-16,B,Normal,Credit Card,334.41
2024-07-14,A,Member,Credit Card,479.45
2024-04-08,A,Member,Cash,495.17
2024-12-03,A,Normal,E-wallet,353.69
2024-08-31,A,Normal,E-wallet,322.81
2024-11-20,A,Member,Credit Card,311.57
2024-10-10,A,Normal,Cash,175.33
2024-03-01,B,Normal,Cash,17.96
2025-01-03,A,Normal,E-wallet,358.58
2024-03-10,B,Normal,Credit Card,398.87
2024-04-12,A,Member,Credit Card,125.61
2024-10-14,A,Member,Cash,287.13
2024-08-11,B,Normal,Cash,155.01
2024-12-26,A,Normal,E-wallet,228.38
2025-01-06,A,Member,Credit Card,197.82
2024-06-05,A,Member,Credit Card,24.21
2024-02-21,B,Member,E-wallet,188.73
2024-05-06,A,Member,Credit Card,276.02
2024-07-28,A,Member,E-wallet,112.61
2024-12-02,B,Member,E-wallet,323.91
2025-02-03,B,Member,Credit Card,415.33
2024-12-07,A,Normal,Cash,293.14
2025-01-25,A,Normal,E-wallet,261.65
2024-11-20,A,Member,E-wallet,233.95
2024-03-16,B,Member,Cash,497.63
2024-04-02,B,Member,Cash,197.45
2024-10-12,A,Normal,E-wallet,456.31
2024-08-09,A,Member,Credit Card,125.34
2024-04-01,A,Member,Credit Card,494.58
2024-09-21,B,Member,Cash,363.28
2024-10-15,B,Normal,E-wallet,206.0
2024-06-21,B,Normal,Cash,132.04
2024-04-03,B,Member,E-wallet,295.38
2024-05-14,B,Normal,Cash,19.41
2024-05-23,B,Normal,Cash,484.59
2024-10-30,B,Member,Cash,231.01
2024-08-15,A,Normal,Cash,288.33
2025-02-01,B,Normal,Cash,135.01
2024-02-15,A,Member,E-wallet,458.83
2024-09-19,A,Member,Credit Card,134.8
2024-02-14,B,Member,Cash,156.37
2024-10-04,A,Member,E-wallet,205.89
2024-04-30,A,Member,E-wallet,164.37
2024-02-13,A,Normal,Credit Card,247.72
2025-01-16,B,Member,E-wallet,474.44
2025-01-11,A,Member,Cash,71.32
2024-10-30,B,Normal,Cash,405.08
2024-12-14,B,Member,E-wallet,436.94
2024-10-19,B,Member,Credit Card,411.08
2024-11-24,A,Normal,E-wallet,11.45
2024-07-17,B,Normal,Cash,498.13
2024-06-05,A,Member,E-wallet,426.87
2024-08-11,A,Member,Credit Card,308.71
2024-09-13,A,Member,E-wallet,115.15
2024-07-01,B,Member,Credit Card,425.09
2024-06-19,A,Normal,Credit Card,111.19
2024-11-14,B,Normal,Credit Card,306.13
2024-07-04,B,Member,E-wallet,202.88
2024-12-08,A,Member,Cash,136.76
2024-06-10,B,Normal,Credit Card,410.38
2024-10-02,A,Normal,E-wallet,482.21
2024-07-25,A,Member,Cash,54.66
2024-04-01,B,Normal,E-wallet,408.76
2024-03-21,A,Member,Credit Card,355.49
2024-11-12,A,Member,Cash,269.7
2024-08-17,A,Normal,E-wallet,289.54
2024-06-04,A,Normal,Credit Card,361.38
2024-05-03,A,Normal,Credit Card,387.64
2024-11-27,A,Member,Credit Card,328.87
2025-01-30,A,Normal,Credit Card,421.1
2024-10-02,B,Member,Credit Card,427.24
2024-07-20,B,Member,E-wallet,404.02
2024-04-20,A,Member,E-wallet,442.13
2024-07-23,A,Member,Cash,158.4
2024-09-11,B,Normal,E-wallet,478.96
2024-02-17,A,Normal,Credit Card,154.72
2024-07-02,A,Normal,E-wallet,185.8
2024-04-05,A,Member,Credit Card,231.04
2024-09-12,A,Member,Cash,427.71
2024-03-06,B,Member,Credit Card,244.62
2024-02-12,A,Normal,E-wallet,407.44
2024-06-21,A,Member,E-wallet,315.13
2024-08-30,B,Normal,E-wallet,201.28
2024-07-28,A,Member,Credit Card,337.64
2024-11-18,A,Member,Credit Card,171.19
2024-07-29,B,Normal,Credit Card,444.15
2025-01-18,A,Normal,Credit Card,422.96
2024-10-14,A,Normal,E-wallet,176.7
2024-08-29,B,Normal,Credit Card,170.27
2024-07-07,B,Normal,Cash,200.62
2024-09-30,B,Normal,Cash,467.23
2024-07-15,A,Normal,E-wallet,272.63
2024-04-14,B,Normal,Credit Card,99.67
2024-08-11,B,Normal,Cash,247.74
2024-12-25,B,Normal,Credit Card,26.83
2024-06-15,A,Member,Cash,236.59
2024-03-28,B,Normal,Credit Card,426.49
2024-06-12,B,Member,Credit Card,257.73
2025-02-06,A,Member,Cash,52.92
2024-04-21,A,Member,Credit Card,463.34
2024-04-17,A,Normal,E-wallet,20.38
2025-01-21,A,Member,Cash,274.02
2024-10-20,B,Normal,Cash,257.77
2025-02-05,B,Normal,E-wallet,151.37
2024-04-21,B,Member,Cash,322.8
2024-10-14,A,Normal,Credit Card,22.99
2024-05-20,A,Member,E-wallet,32.22
2024-10-02,A,Normal,Credit Card,21.82
2024-12-09,B,Normal,Cash,470.66
2024-04-11,B,Normal,Cash,87.16
2024-08-23,B,Normal,Cash,406.12
2024-05-16,A,Normal,Cash,440.77
2024-03-10,A,Member,Cash,465.14
2024-05-12,B,Normal,Cash,456.66
2024-02-15,B,Member,E-wallet,384.3
2024-03-05,B,Normal,Cash,182.56
2025-02-11,A,Member,Cash,80.84
2024-10-10,B,Normal,Cash,96.34
2024-02-24,B,Member,Credit Card,317.57
2024-12-21,B,Normal,Cash,48.09
2024-06-30,A,Member,E-wallet,330.62
2024-03-12,B,Normal,Cash,134.1
2025-01-26,B,Member,Cash,295.31
2024-11-28,A,Normal,E-wallet,190.62
2025-01-17,A,Normal,Credit Card,175.68
2024-07-17,A,Normal,E-wallet,149.94
2024-03-26,B,Normal,Cash,421.6
2024-11-17,B,Member,Cash,494.54
2024-10-01,A,Normal,Credit Card,157.5
2024-04-11,A,Member,Credit Card,210.58
2024-12-28,B,Member,E-wallet,105.96
2024-09-13,B,Member,E-wallet,319.5
2024-11-03,B,Normal,E-wallet,432.34
2024-09-08,A,Member,E-wallet,58.86
2024-09-04,A,Member,Cash,47.08
2024-11-15,B,Normal,Cash,408.19
2024-02-23,A,Member,E-wallet,223.25
2024-06-23,B,Normal,E-wallet,409.04
2024-05-09,A,Normal,E-wallet,123.69
2024-09-03,A,Member,Cash,170.7
2024-09-04,B,Normal,Credit Card,252.76
2024-05-21,A,Normal,Cash,312.58
2024-07-17,B,Member,Cash,254.87
2024-12-05,A,Normal,Credit Card,102.2
2024-03-09,A,Normal,E-wallet,481.68
2024-02-18,A,Normal,Cash,307.92
2024-09-22,A,Member,E-wallet,339.54
2025-01-31,A,Member,Credit Card,231.23
2024-08-27,B,Member,Credit Card,32.61
2024-02-13,A,Member,Cash,140.41
2024-05-23,B,Normal,E-wallet,251.74
2024-12-30,A,Normal,Cash,69.87
2025-01-12,B,Member,Cash,329.05
2025-01-23,B,Normal,Credit Card,307.76
2025-01-21,B,Normal,E-wallet,426.04
2024-09-11,A,Member,E-wallet,157.25
2024-06-10,A,Normal,E-wallet,481.31
2024-06-19,B,Member,Credit Card,46.84
2024-04-16,B,Member,Credit Card,64.02
2024-03-26,B,Normal,Cash,435.42
2024-03-14,B,Member,Cash,210.66
2024-09-11,A,Normal,Cash,128.46
2024-08-03,B,Normal,Credit Card,459.41
2024-08-06,B,Normal,E-wallet,433.99
2024-05-09,A,Member,Cash,319.26
2024-11-27,A,Member,Credit Card,240.97
2024-03-18,A,Normal,E-wallet,85.77
2024-10-02,B,Normal,Cash,386.07
2024-09-02,A,Normal,Cash,224.13
2024-05-05,B,Member,Cash,244.79
2024-12-28,B,Normal,Cash,355.73
2024-11-17,A,Normal,Credit Card,275.32
2024-03-17,A,Member,Cash,287.44
2024-07-11,A,Normal,Credit Card,488.59
2024-09-20,B,Member,E-wallet,208.57
2024-10-22,B,Normal,Credit Card,266.51
2024-03-31,A,Normal,E-wallet,76.1
2025-01-26,A,Normal,Cash,235.83
2024-02-16,A,Member,E-wallet,240.98
2024-10-20,A,Normal,E-wallet,262.89
2024-04-16,B,Normal,Cash,276.62
2025-01-29,A,Normal,E-wallet,90.79
2024-10-31,B,Member,E-wallet,60.86
2024-12-08,A,Member,Credit Card,423.36
2024-09-26,B,Member,Credit Card,249.45
2025-02-07,A,Member,E-wallet,385.25
2024-08-09,B,Normal,Cash,21.6
2024-11-29,A,Normal,Credit Card,482.02
2024-12-02,B,Member,Credit Card,391.61
2024-11-29,B,Normal,Credit Card,139.5
2024-12-16,B,Member,Credit Card,69.54
2025-01-06,B,Normal,E-wallet,99.8
2024-05-07,B,Normal,E-wallet,423.05
2024-08-23,A,Member,Cash,483.22
2024-04-16,A,Normal,E-wallet,79.99
2024-03-17,B,Normal,E-wallet,12.48
2024-05-29,A,Normal,E-wallet,413.9
2024-04-11,B,Normal,Credit Card,399.75
2024-12-04,B,Member,Credit Card,442.12
2024-04-12,A,Normal,Cash,173.24
2024-10-14,A,Member,Cash,322.34
2024-09-15,A,Member,Credit Card,271.64
2024-09-29,B,Member,Credit Card,229.64
2025-01-23,A,Normal,E-wallet,21.47
2024-04-08,B,Normal,Cash,308.0
2024-08-05,B,Member,E-wallet,271.68
2024-12-08,B,Member,Cash,394.13
2024-05-09,A,Normal,Cash,24.79
2024-05-19,B,Normal,Credit Card,488.46
2024-03-29,B,Normal,E-wallet,236.61
2024-09-10,B,Member,Cash,212.01
2024-11-03,A,Normal,E-wallet,40.14
2025-01-30,B,Member,Cash,240.87
2024-06-24,A,Normal,Credit Card,437.42
2024-12-23,B,Normal,E-wallet,373.74
2024-07-10,A,Member,E-wallet,109.05
2024-09-22,A,Normal,E-wallet,450.01
2024-08-21,B,Normal,Cash,317.54
2024-03-28,A,Normal,E-wallet,180.93
2024-09-08,B,Member,E-wallet,54.24
2024-08-01,B,Member,E-wallet,212.17
2024-12-21,A,Normal,Cash,275.27
2024-03-12,B,Member,E-wallet,231.73
2024-08-07,B,Member,Cash,327.28
2024-02-20,A,Normal,E-wallet,121.13
2024-08-19,B,Normal,Credit Card,461.85
2024-07-08,B,Member,Credit Card,19.94
2024-05-16,B,Normal,Credit Card,250.41
2025-02-02,A,Normal,E-wallet,475.48
2024-11-22,B,Member,E-wallet,426.08
2024-06-27,B,Member,E-wallet,102.45
2025-02-03,B,Member,E-wallet,396.22
2025-02-09,B,Member,Cash,321.79
2024-08-09,B,Member,Cash,290.05
2024-04-03,A,Normal,Credit Card,395.61
2024-06-25,B,Normal,Credit Card,470.46
2024-02-18,B,Normal,Cash,342.2
2024-04-10,A,Member,Cash,245.87
2025-01-17,B,Member,Cash,467.3
2024-06-25,B,Member,Credit Card,437.72
2025-01-04,A,Member,Credit Card,494.19
2024-08-28,B,Normal,Credit Card,463.22
2024-05-12,B,Normal,Credit Card,367.59
2024-04-21,A,Normal,Cash,116.23
2024-11-15,B,Normal,Cash,480.53
2024-05-16,B,Member,Cash,245.86
2024-11-13,A,Member,Credit Card,236.94
2024-09-03,A,Normal,E-wallet,396.28
2024-10-21,B,Normal,Credit Card,246.44
2025-01-07,B,Normal,Cash,341.1
2024-12-24,A,Member,Credit Card,429.7
2024-04-01,A,Member,E-wallet,57.67
2024-02-12,B,Normal,Credit Card,386.96
2024-04-06,B,Normal,E-wallet,66.24
2024-07-22,A,Normal,Cash,87.47
2024-03-17,B,Normal,Cash,142.17
2024-11-17,A,Normal,Cash,153.36
2024-10-11,B,Member,Cash,285.19
2024-04-08,B,Member,E-wallet,42.23
2025-01-26,B,Normal,E-wallet,10.97
2024-08-04,B,Normal,E-wallet,443.32
2024-03-01,B,Normal,E-wallet,105.73
2024-03-10,A,Normal,E-wallet,224.26
2025-01-06,B,Member,E-wallet,412.2
2024-11-07,B,Normal,Cash,248.31
2024-07-28,B,Member,E-wallet,148.58
2024-04-03,A,Member,E-wallet,438.58
2024-10-07,A,Member,Credit Card,470.28
2024-12-10,B,Member,E-wallet,254.72
2024-12-03,B,Normal,Credit Card,68.28
2025-02-02,B,Normal,Cash,194.55
2024-11-16,A,Member,Credit Card,95.3
2024-09-17,B,Normal,Credit Card,445.17
2024-09-26,A,Member,E-wallet,215.01
2024-09-06,A,Normal,E-wallet,384.01
2024-05-04,B,Normal,Credit Card,319.93
2024-11-05,A,Normal,E-wallet,14.59
2024-03-05,A,Normal,Credit Card,392.03
2024-04-01,A,Normal,Cash,86.25
2024-04-07,A,Member,Credit Card,20.99
2024-07-23,A,Member,Credit Card,449.24
2024-05-20,A,Normal,Credit Card,356.84
2024-04-12,B,Normal,Credit Card,379.26
2024-10-20,B,Normal,Credit Card,439.76
2024-03-07,A,Member,Credit Card,290.08
2024-10-15,A,Member,Credit Card,249.22
2024-06-02,A,Member,Cash,388.22
2024-08-15,B,Normal,Cash,352.16
2025-02-08,A,Normal,E-wallet,183.72
2024-12-12,A,Normal,Credit Card,446.6
2024-12-31,B,Member,Cash,72.38
2025-01-19,B,Normal,E-wallet,165.85
2024-11-09,A,Member,E-wallet,134.56
2024-02-17,B,Member,Cash,284.96
2024-06-03,A,Normal,Cash,483.71
2024-08-28,A,Member,Credit Card,100.11
2025-01-28,B,Normal,Cash,92.72
2024-09-08,B,Normal,Credit Card,483.14
2024-12-28,B,Normal,E-wallet,451.55
2024-06-23,B,Normal,E-wallet,57.14
2024-11-15,A,Member,Cash,334.83
2024-05-24,A,Member,E-wallet,121.33
2024-11-17,B,Member,Cash,470.77
2025-01-07,A,Member,Cash,408.02
2024-10-03,A,Member,E-wallet,33.4
2024-10-27,B,Normal,E-wallet,27.58
2024-07-24,B,Member,Cash,355.31
2024-04-05,B,Normal,Cash,218.79
2024-04-13,B,Member,Cash,271.5
2024-05-20,B,Normal,E-wallet,367.07
2024-05-03,B,Member,E-wallet,11.88
2024-05-21,A,Member,E-wallet,130.43
2024-10-26,B,Member,Cash,492.94
2024-08-16,B,Member,Cash,480.27
2024-08-13,B,Member,E-wallet,391.82
2024-06-05,A,Member,Credit Card,456.16
2024-08-19,B,Member,Cash,290.3
2024-11-19,B,Normal,Credit Card,33.5
2024-04-03,A,Member,Credit Card,304.62
2024-12-12,A,Normal,Cash,476.68
2024-09-02,A,Member,E-wallet,319.8
2024-04-07,B,Member,E-wallet,252.45
2024-12-18,A,Member,Credit Card,18.69
2024-05-01,B,Normal,Cash,26.82
2024-08-27,A,Member,Credit Card,317.96
2024-08-20,A,Normal,E-wallet,314.99
2024-11-18,A,Member,E-wallet,193.85
2024-12-20,B,Normal,E-wallet,262.64
2024-07-30,A,Member,E-wallet,161.83
2024-04-18,A,Member,Credit Card,492.18
2024-03-08,A,Member,Credit Card,168.29
2024-12-27,B,Normal,Cash,29.27
2024-06-08,A,Member,Credit Card,191.6
2024-07-08,A,Normal,E-wallet,463.84
2024-02-29,B,Member,E-wallet,497.5
2024-09-27,B,Normal,Cash,39.54
2024-10-25,A,Normal,E-wallet,183.21
2024-12-07,A,Normal,Cash,88.07
2025-01-10,A,Member,Cash,378.98
2024-07-06,A,Normal,E-wallet,474.91
2025-01-16,B,Member,Cash,181.22
2024-10-27,B,Member,E-wallet,468.78
2024-12-27,B,Member,Credit Card,407.88
2024-11-24,B,Member,E-wallet,195.83
2024-02-27,B,Member,Credit Card,266.1
2024-03-28,A,Member,E-wallet,240.05
2024-11-03,A,Member,E-wallet,163.08
2024-12-04,A,Member,Credit Card,411.63
2024-04-25,A,Member,E-wallet,190.76
2024-03-08,B,Member,Cash,395.05
2024-07-01,B,Member,E-wallet,230.27
2024-09-25,B,Normal,Credit Card,308.24
2024-11-11,A,Normal,Cash,353.91
2024-07-11,B,Member,E-wallet,79.63
2024-05-11,B,Normal,Cash,91.65
2024-09-21,B,Member,Credit Card,46.36
2024-07-03,B,Member,E-wallet,417.16
2024-03-04,B,Normal,Credit Card,367.9
2025-01-01,A,Member,Credit Card,399.75
2024-07-20,B,Member,Cash,48.09
2024-05-31,B,Member,Credit Card,150.18
2024-08-23,A,Normal,Credit Card,348.9
2024-03-08,A,Normal,E-wallet,264.53
2024-04-03,A,Member,Cash,126.65
2024-12-04,B,Normal,Cash,65.27
2024-11-06,B,Normal,Cash,12.1
2024-11-16,B,Normal,Cash,31.63
2024-10-23,A,Member,Cash,338.31
2024-07-11,B,Normal,E-wallet,114.17
2024-08-11,A,Normal,Cash,450.43
2024-04-17,B,Member,Cash,320.97
2024-08-22,A,Normal,E-wallet,319.45
2024-11-09,A,Member,Credit Card,37.65
2024-12-02,A,Normal,Credit Card,433.85
2024-09-11,B,Member,E-wallet,364.87
2024-09-07,A,Member,E-wallet,465.54
2025-02-04,A,Normal,Cash,280.28
2025-01-10,A,Member,E-wallet,269.8
2025-01-23,A,Normal,Credit Card,463.18
2024-03-18,B,Normal,Cash,201.41
2024-07-26,A,Normal,E-wallet,393.05
2024-08-21,B,Normal,Cash,52.12
2024-07-09,A,Normal,Credit Card,457.12
2024-08-06,B,Member,Cash,216.78
2024-04-24,B,Member,E-wallet,402.57
2024-05-17,B,Member,E-wallet,209.16
2024-03-17,A,Normal,Cash,353.79
2024-03-31,A,Member,Credit Card,486.06
2024-05-06,B,Normal,E-wallet,97.13
2024-04-14,B,Normal,E-wallet,445.87
2024-10-28,A,Normal,Cash,10.83
2025-01-08,B,Normal,Credit Card,328.87
2024-04-19,B,Normal,Credit Card,180.1
2024-03-22,B,Member,Credit Card,244.06
2024-10-05,B,Normal,Cash,48.4
2025-01-16,B,Member,Cash,426.51
2024-10-13,A,Member,Cash,366.58
2024-03-17,A,Member,Cash,299.26
2024-04-04,B,Normal,E-wallet,195.49
2024-09-11,A,Normal,E-wallet,57.6
2024-10-15,A,Member,E-wallet,132.94
2024-12-02,A,Member,Cash,406.83
2024-12-10,A,Normal,E-wallet,52.76
2024-06-27,B,Member,Credit Card,425.02
2024-02-24,A,Member,Cash,308.01
2024-03-15,B,Normal,Credit Card,222.43
2024-08-24,A,Normal,E-wallet,442.69
2025-01-08,A,Normal,Cash,357.77
2024-03-25,B,Normal,Credit Card,191.22
2024-04-04,A,Member,Credit Card,420.74
2025-01-24,B,Member,Cash,485.27
2024-03-10,A,Normal,E-wallet,87.96
2024-08-21,B,Normal,Cash,151.73
2024-05-05,B,Normal,Credit Card,471.78
2024-12-12,B,Member,Credit Card,142.05
2024-06-26,A,Normal,E-wallet,310.01
2024-10-14,B,Normal,Credit Card,71.29
2024-08-14,B,Member,Cash,369.42
2025-01-19,B,Member,Credit Card,494.25
2024-07-30,B,Normal,Credit Card,425.8
2024-09-04,A,Normal,E-wallet,10.26
2024-12-13,B,Normal,E-wallet,275.28
2024-03-11,A,Member,E-wallet,450.38
2024-11-27,A,Normal,Credit Card,441.37
2024-06-18,B,Normal,E-wallet,138.05
2024-09-15,B,Normal,Cash,314.91
2025-01-30,A,Member,E-wallet,414.96
2024-03-29,B,Member,E-wallet,485.01
2024-02-14,B,Member,Credit Card,109.14
2025-01-11,B,Member,Cash,149.36
2024-03-16,A,Member,Credit Card,142.07
2024-10-05,A,Member,E-wallet,122.08
2024-05-29,A,Normal,Cash,100.17
2024-12-12,B,Normal,Credit Card,438.4
2024-05-21,A,Normal,Credit Card,191.03
2025-02-10,A,Member,Cash,339.23
2024-09-01,B,Member,Credit Card,220.32
2024-03-03,B,Member,Credit Card,97.64
2025-01-07,A,Normal,Cash,125.18
2024-10-11,A,Member,Cash,403.66
2024-05-13,A,Member,Credit Card,172.11
2024-02-13,A,Normal,Cash,35.75
2025-01-15,A,Normal,Cash,127.27
2024-10-25,A,Member,Cash,124.69
2024-03-08,A,Member,Cash,238.85
2024-03-15,A,Normal,Cash,76.7
2025-02-03,B,Normal,Credit Card,46.23
2024-06-28,A,Member,Cash,375.49
2024-09-12,A,Normal,Cash,460.04
2024-04-25,A,Member,Cash,106.06
2024-02-23,B,Member,Credit Card,245.87
2024-12-04,B,Normal,Credit Card,26.74
2024-03-25,A,Normal,Credit Card,276.73
2024-06-23,B,Member,E-wallet,462.98
2024-11-04,A,Member,Cash,204.89
2024-10-20,A,Member,Credit Card,254.89
2024-05-29,A,Normal,Credit Card,394.07
2024-06-01,A,Member,E-wallet,320.62
2024-11-18,A,Normal,E-wallet,122.22
2024-03-23,A,Normal,E-wallet,315.6
2024-10-06,A,Member,Cash,326.48
2024-03-22,A,Normal,Credit Card,221.04
2024-10-04,B,Normal,Credit Card,497.8
2024-10-12,A,Normal,Credit Card,174.09
2024-08-27,B,Normal,E-wallet,266.32
2025-01-21,A,Member,Credit Card,45.95
2024-12-06,B,Member,Cash,117.69
2024-08-11,B,Normal,Cash,250.08
2024-07-09,A,Normal,E-wallet,350.39
2024-11-15,A,Member,E-wallet,347.09
2024-09-04,B,Member,Credit Card,278.73
2024-12-13,A,Normal,E-wallet,397.06
2024-07-11,B,Member,Credit Card,78.9
2024-05-20,A,Normal,Credit Card,41.55
2024-12-12,B,Normal,E-wallet,57.8
2024-04-26,A,Member,Credit Card,222.15
2025-02-06,B,Member,Cash,133.52
2025-01-24,B,Member,E-wallet,438.53
2024-06-29,B,Member,E-wallet,386.08
2024-07-08,B,Normal,Credit Card,472.51
2025-01-13,A,Member,Cash,443.06
2024-03-07,A,Normal,E-wallet,482.27
2024-05-28,A,Member,Cash,249.23
2024-02-14,A,Member,Credit Card,353.77
2025-01-09,A,Member,Credit Card,104.68
2024-02-18,A,Normal,Cash,406.53
2024-12-15,A,Normal,Cash,325.52
2024-02-19,B,Normal,Credit Card,60.78
2024-05-18,B,Member,E-wallet,468.07
2024-03-19,A,Normal,Cash,77.89
2024-12-29,A,Member,Credit Card,446.39
2024-05-14,B,Member,E-wallet,141.25
2024-11-30,B,Member,Credit Card,373.53
2024-03-19,A,Member,Credit Card,116.06
2024-03-18,B,Member,E-wallet,270.91
2024-06-24,A,Normal,Cash,489.9
2024-03-29,B,Normal,Cash,23.83
2024-12-04,A,Member,Credit Card,20.26
2024-08-11,A,Member,E-wallet,53.57
2024-11-25,B,Member,E-wallet,413.31
2025-01-23,A,Member,Cash,320.39
2024-07-19,B,Member,E-wallet,159.46
2024-05-07,A,Normal,Cash,196.14
2024-12-05,A,Normal,E-wallet,266.13
2024-04-15,B,Member,Cash,46.99
2024-11-23,A,Member,Credit Card,465.62
2024-09-03,A,Member,Cash,334.93
2024-10-05,B,Member,Cash,16.49
2024-07-27,B,Member,Credit Card,164.42
2024-03-26,B,Member,Credit Card,62.9
2024-08-15,A,Member,Credit Card,292.01
2024-11-29,A,Normal,Credit Card,10.71
2024-08-18,B,Normal,Credit Card,116.25
2024-02-17,A,Normal,Credit Card,176.66
2024-10-26,B,Normal,E-wallet,71.98
2024-05-13,B,Normal,Cash,134.31
2024-08-27,A,Member,E-wallet,457.99
2024-10-09,A,Normal,Credit Card,372.32
2025-01-15,B,Normal,E-wallet,493.27
2024-11-30,B,Normal,E-wallet,45.68
2024-04-12,B,Normal,E-wallet,139.19
2025-01-11,B,Member,Credit Card,343.1
2024-10-15,A,Normal,E-wallet,480.08
2024-03-29,A,Normal,Cash,26.25
2024-11-08,B,Member,Credit Card,296.89
2024-06-29,B,Member,Credit Card,493.43
2024-05-31,B,Normal,Credit Card,361.1
2024-05-31,B,Normal,Credit Card,51.44
2024-04-11,B,Normal,E-wallet,18.36
2024-04-02,A,Member,E-wallet,378.58
2024-09-14,B,Member,E-wallet,355.5
2024-05-19,B,Normal,E-wallet,368.46
2024-06-04,A,Normal,E-wallet,474.13
2024-07-07,A,Member,Cash,430.47
2024-04-13,A,Member,Cash,132.04
2024-04-07,B,Member,Cash,57.45
2024-12-08,B,Normal,Credit Card,195.55
2024-12-29,B,Normal,E-wallet,326.47
2024-11-06,A,Member,Credit Card,332.09
2024-09-18,A,Member,Cash,156.46
2024-11-26,B,Member,Credit Card,174.64
2024-04-29,A,Normal,Credit Card,259.77
2024-10-19,B,Member,Credit Card,219.62
2024-09-01,A,Normal,Cash,91.83
2024-08-26,A,Normal,E-wallet,319.47
2024-05-20,A,Normal,E-wallet,413.77
2024-10-03,A,Normal,Credit Card,348.94
2024-10-24,B,Normal,Cash,426.15
2025-02-08,A,Member,Cash,230.5
2024-09-09,B,Normal,Credit Card,304.63
2024-08-17,A,Member,E-wallet,264.02
2025-02-11,B,Normal,Cash,427.15
2024-12-13,A,Member,Credit Card,436.23
2024-08-17,B,Normal,E-wallet,190.05
2024-11-11,A,Normal,Credit Card,483.65
2024-08-01,A,Normal,Cash,457.72
2024-10-18,B,Normal,Cash,280.63
2024-06-17,B,Member,Cash,483.17
2024-03-19,B,Member,Credit Card,360.92
2025-01-09,B,Normal,E-wallet,279.29
2024-08-06,A,Normal,E-wallet,373.62
2024-07-31,B,Normal,E-wallet,90.48
2024-09-21,B,Member,E-wallet,486.11
2024-06-13,A,Normal,E-wallet,399.21
2024-12-12,B,Normal,Credit Card,342.62
2024-06-01,A,Normal,E-wallet,155.71
2024-08-28,B,Normal,E-wallet,208.44
2024-07-14,B,Normal,Cash,195.2
2024-09-07,B,Member,E-wallet,359.38
2024-05-21,A,Member,Credit Card,70.6
2024-03-26,B,Member,Credit Card,233.96
2024-10-10,B,Normal,E-wallet,73.79
2024-06-02,A,Normal,E-wallet,190.32
2025-02-05,A,Member,Cash,307.62
2024-06-22,A,Member,Credit Card,484.52
2024-08-03,A,Normal,E-wallet,409.39
2024-06-16,B,Member,Credit Card,479.58
2024-11-07,A,Member,Cash,276.1
2024-12-08,A,Member,E-wallet,424.39
2025-01-30,B,Member,E-wallet,339.64
2024-07-03,B,Member,Cash,207.48
2024-07-20,B,Normal,Credit Card,82.49
2024-03-26,A,Member,Credit Card,467.59
2024-02-13,B,Member,Cash,84.87
2024-03-14,A,Member,E-wallet,56.7
2025-02-11,A,Member,Credit Card,137.01
2024-09-25,A,Normal,E-wallet,20.59
2024-12-06,A,Member,Cash,489.39
2024-10-08,B,Member,E-wallet,489.81
2024-11-21,B,Normal,Cash,32.66
2024-12-04,A,Normal,Cash,117.57
2024-03-19,B,Normal,Cash,288.44
2024-07-27,B,Member,Cash,480.0
2024-03-27,A,Member,Cash,181.3
2024-06-24,A,Member,E-wallet,49.27
2025-01-30,A,Normal,Credit Card,48.99
2024-10-11,B,Normal,Cash,480.75
2024-11-11,B,Member,E-wallet,250.53
2024-11-12,B,Member,Cash,213.16
2024-12-18,B,Normal,Credit Card,22.82
2025-02-09,B,Normal,Cash,78.07
2024-08-05,A,Member,Cash,195.92
2024-11-30,B,Normal,Credit Card,193.6
2024-09-10,B,Normal,Cash,256.59
2024-06-05,B,Member,Credit Card,364.93
2024-06-22,A,Normal,E-wallet,165.15
2024-07-09,B,Member,Cash,90.59
2024-08-22,A,Normal,Credit Card,142.48
2025-01-28,A,Member,Cash,199.47
2025-01-19,B,Normal,Credit Card,143.67
2024-05-19,B,Normal,E-wallet,235.55
2024-02-14,B,Member,Credit Card,457.23
2024-11-18,A,Normal,E-wallet,277.19
2024-03-16,A,Member,E-wallet,15.61
2024-03-03,B,Member,Credit Card,381.36
2024-09-26,A,Normal,E-wallet,228.57
2024-06-21,A,Normal,Credit Card,250.16
2024-05-27,A,Normal,Credit Card,441.31
2024-03-07,A,Normal,E-wallet,81.4
2024-11-23,B,Normal,E-wallet,429.09
2024-05-05,B,Normal,Credit Card,224.79
2024-03-15,B,Member,Cash,432.56
2024-03-02,B,Normal,Credit Card,295.96
2024-05-22,A,Member,E-wallet,207.21
2024-09-25,A,Member,E-wallet,309.02
2025-01-06,B,Member,Credit Card,372.78
2024-02-21,B,Normal,E-wallet,328.64
2024-10-19,B,Normal,Cash,203.8
2024-04-04,B,Member,Cash,428.1
2024-04-29,B,Normal,Credit Card,423.45
2024-06-27,A,Normal,Cash,437.06
2024-05-13,B,Normal,Credit Card,178.18
2024-10-07,A,Member,E-wallet,96.36
2024-03-05,B,Member,Cash,263.49
2025-02-05,A,Normal,Credit Card,46.6
2024-05-31,A,Normal,Cash,465.65
2024-09-09,A,Member,E-wallet,428.44
2024-02-18,A,Normal,Cash,105.82
2024-05-09,A,Member,Credit Card,135.0
2024-05-19,B,Member,Cash,230.26
2024-03-31,A,Normal,Cash,346.94
2024-09-21,B,Member,Credit Card,443.64
2024-05-21,B,Member,Credit Card,398.87
2024-10-15,A,Member,Credit Card,455.71
2024-07-21,B,Normal,E-wallet,27.06
2024-09-13,A,Member,E-wallet,319.94
2024-04-21,A,Member,E-wallet,362.15
2024-08-01,B,Normal,Cash,298.76
2025-01-07,B,Normal,Credit Card,52.48
2024-09-07,B,Normal,Cash,240.37
2025-01-30,B,Member,Credit Card,111.49
2024-08-22,A,Member,E-wallet,104.88
2024-08-10,B,Normal,Cash,167.27
2024-04-21,B,Normal,Credit Card,301.78
2024-09-14,B,Member,E-wallet,124.12
2024-09-01,B,Member,Credit Card,244.41
2024-05-16,B,Normal,Credit Card,142.31
2024-11-02,A,Member,Credit Card,354.66
2025-01-18,B,Normal,E-wallet,12.42
2024-06-21,B,Member,Credit Card,28.34
2024-08-20,B,Normal,E-wallet,361.59
2024-06-01,A,Member,Credit Card,92.31
2024-03-03,A,Member,Cash,331.51
2024-03-01,A,Member,Credit Card,417.83
2024-03-13,B,Member,Credit Card,342.57
2024-05-23,B,Normal,Cash,231.23
2025-02-04,A,Normal,E-wallet,131.92
2024-05-06,B,Member,E-wallet,114.08
2024-04-20,B,Member,E-wallet,148.08
2024-10-18,B,Member,E-wallet,176.04
2024-06-06,A,Normal,E-wallet,452.33
2024-04-26,B,Member,Credit Card,399.47
2024-10-26,B,Normal,Credit Card,146.32
2024-08-27,A,Normal,E-wallet,437.36
2024-03-30,B,Normal,Cash,255.99
2024-03-04,B,Normal,Cash,101.8
2024-11-03,A,Normal,Credit Card,61.0
2024-07-02,B,Normal,Credit Card,150.43
2024-09-21,A,Normal,Credit Card,226.49
2024-11-19,A,Normal,E-wallet,440.47
2024-04-11,B,Member,E-wallet,224.9
2025-02-07,B,Normal,E-wallet,355.88
2024-10-05,B,Normal,E-wallet,471.83
2025-02-08,B,Normal,E-wallet,284.13
2024-11-03,B,Normal,Cash,346.13
2024-07-25,B,Member,Credit Card,499.84
2024-04-27,B,Normal,Cash,378.94
2024-06-26,B,Member,E-wallet,149.27
2024-05-21,B,Normal,Cash,450.23
2024-05-12,B,Member,E-wallet,302.49
2024-06-14,A,Normal,E-wallet,225.32
2024-12-12,B,Normal,Credit Card,96.88
2024-08-14,B,Member,E-wallet,442.63
2024-08-29,B,Member,Credit Card,239.96
2025-02-04,B,Member,E-wallet,434.72
2024-02-25,A,Member,Cash,472.06
2024-06-18,B,Member,Cash,201.29
2024-11-06,A,Member,Credit Card,71.51
2024-02-27,A,Member,Credit Card,357.03
2024-08-21,A,Normal,Credit Card,344.1
2024-12-16,A,Normal,Cash,175.37
2024-04-26,A,Normal,E-wallet,244.67
2024-05-15,B,Member,Cash,333.79
2024-11-15,B,Member,Cash,360.33
2024-07-15,B,Normal,Credit Card,283.52
2024-07-22,B,Normal,Credit Card,144.3
2024-07-11,B,Member,Credit Card,72.88
2024-12-02,A,Member,E-wallet,153.98
2024-06-07,B,Member,Cash,320.58
2024-04-05,A,Normal,Credit Card,306.19
2024-10-28,B,Normal,E-wallet,137.68
2024-06-26,A,Normal,E-wallet,100.47
2024-07-23,A,Member,Credit Card,381.83
2024-07-07,B,Member,Cash,457.3
2025-01-16,B,Member,Credit Card,291.74
2024-09-21,B,Normal,E-wallet,319.6
2024-10-18,A,Member,Cash,492.1
2024-08-17,B,Member,Credit Card,50.43
2024-11-27,B,Member,Credit Card,159.19
2025-02-11,B,Normal,Cash,416.91
2024-06-26,B,Normal,Cash,237.86
2024-07-06,B,Normal,E-wallet,458.94
2024-04-14,B,Member,Cash,164.99
2025-02-06,A,Normal,Credit Card,372.59
2025-02-07,A,Member,E-wallet,122.81
2024-12-05,B,Member,Credit Card,305.46
2024-11-26,B,Member,Cash,425.36
2024-02-19,B,Member,E-wallet,118.97
2024-11-11,A,Member,E-wallet,444.09
2024-06-25,B,Member,E-wallet,408.28
2024-07-20,B,Normal,Cash,477.66
2024-09-06,A,Member,Credit Card,479.76
2024-11-23,A,Member,E-wallet,398.3
2024-05-26,A,Normal,Cash,263.04
2024-10-24,B,Member,Cash,225.71
2024-06-02,A,Normal,E-wallet,111.17
2025-01-30,B,Member,Credit Card,124.13
2024-10-07,B,Member,E-wallet,359.04
2024-09-27,A,Member,E-wallet,324.99
2024-07-25,A,Normal,E-wallet,381.24
2024-09-27,A,Member,E-wallet,215.03
2024-04-12,B,Member,Credit Card,386.79
2025-01-18,B,Member,Cash,387.96
2024-12-17,A,Member,Credit Card,112.42
2024-06-14,A,Normal,Cash,462.5
2024-05-19,B,Normal,E-wallet,118.56
2024-06-05,B,Member,Cash,236.92
2024-09-13,A,Member,Cash,148.86
2024-04-27,B,Normal,Credit Card,346.41
2024-10-21,A,Member,E-wallet,402.71
2024-03-18,A,Normal,Cash,56.47
2024-10-29,A,Member,Cash,289.45
2025-02-03,A,Normal,Credit Card,487.34
2024-12-17,A,Normal,Credit Card,126.62
2024-07-31,A,Member,E-wallet,126.15
2024-04-09,B,Normal,Cash,10.94
2024-05-07,A,Member,Credit Card,310.81
2024-10-10,B,Member,Credit Card,103.62
2024-08-22,A,Normal,Cash,170.75
2024-10-11,B,Member,E-wallet,230.65
2024-03-03,B,Member,E-wallet,452.79
2024-03-17,B,Normal,Cash,381.84
2024-03-21,B,Normal,E-wallet,431.37
2024-09-23,A,Member,Cash,262.05
2024-08-17,B,Normal,Cash,248.57
2024-11-06,B,Normal,E-wallet,383.83
2024-11-14,B,Normal,Cash,484.32
2025-02-01,B,Member,Credit Card,71.11
2024-03-08,B,Member,Cash,101.27
2024-07-01,B,Member,E-wallet,491.58
2024-05-09,B,Normal,Credit Card,401.32
2024-07-22,B,Normal,Cash,252.99
2024-03-12,B,Normal,Cash,450.9
2024-03-26,A,Normal,Cash,429.79
2024-05-18,A,Normal,Cash,227.61
2025-02-08,B,Member,E-wallet,357.68
2024-10-10,B,Normal,Credit Card,326.66
2024-09-10,A,Normal,E-wallet,350.83
2024-02-21,B,Member,E-wallet,366.63
2024-03-08,B,Member,E-wallet,366.4
2024-06-19,A,Normal,E-wallet,57.13
2024-08-12,B,Normal,Credit Card,305.54
2024-11-21,A,Member,E-wallet,236.56
2024-03-14,B,Normal,Cash,271.49
2024-12-15,B,Member,Cash,329.71
2024-11-01,B,Normal,Credit Card,348.59
2024-08-27,A,Member,Cash,207.02
2024-05-03,A,Normal,Cash,76.66
2024-11-24,B,Normal,Cash,146.19
2024-07-16,B,Normal,E-wallet,29.01
2024-08-15,A,Normal,E-wallet,341.78
2024-12-27,A,Normal,Credit Card,139.75
2024-09-09,B,Normal,Cash,383.64
2024-06-11,A,Member,Cash,29.63
2024-12-26,B,Member,Credit Card,398.94
2025-01-09,A,Normal,Credit Card,376.03
2024-10-31,B,Member,Credit Card,351.0
2024-08-25,A,Normal,Cash,416.42
2024-12-05,A,Member,E-wallet,360.94
2024-04-12,A,Normal,Credit Card,419.54
2024-12-20,B,Member,Credit Card,472.44
2024-04-16,A,Normal,E-wallet,178.75
2024-12-27,A,Member,Cash,297.69
2024-04-08,A,Member,Cash,488.77
2024-02-14,B,Normal,Credit Card,155.2
2024-06-27,B,Normal,Credit Card,228.71
2024-04-20,B,Normal,E-wallet,306.34
2024-08-16,B,Normal,E-wallet,287.94
2024-08-12,A,Normal,Cash,293.43
2024-03-28,A,Member,Cash,445.25
2024-08-19,A,Member,E-wallet,55.24
2024-11-13,B,Member,E-wallet,52.82
2024-09-21,B,Normal,Credit Card,168.33
2024-05-14,A,Normal,Credit Card,15.14
2025-02-10,A,Member,Credit Card,61.54
2024-07-08,A,Normal,Credit Card,25.61
2024-09-11,B,Member,Credit Card,370.38
2024-09-08,A,Normal,Credit Card,190.46
2024-08-29,A,Member,Credit Card,167.36
2024-10-23,B,Normal,Cash,333.39
2024-02-27,B,Normal,Credit Card,79.89
2024-03-14,B,Member,Credit Card,129.68
2024-09-04,B,Member,E-wallet,24.52
2024-11-17,B,Member,Credit Card,206.76
2025-01-15,B,Normal,Credit Card,187.33
2024-10-31,A,Normal,E-wallet,65.68
2024-11-02,B,Member,Credit Card,241.7
2024-04-24,A,Member,Cash,303.15
2024-10-11,A,Normal,Cash,161.34
2024-07-04,A,Normal,Credit Card,37.35
2024-07-24,A,Normal,Credit Card,395.77
2024-07-30,A,Member,Cash,189.19
2024-12-06,B,Normal,Credit Card,123.9
2024-06-23,A,Normal,Credit Card,13.29
2024-12-29,A,Member,Credit Card,172.84
2024-11-23,A,Normal,Credit Card,86.36
2024-12-25,B,Normal,E-wallet,22.92
2024-11-28,B,Normal,E-wallet,469.95
2025-01-23,A,Normal,E-wallet,298.56
2025-01-21,B,Member,E-wallet,16.69
2024-04-23,B,Member,Cash,85.08
2024-08-17,A,Member,E-wallet,115.04
2024-05-25,A,Normal,Credit Card,41.75
2024-11-26,A,Normal,Credit Card,441.26
2024-10-21,B,Member,Cash,121.54
2024-07-19,B,Normal,Credit Card,346.65
2024-03-24,B,Normal,Credit Card,413.59
2024-04-07,B,Member,Credit Card,96.01
2024-04-13,A,Member,E-wallet,68.84
2024-06-19,A,Member,Cash,440.24
2024-12-26,A,Normal,Credit Card,482.5
2024-11-18,A,Member,E-wallet,465.34
2024-07-30,B,Member,E-wallet,355.61
2024-03-09,A,Normal,Credit Card,148.76
2024-09-20,B,Member,Credit Card,67.18
2024-10-06,B,Normal,Cash,399.76
2024-11-08,A,Member,Cash,130.85
2024-06-28,B,Member,Cash,35.32
2024-05-15,B,Member,E-wallet,281.69
2024-05-06,B,Member,Cash,440.08
2024-07-23,B,Normal,Credit Card,252.59
2024-11-18,B,Member,Cash,467.83
2024-10-23,B,Member,E-wallet,314.88
2024-03-08,B,Normal,E-wallet,129.2
2024-05-27,B,Normal,Credit Card,288.01
2024-10-14,B,Normal,Credit Card,241.46
2024-03-17,A,Member,Cash,127.42
2024-08-13,B,Member,Cash,57.67
2024-05-23,B,Normal,Cash,286.24
2024-04-07,A,Normal,Credit Card,382.85
2024-10-03,A,Normal,Credit Card,12.94
2024-03-01,B,Normal,Credit Card,490.84
2024-03-25,A,Normal,Credit Card,475.73
2024-11-25,B,Normal,Credit Card,172.15
2024-12-13,B,Normal,Cash,396.26
2024-03-21,A,Member,Cash,381.79
2024-10-15,A,Member,E-wallet,40.53
2024-06-08,B,Normal,Cash,101.18
2024-07-12,A,Normal,E-wallet,417.87
2024-02-21,B,Normal,Cash,204.53
2024-06-06,B,Normal,Cash,321.08
2024-07-21,A,Normal,Cash,404.51
2024-11-23,A,Normal,Credit Card,263.92
2024-05-20,A,Member,Credit Card,93.42
2024-03-18,A,Normal,Credit Card,101.77
2024-08-29,A,Normal,Cash,410.95
2024-06-23,A,Normal,Cash,383.58
2024-04-07,A,Member,Cash,271.75
2024-03-15,B,Normal,Credit Card,353.03
2024-05-29,B,Normal,Credit Card,382.96
2024-04-12,B,Normal,E-wallet,491.62
2024-08-05,A,Normal,Credit Card,305.51
2024-07-20,A,Normal,Credit Card,279.69
2025-01-08,B,Member,Credit Card,416.67
2024-10-10,A,Normal,Cash,217.25
2024-02-29,A,Normal,Cash,100.37
2024-08-30,B,Normal,E-wallet,440.47
2024-02-14,A,Normal,Cash,186.15
2024-05-17,A,Normal,Cash,24.96
2024-05-29,A,Member,Cash,306.22
2024-10-02,A,Normal,Cash,34.97
2024-05-05,A,Normal,Cash,12.05
2024-08-21,A,Member,Cash,10.34
2024-06-10,B,Normal,E-wallet,51.41
2024-06-04,B,Normal,E-wallet,443.7
2024-08-18,A,Member,E-wallet,400.75
2024-11-26,B,Normal,E-wallet,477.66
2024-04-20,A,Member,E-wallet,381.64
2024-03-30,B,Member,Cash,199.59
2024-07-10,B,Member,Cash,449.12
2024-05-27,B,Member,Credit Card,396.18
2024-08-28,B,Member,Cash,135.01
2024-04-11,B,Member,Cash,198.65
2024-05-27,A,Member,Credit Card,57.42
2025-01-23,B,Normal,Credit Card,435.89
2024-11-18,B,Normal,E-wallet,110.18
2025-01-15,A,Member,Cash,471.66
2024-07-14,A,Member,Cash,265.12
2025-01-02,B,Member,Credit Card,29.79
2024-04-11,B,Normal,Cash,454.16
2024-11-19,B,Member,E-wallet,99.43
2024-10-10,B,Member,Credit Card,265.39
2025-01-20,A,Member,Cash,45.48
2024-09-29,B,Normal,Cash,319.89
2024-08-18,A,Member,E-wallet,20.51
2024-10-26,A,Member,Credit Card,12.33
2024-05-23,B,Member,Cash,277.08
2025-01-04,A,Member,Cash,306.6
2024-08-22,B,Member,Cash,231.87
2024-02-24,B,Member,Cash,90.38
2024-12-23,B,Normal,Credit Card,429.73
2025-02-10,A,Member,E-wallet,51.55
2025-01-24,B,Normal,E-wallet,52.07
2024-06-21,A,Member,E-wallet,249.02
2024-07-04,A,Member,Credit Card,209.07
2024-05-21,B,Normal,Cash,444.71
2024-03-24,A,Member,Credit Card,293.01
2024-04-02,B,Normal,Cash,159.4
2024-06-03,B,Member,E-wallet,45.42
2024-10-12,B,Member,Cash,247.76
2024-03-22,B,Normal,Credit Card,297.43
2025-01-16,A,Member,Credit Card,443.92
2024-12-29,B,Normal,Cash,168.94
2024-11-02,B,Member,Credit Card,348.76
2024-06-19,A,Member,Cash,256.03
2024-04-09,B,Normal,Credit Card,459.78
2024-06-28,B,Normal,Credit Card,208.08
2025-01-07,A,Member,Cash,222.73
2024-03-06,B,Member,Cash,113.34
2024-09-29,B,Normal,E-wallet,403.51
2024-09-20,B,Normal,E-wallet,433.02
2024-12-02,B,Member,Cash,80.78
2024-08-28,B,Member,E-wallet,298.54
2024-10-28,A,Member,Cash,310.58
2025-01-11,B,Member,Credit Card,451.32
2024-04-07,A,Normal,E-wallet,113.43
2024-05-21,A,Member,Credit Card,152.54
2024-04-26,B,Normal,Cash,148.91
2024-09-12,B,Normal,Cash,168.2
2024-08-12,A,Normal,E-wallet,110.28
2024-07-13,B,Normal,Credit Card,96.56
2024-08-20,B,Member,Credit Card,149.35
2024-09-23,A,Member,Cash,200.57
2024-02-22,B,Normal,Cash,450.8
2025-02-03,A,Normal,E-wallet,363.08
2024-04-24,B,Member,Cash,401.26
2024-05-21,A,Member,Credit Card,334.41
2024-05-14,A,Member,Cash,466.63
2025-01-14,A,Normal,Cash,333.2
2025-01-15,B,Normal,E-wallet,317.36
2025-02-08,B,Member,Cash,494.19
2024-12-12,B,Normal,E-wallet,467.78
2024-06-13,A,Normal,Cash,264.69
2024-07-14,B,Member,Cash,467.02
2025-02-06,B,Member,E-wallet,195.41
2024-12-09,B,Member,Cash,109.32
2024-07-06,B,Member,Cash,81.13
2024-03-22,B,Member,Cash,482.13
2024-05-18,A,Member,Cash,466.7
2024-10-15,A,Member,E-wallet,161.45
2025-01-05,A,Normal,Cash,26.19
2024-11-19,A,Member,Credit Card,218.44
2024-12-30,B,Normal,Credit Card,199.87
2024-12-17,B,Normal,Cash,190.43
2024-02-25,A,Normal,E-wallet,341.44
2024-11-21,B,Normal,Cash,262.55
2024-11-05,B,Normal,E-wallet,238.89
2024-10-30,B,Member,Credit Card,318.35
2025-01-24,A,Normal,Cash,131.53
2024-12-26,A,Member,Cash,35.24
2025-02-09,B,Normal,Cash,386.05
2024-04-01,A,Member,Cash,158.94
2024-12-18,A,Normal,Cash,89.22
2024-05-22,B,Member,E-wallet,46.55
2024-04-26,B,Normal,Credit Card,496.11
2024-09-20,A,Member,Credit Card,371.57
2024-03-25,A,Member,Cash,97.97
2024-10-20,A,Member,E-wallet,348.99
2024-07-06,B,Normal,E-wallet,412.59
2024-08-06,A,Normal,Credit Card,139.86
2024-12-22,B,Normal,E-wallet,262.21
2024-06-27,B,Member,E-wallet,135.45
2024-10-09,A,Normal,Credit Card,89.02
2024-02-23,A,Normal,Credit Card,469.18
2024-10-16,B,Member,Credit Card,125.89
2024-03-11,B,Member,Credit Card,472.91
2024-04-01,B,Member,E-wallet,228.11
2024-03-12,B,Normal,Cash,174.16
2024-02-15,B,Member,E-wallet,493.69
2024-06-05,A,Member,Cash,88.46
2025-01-09,B,Normal,Credit Card,135.82
2024-04-27,B,Member,E-wallet,166.13
2024-11-11,B,Normal,Cash,197.72
2025-01-31,A,Normal,E-wallet,415.16
2024-05-26,A,Normal,Credit Card,198.6
2024-10-18,A,Member,E-wallet,124.33
2024-05-01,B,Member,E-wallet,306.63
2025-01-21,A,Member,Cash,200.31
2024-07-12,A,Normal,E-wallet,284.66
2025-01-14,B,Member,Cash,155.85
2024-02-15,A,Member,E-wallet,488.29
2024-05-26,B,Normal,E-wallet,401.05
2024-05-01,A,Normal,Credit Card,471.41
2024-11-17,B,Normal,Credit Card,251.4
2025-01-30,B,Normal,Cash,312.45
2025-01-03,B,Member,E-wallet,279.21
2024-04-27,A,Normal,E-wallet,183.26
2024-10-08,B,Normal,Cash,269.96
2024-07-30,B,Normal,Credit Card,320.86
2024-05-04,A,Normal,Credit Card,222.95
2024-11-09,A,Normal,E-wallet,419.94
2024-09-26,B,Member,Cash,358.2
2025-01-19,A,Normal,Credit Card,115.79
2024-02-28,A,Normal,Credit Card,435.99
2024-05-07,A,Member,Credit Card,211.66
2024-04-16,A,Member,E-wallet,274.92
2024-12-29,B,Member,E-wallet,413.58
2024-10-06,A,Normal,Cash,411.29
2024-09-13,A,Normal,E-wallet,414.53
2024-03-15,B,Member,Credit Card,167.24
2024-09-18,B,Normal,Cash,109.89
2024-04-29,A,Normal,Credit Card,57.8
2024-04-03,A,Member,E-wallet,461.05
2024-05-07,B,Member,Cash,12.6
2024-07-01,B,Normal,Cash,218.27
2025-02-11,A,Normal,Credit Card,483.8
2024-12-19,A,Normal,Cash,182.58
2024-06-18,A,Normal,Cash,124.84
2024-03-15,A,Member,Cash,143.19
2024-10-30,A,Normal,Cash,430.64
2024-09-25,A,Member,Cash,83.91
2024-08-06,B,Normal,Credit Card,148.28
2024-12-24,B,Normal,Cash,341.98
2024-04-22,B,Normal,Credit Card,71.46
2024-11-24,B,Member,Credit Card,216.7
2024-03-06,B,Normal,Cash,324.77
2024-12-31,A,Normal,Credit Card,196.28
2024-02-23,B,Normal,Cash,479.4
2025-01-11,B,Member,E-wallet,258.32
2024-09-04,B,Normal,E-wallet,163.12
2025-02-05,B,Member,Cash,264.85
2024-10-12,B,Member,Cash,488.27
2024-05-10,A,Member,Credit Card,106.26
2024-07-23,A,Normal,Credit Card,347.58
2024-03-25,B,Member,E-wallet,261.01
2024-10-27,A,Member,Credit Card,140.39
2024-09-15,B,Normal,E-wallet,204.78
2024-11-02,B,Member,Credit Card,336.76
2024-09-21,B,Member,Credit Card,50.82
2024-02-20,B,Normal,Credit Card,111.35
2024-03-18,B,Member,E-wallet,453.84
2024-05-11,A,Member,Cash,29.53
2024-05-20,A,Normal,Credit Card,193.43
2024-12-14,B,Normal,E-wallet,429.16
2025-02-09,B,Member,E-wallet,432.48
2024-11-21,B,Member,Credit Card,329.47
2024-06-02,B,Normal,E-wallet,143.9
2024-03-31,B,Normal,Cash,194.77
2024-04-13,A,Member,E-wallet,316.81
2024-12-05,A,Member,E-wallet,171.96
2024-02-21,B,Normal,Credit Card,292.46
2024-10-19,B,Normal,Credit Card,72.87
2024-10-12,A,Member,Cash,316.45
2024-11-22,B,Normal,E-wallet,326.3
2024-12-31,B,Member,E-wallet,354.18
2024-10-25,B,Member,Credit Card,135.09
2024-02-26,A,Member,E-wallet,28.23
2024-08-15,B,Normal,Credit Card,14.09
2024-06-07,A,Member,Credit Card,443.54
2024-08-20,B,Member,Cash,96.84
2024-10-12,B,Member,Cash,448.33
2024-08-23,A,Member,Cash,309.78
2024-08-01,A,Normal,Cash,199.55
2024-09-28,B,Member,Credit Card,259.81
2024-07-20,B,Member,E-wallet,300.21
2024-10-30,B,Member,Credit Card,33.63
2024-12-13,B,Normal,E-wallet,451.06
2024-12-28,A,Member,Cash,224.45
2024-05-20,B,Member,Credit Card,21.19
2024-06-09,A,Member,Cash,27.05
2024-07-27,B,Member,Credit Card,433.73
2024-05-07,A,Member,Credit Card,424.0
2024-07-05,B,Member,E-wallet,89.86
2024-06-16,A,Member,Cash,257.09
2024-05-16,A,Member,Cash,119.29
2024-03-29,B,Normal,Cash,29.79
2024-08-06,B,Normal,Credit Card,260.71
2024-08-01,B,Normal,Cash,258.26
2024-05-12,B,Member,E-wallet,380.87
2024-10-26,A,Normal,E-wallet,287.67
2024-05-04,B,Normal,Credit Card,437.92
2024-12-27,A,Normal,Cash,73.76
2024-08-11,A,Normal,Cash,282.41
2024-04-07,B,Normal,Cash,267.65
2025-01-23,B,Member,E-wallet,187.81
2024-12-02,B,Member,E-wallet,340.85
2025-02-07,B,Member,E-wallet,244.64
2024-06-05,B,Member,E-wallet,278.67
2024-04-05,B,Member,Cash,45.69
2025-01-27,A,Normal,E-wallet,307.03
2024-12-21,B,Normal,Cash,288.21
2024-09-29,B,Member,Credit Card,39.99
2024-07-04,B,Member,Cash,290.96
2024-05-15,B,Normal,Cash,126.52
2024-06-03,A,Normal,Cash,431.1
2024-11-24,A,Member,E-wallet,108.17
2024-08-27,A,Member,Credit Card,481.97
2024-10-18,A,Member,Cash,362.93
2024-08-14,B,Normal,E-wallet,207.21
2024-05-17,B,Normal,Credit Card,233.68
2024-10-25,B,Member,Credit Card,50.03
2024-07-02,B,Normal,Credit Card,449.68
2024-11-22,A,Normal,Credit Card,120.62
2024-09-09,B,Member,E-wallet,38.51
2024-09-16,B,Normal,E-wallet,304.99
2024-12-30,A,Member,Credit Card,424.47
2024-07-08,B,Member,Credit Card,24.6
2024-05-09,B,Member,Cash,210.4
2024-04-14,B,Normal,Cash,158.04
2024-12-10,B,Normal,Credit Card,82.71
2025-02-03,B,Normal,Cash,33.2
2024-10-07,A,Normal,E-wallet,212.62
2025-01-01,A,Member,Cash,74.07
2025-01-30,A,Member,Credit Card,53.96
2024-09-27,B,Member,Credit Card,279.69
2024-12-11,A,Member,E-wallet,260.98
2025-02-07,A,Normal,Credit Card,233.94
2024-02-29,A,Member,Cash,215.9
2024-02-29,A,Normal,E-wallet,370.13
2024-05-19,A,Normal,Credit Card,369.86
2024-03-28,A,Normal,E-wallet,186.81
2024-04-10,B,Member,Cash,305.57
2024-10-12,A,Member,E-wallet,437.32
2024-04-19,B,Normal,Cash,437.51
2024-05-03,B,Normal,E-wallet,46.01
2024-07-23,A,Normal,Credit Card,157.74
2024-04-17,A,Member,Cash,472.11
2024-08-23,B,Member,Cash,447.87
2024-09-17,A,Normal,E-wallet,33.51
2024-08-21,A,Member,E-wallet,423.05
2025-01-13,B,Normal,Credit Card,244.42
2024-06-24,B,Member,Cash,339.36
2024-06-02,B,Normal,Cash,459.84
2024-02-26,B,Normal,E-wallet,234.61
2024-04-20,B,Member,E-wallet,464.44
2024-08-13,B,Normal,Cash,343.1
2024-08-15,B,Member,E-wallet,87.39
2024-12-01,A,Normal,Credit Card,422.64
2024-12-19,A,Normal,Cash,234.59
2025-02-07,A,Normal,Credit Card,386.51
2024-05-10,A,Member,Cash,310.83
2024-08-07,B,Normal,E-wallet,471.17
2024-04-06,B,Normal,Cash,469.27
2024-02-19,B,Normal,Credit Card,399.56
2024-10-04,B,Normal,E-wallet,206.34
2025-01-03,A,Member,Credit Card,235.77
2024-08-19,B,Member,E-wallet,341.33
2025-01-25,B,Member,Cash,350.81
2025-01-26,A,Member,E-wallet,257.0
2024-02-29,B,Normal,Credit Card,188.56
2024-03-11,B,Member,E-wallet,387.84
2024-02-24,A,Normal,Credit Card,62.28
2024-08-21,B,Member,E-wallet,253.53
2025-02-01,B,Normal,E-wallet,423.53
2024-12-05,B,Normal,Cash,11.63
2024-03-24,B,Member,E-wallet,54.72
2024-09-11,B,Member,E-wallet,65.67
2025-01-22,B,Normal,Credit Card,353.28
2024-12-11,B,Normal,Cash,198.96
2024-05-11,B,Member,Cash,468.93
2024-07-09,A,Normal,Credit Card,113.97
2024-06-13,A,Member,E-wallet,59.77
2024-09-08,A,Member,Credit Card,109.43
2024-02-21,A,Normal,Credit Card,118.91
2024-09-24,B,Normal,Cash,489.77
2024-04-28,A,Member,E-wallet,480.15
2024-07-30,A,Normal,E-wallet,442.73
2024-09-15,A,Normal,Credit Card,151.02
2024-06-23,A,Member,Cash,312.94
2024-09-21,A,Normal,Credit Card,125.19
2024-12-10,A,Member,Credit Card,82.87
2024-10-19,B,Member,Credit Card,421.92
2024-08-21,B,Normal,Credit Card,492.61
2025-01-10,A,Normal,Credit Card,172.64
2024-05-08,A,Member,E-wallet,89.52
2024-11-21,A,Member,Credit Card,287.9
2024-08-21,B,Normal,Credit Card,306.6
2024-07-27,B,Member,E-wallet,315.44
2024-09-05,A,Member,E-wallet,191.4
2024-10-13,B,Normal,E-wallet,310.99
2024-03-16,B,Normal,Cash,264.61
2025-01-02,A,Member,Credit Card,81.58
2024-10-04,B,Member,E-wallet,125.87
2024-12-01,A,Member,Cash,106.71
2024-11-07,B,Member,Credit Card,29.23
2025-01-05,A,Member,Cash,415.0
2024-02-14,A,Normal,E-wallet,210.57
2024-02-16,B,Member,E-wallet,160.3
2024-09-05,A,Member,Credit Card,147.36
2024-11-16,A,Normal,Cash,84.2
2024-08-15,B,Member,Credit Card,496.15
2024-05-20,A,Member,Credit Card,356.33
2024-10-30,A,Normal,E-wallet,147.47
2024-10-25,A,Normal,Cash,366.81
2024-05-14,B,Member,Cash,357.51
2024-10-29,B,Member,E-wallet,22.91
2024-11-10,B,Normal,Credit Card,359.04
2024-07-04,B,Member,Credit Card,72.41
2024-03-30,B,Member,E-wallet,293.64
2024-06-02,B,Member,Cash,179.62
2024-10-28,B,Member,E-wallet,152.62
2024-04-09,B,Normal,Credit Card,209.22
2024-10-12,A,Member,E-wallet,449.26
2024-02-22,B,Normal,Cash,322.5
2025-01-12,B,Normal,Credit Card,129.5
2024-12-05,A,Member,Cash,260.55
2024-10-31,B,Normal,E-wallet,199.55
2024-06-17,B,Normal,Cash,416.0
2024-10-24,B,Normal,Credit Card,498.71
2024-02-12,A,Member,Cash,76.55
2024-03-02,A,Normal,Credit Card,175.46
2024-07-13,A,Member,E-wallet,129.4
2024-04-16,B,Member,Cash,172.56
2024-03-15,B,Member,Cash,475.02
2024-04-21,B,Member,Cash,49.0
2024-09-14,A,Normal,E-wallet,336.31
2024-05-29,B,Normal,Cash,364.38
2024-02-21,B,Normal,Cash,281.34
2024-04-12,A,Member,Cash,205.76
2024-09-03,B,Member,E-wallet,311.71
2024-03-29,A,Member,E-wallet,32.76
2024-04-30,B,Normal,E-wallet,400.77
2024-12-11,B,Normal,Cash,134.57
2024-12-20,B,Normal,Cash,400.24
2024-12-13,B,Normal,E-wallet,355.9
2024-05-27,B,Member,E-wallet,473.35
2024-12-11,B,Normal,E-wallet,42.04
2024-04-02,B,Member,E-wallet,247.23
2024-05-07,A,Normal,Credit Card,489.55
2025-02-11,B,Member,Credit Card,251.58
2024-03-14,B,Member,Credit Card,106.9
2024-02-24,B,Member,E-wallet,218.1
2024-04-03,B,Normal,Cash,262.98
2024-03-10,B,Normal,E-wallet,237.65
2024-02-26,A,Normal,Cash,103.99
2024-09-14,B,Normal,Credit Card,141.49
2024-07-24,B,Normal,Credit Card,415.2
2024-05-26,B,Member,E-wallet,89.49
2024-08-13,B,Normal,E-wallet,373.01
2024-05-15,A,Normal,Credit Card,104.86
2024-10-10,B,Normal,E-wallet,74.32
2025-01-02,B,Normal,Cash,363.49
2024-04-28,B,Normal,E-wallet,82.62
2024-04-10,B,Member,E-wallet,256.53
2024-03-04,B,Member,Credit Card,343.87
2024-08-21,A,Normal,Cash,176.69
2024-07-14,B,Normal,Credit Card,423.78
2024-06-25,B,Normal,Credit Card,494.62
2024-04-04,B,Member,Cash,438.9
2025-01-14,B,Normal,Cash,23.95
2024-03-18,B,Member,Cash,411.08
2024-11-11,B,Member,E-wallet,309.04
2024-04-05,B,Normal,E-wallet,375.68
2025-01-15,B,Normal,Credit Card,345.81
2024-02-17,A,Member,E-wallet,204.77
2024-12-25,A,Member,E-wallet,209.66
2024-07-30,B,Normal,Credit Card,23.9
2024-03-13,A,Member,Credit Card,198.28
2024-05-09,A,Normal,E-wallet,177.66
2024-10-04,A,Normal,E-wallet,237.26
2024-10-27,B,Member,Cash,328.53
2024-09-26,A,Member,Cash,236.16
2024-11-14,B,Member,E-wallet,48.4
2024-07-25,B,Normal,Credit Card,216.0
2024-08-18,B,Normal,Credit Card,300.24
2024-12-30,B,Member,E-wallet,26.86
2024-11-20,B,Normal,Credit Card,43.14
2024-10-27,A,Normal,E-wallet,282.72
2024-12-02,A,Member,E-wallet,471.01
2024-11-27,B,Member,Cash,363.6
2024-03-27,B,Member,E-wallet,15.99
2024-05-01,A,Normal,Cash,439.18
2024-02-13,B,Member,Cash,128.53
2024-08-09,A,Member,E-wallet,451.22
2025-02-04,B,Member,Credit Card,212.46
2024-09-15,B,Member,Credit Card,136.57
2024-11-15,B,Member,Credit Card,107.84
2024-11-01,B,Member,Credit Card,155.66
2025-02-09,A,Normal,Credit Card,271.16
2024-05-29,B,Member,Credit Card,338.54
2025-01-15,A,Member,E-wallet,126.73
2024-11-15,A,Member,E-wallet,234.75
2024-09-24,A,Member,E-wallet,36.39
2024-07-25,A,Member,E-wallet,310.25
2024-05-20,B,Normal,Cash,356.62
2024-02-15,A,Member,Cash,92.81
2024-03-07,B,Normal,Credit Card,114.93
2024-10-11,B,Member,Cash,267.94
2024-04-26,A,Normal,Cash,385.08
2024-09-01,B,Member,Credit Card,314.87
2024-10-11,B,Member,Cash,373.28
2024-12-31,B,Normal,Credit Card,436.09
2024-06-16,B,Member,Cash,318.63
2025-01-05,B,Normal,Credit Card,302.54
2024-11-02,B,Normal,E-wallet,76.5
2024-10-14,B,Normal,E-wallet,76.06
2024-11-05,A,Normal,E-wallet,35.26
2025-01-23,B,Member,E-wallet,73.11
2024-06-20,B,Normal,E-wallet,169.0
2024-06-09,A,Normal,E-wallet,69.12
2024-07-09,B,Normal,E-wallet,85.25
2024-03-08,A,Member,E-wallet,124.72
2024-08-29,A,Member,Credit Card,467.37
2024-11-07,B,Normal,Credit Card,379.16
2024-02-15,B,Member,Cash,499.03
2024-04-10,A,Member,Credit Card,447.68
2024-08-12,B,Member,E-wallet,420.39
2024-08-20,A,Normal,Cash,384.95
2024-02-25,A,Member,E-wallet,218.1
2025-02-06,B,Normal,Credit Card,432.64
2024-11-12,B,Member,Cash,141.04
2024-11-21,B,Normal,Credit Card,242.09
2024-08-25,A,Member,Cash,261.7
2025-01-22,A,Normal,Cash,283.76
2024-06-19,B,Normal,Credit Card,65.82
2024-04-17,B,Normal,Cash,85.88
2024-07-01,A,Normal,E-wallet,237.34
2024-02-23,A,Member,Credit Card,373.11
2024-08-28,A,Normal,Credit Card,88.11
2024-05-31,A,Member,E-wallet,128.15
2024-12-06,B,Member,Credit Card,314.49
2024-03-22,A,Member,Cash,91.3
2024-05-24,B,Normal,Credit Card,46.72
2024-05-07,A,Normal,E-wallet,421.05
2024-03-02,B,Normal,Credit Card,315.43
2025-01-16,A,Member,Credit Card,232.07
2024-04-08,B,Member,E-wallet,31.61
2024-02-20,A,Normal,Cash,455.1
2024-04-20,A,Member,Credit Card,193.2
2024-11-28,A,Normal,Credit Card,408.14
2024-07-01,B,Member,Cash,90.07
2024-07-15,B,Normal,Credit Card,140.86
2024-05-17,A,Normal,Credit Card,97.61
2024-11-04,B,Normal,Credit Card,394.26
2025-01-26,B,Member,Cash,422.3
2024-10-22,B,Normal,E-wallet,148.68
2024-06-01,A,Normal,Credit Card,264.64
2024-12-18,B,Member,Credit Card,37.38
2024-12-30,B,Normal,Credit Card,351.57
2025-01-22,A,Normal,Credit Card,472.31
2024-10-27,B,Member,Cash,482.95
2024-05-19,A,Normal,E-wallet,107.22
2024-07-31,B,Normal,E-wallet,368.71
2024-03-24,B,Member,Credit Card,62.98
2024-07-26,A,Member,Credit Card,281.51
2024-09-02,B,Normal,Cash,360.12
2024-02-15,A,Member,E-wallet,154.68
2025-01-12,A,Member,E-wallet,260.15
2024-06-09,A,Member,Cash,366.07
2024-03-27,A,Member,E-wallet,278.93
2024-03-07,B,Normal,Credit Card,404.17
2025-02-01,A,Normal,Credit Card,387.2
2024-12-27,A,Member,Credit Card,102.6
2024-04-19,B,Member,Credit Card,108.96
2024-12-07,B,Normal,Cash,300.73
2024-11-16,A,Member,Cash,32.83
2024-05-24,B,Member,Cash,301.61
2024-09-17,B,Member,E-wallet,374.03
2024-06-05,A,Normal,E-wallet,287.88
2024-04-22,B,Normal,Cash,70.95
2024-09-11,A,Member,E-wallet,244.35
2024-06-26,B,Normal,Credit Card,486.82
2025-02-07,A,Member,Cash,458.02
2024-06-21,A,Normal,E-wallet,55.89
2024-04-07,A,Normal,Cash,141.36
2024-05-03,A,Member,E-wallet,339.86
2024-05-18,A,Normal,Cash,427.56
2024-02-24,A,Member,E-wallet,338.87
2025-01-27,A,Member,E-wallet,86.97
2024-12-19,A,Member,Cash,274.24
2024-07-15,B,Normal,Cash,413.95
2024-02-20,A,Normal,Credit Card,479.68
2024-06-15,B,Member,Cash,15.37
2024-02-17,A,Member,E-wallet,357.72
2024-12-26,B,Member,E-wallet,426.5
2024-10-15,B,Member,Credit Card,135.27
2024-05-31,A,Member,E-wallet,491.48
2024-08-13,A,Member,Credit Card,393.39
2024-09-14,A,Member,Cash,98.86
2025-01-02,B,Member,Credit Card,377.31
2024-08-05,B,Member,E-wallet,298.63
2024-09-18,A,Normal,E-wallet,411.19
2024-05-08,B,Member,Cash,151.66
2024-07-20,A,Normal,E-wallet,168.78
2024-07-24,B,Member,Credit Card,403.84
2024-06-21,A,Normal,Cash,45.85
2024-12-26,A,Normal,E-wallet,468.26
2024-10-31,B,Member,Cash,218.17
2024-04-01,A,Member,E-wallet,293.13
2024-10-13,B,Normal,Credit Card,397.25
2025-02-06,B,Member,Credit Card,257.59
2024-02-13,A,Normal,E-wallet,424.61
2024-04-24,B,Member,Credit Card,350.79
2024-05-24,A,Member,Credit Card,445.5
2024-12-13,B,Member,Cash,475.81
2024-10-07,A,Member,Cash,489.77
2024-10-17,A,Member,Credit Card,93.65
2024-07-18,A,Normal,E-wallet,142.92
2025-01-16,B,Normal,E-wallet,415.65
2025-01-03,A,Member,Credit Card,195.64
2024-03-27,B,Member,Cash,30.17
2024-04-06,A,Normal,Cash,268.6
2024-05-25,B,Normal,Credit Card,353.64
2024-08-01,B,Member,E-wallet,381.58
2024-05-21,A,Normal,Credit Card,91.97
2024-06-21,B,Member,E-wallet,30.14
2024-03-09,A,Normal,Credit Card,136.0
2024-06-15,A,Member,Credit Card,229.42
2024-09-17,B,Member,Cash,492.71
2024-03-24,B,Normal,Cash,223.54
2024-11-02,A,Member,Cash,314.54
2024-05-27,A,Member,Cash,365.61
2024-08-19,B,Normal,E-wallet,130.34
2024-09-27,A,Member,Cash,62.39
2025-01-15,A,Member,Cash,68.75
2024-08-22,A,Normal,E-wallet,420.15
2024-07-07,B,Normal,Cash,280.67
2024-08-01,A,Member,Credit Card,359.33
2025-01-29,B,Member,Credit Card,108.79
2024-08-09,A,Normal,Credit Card,384.73
2024-06-01,A,Normal,Credit Card,251.98
2024-03-09,B,Member,Credit Card,269.87
2024-09-18,A,Normal,Credit Card,213.64
2024-05-15,A,Member,E-wallet,311.58
2024-10-06,A,Normal,Cash,493.38
2024-08-11,B,Member,Cash,190.01
2024-07-22,A,Normal,E-wallet,198.63
2024-05-06,A,Member,Credit Card,497.96
2025-01-13,B,Normal,E-wallet,43.71
2024-09-18,B,Member,Cash,177.12
2024-09-18,A,Normal,Credit Card,403.45
2024-06-05,A,Member,E-wallet,423.13
2024-02-15,A,Member,Cash,171.56
2024-12-01,A,Normal,Cash,446.15
2024-05-01,A,Member,Credit Card,473.07
2024-09-01,A,Normal,Cash,385.93
2024-09-25,B,Member,Cash,299.87
2024-10-27,A,Member,E-wallet,77.07
2024-06-26,B,Normal,E-wallet,391.38
2024-08-06,A,Member,Cash,328.79
2024-04-01,A,Member,Cash,489.43
2024-06-30,A,Normal,Cash,252.5
2024-06-20,B,Member,Credit Card,383.71
2025-02-09,A,Member,Cash,447.91
2024-04-06,A,Member,Cash,44.77
2024-08-28,B,Normal,Credit Card,91.65
2024-04-22,A,Normal,Cash,268.54
2024-03-04,B,Normal,E-wallet,80.48
2024-07-10,A,Member,Credit Card,152.4
2024-10-28,B,Normal,E-wallet,48.33
2024-09-02,B,Normal,Credit Card,424.43
2024-06-08,A,Member,Cash,220.82
2024-10-06,B,Member,Cash,166.98
2024-05-18,A,Normal,E-wallet,374.54
2024-09-06,A,Member,E-wallet,351.07
2024-11-27,B,Normal,Credit Card,119.43
2024-04-26,A,Normal,Cash,319.55
2024-07-04,B,Member,Credit Card,324.47
2025-01-01,A,Normal,Credit Card,82.49
2024-04-20,A,Member,Cash,297.08
2024-08-04,A,Member,E-wallet,468.16
2024-07-24,B,Normal,Cash,420.93
2024-02-24,B,Normal,Cash,305.78
2024-11-15,B,Member,Cash,103.68
2024-09-03,A,Member,E-wallet,286.84
2024-05-16,A,Member,E-wallet,320.17
2024-07-30,B,Member,Cash,82.77
2024-11-19,B,Member,Cash,213.37
2024-05-09,A,Member,E-wallet,337.58
2024-08-09,A,Member,Cash,320.79
2024-04-02,A,Member,Cash,330.34
2024-06-13,A,Member,Credit Card,348.27
2024-07-20,A,Normal,Cash,40.27
2024-06-26,A,Member,Cash,98.04
2024-12-30,A,Normal,Cash,273.83
2024-09-06,B,Normal,Cash,360.88
2024-08-22,A,Normal,Cash,425.66
2024-05-31,B,Normal,Credit Card,179.46
2024-10-28,A,Normal,Credit Card,117.86
2024-05-21,A,Member,Cash,172.89
2025-01-05,A,Member,Credit Card,91.05
2024-09-06,B,Member,Credit Card,496.7
2024-08-04,A,Normal,Credit Card,41.38
2024-07-11,B,Normal,E-wallet,430.25
2024-11-17,B,Normal,Cash,416.38
2024-09-04,B,Normal,E-wallet,86.91
2024-02-19,A,Normal,E-wallet,136.28
2024-05-13,B,Normal,Cash,449.7
2024-07-09,A,Member,Cash,491.74
2024-03-27,A,Member,Credit Card,343.19
2024-08-07,B,Normal,E-wallet,227.23
2024-06-09,A,Normal,Credit Card,33.85
2024-06-15,A,Member,E-wallet,98.6
2024-04-30,A,Normal,E-wallet,265.42
2024-12-15,A,Normal,Cash,21.75
2024-07-24,A,Normal,Credit Card,489.73
2024-03-24,A,Member,Cash,40.05
2025-02-10,B,Member,Credit Card,150.8
2024-06-20,A,Member,E-wallet,230.83
2024-05-17,A,Member,Credit Card,118.37
2025-01-25,B,Normal,E-wallet,10.34
2024-10-18,B,Member,Cash,294.99
2024-03-24,B,Normal,Credit Card,499.92
2025-02-10,B,Normal,Credit Card,261.17
2024-09-07,A,Member,Cash,96.36
2024-02-20,B,Member,Credit Card,415.03
2024-10-07,A,Member,Credit Card,302.17
2024-11-28,B,Member,Cash,219.76
2024-08-12,A,Normal,E-wallet,34.22
2024-03-31,B,Member,Credit Card,295.01
2024-08-20,A,Member,Cash,29.84
2024-10-21,A,Normal,E-wallet,373.79
2025-01-30,A,Normal,Credit Card,85.86
2024-06-13,B,Normal,Cash,37.49
2025-01-06,A,Normal,Cash,156.89
2024-08-04,B,Normal,Credit Card,381.03
2024-05-12,B,Member,Credit Card,194.54
2024-05-17,A,Member,Credit Card,276.64
2024-11-20,B,Member,Cash,410.53
2024-08-30,A,Member,Credit Card,156.47
2024-11-11,B,Member,Cash,448.13
2024-11-20,A,Member,Cash,331.94
2024-08-16,B,Normal,E-wallet,445.39
2024-04-29,A,Normal,Credit Card,366.44
2024-04-11,B,Member,Credit Card,127.28
2024-08-27,B,Normal,E-wallet,380.11
2025-01-28,A,Normal,E-wallet,392.44
2024-08-21,B,Normal,Cash,264.35
2024-07-08,A,Normal,Cash,23.96
2024-12-30,B,Member,E-wallet,139.31
2024-02-29,B,Member,Credit Card,303.12
2024-08-14,B,Member,E-wallet,292.66
2024-11-26,B,Normal,Credit Card,91.59
2024-12-09,B,Normal,Credit Card,95.1
2024-06-01,A,Normal,Cash,82.0
2024-05-26,B,Member,E-wallet,405.48
2024-11-03,A,Member,E-wallet,455.43
2024-07-07,B,Member,Credit Card,27.1
2024-06-08,B,Member,E-wallet,210.96
2024-05-14,A,Normal,E-wallet,397.84
2025-01-10,B,Member,Credit Card,22.21
2024-06-27,B,Normal,Cash,387.61
2024-08-15,A,Normal,E-wallet,470.82
2024-12-29,A,Normal,Cash,278.85
2025-02-01,A,Member,E-wallet,341.14
2024-04-19,B,Normal,E-wallet,189.07
2024-07-21,B,Normal,Cash,92.26
2024-07-30,B,Normal,E-wallet,349.17
2024-10-04,B,Normal,E-wallet,81.27
2024-09-24,B,Normal,E-wallet,141.13
2024-11-01,A,Member,E-wallet,361.29
2024-04-10,B,Normal,Cash,237.11
2024-03-17,B,Member,E-wallet,106.85
2024-10-22,A,Normal,Credit Card,148.2
2024-03-17,A,Member,Credit Card,365.55
2024-11-01,A,Member,Credit Card,483.94
2024-04-11,A,Member,Cash,456.23
2024-09-26,B,Member,Cash,464.66
2024-07-19,A,Member,Cash,136.8
2024-10-19,B,Normal,Credit Card,67.36
2025-02-03,B,Member,E-wallet,329.04
2024-03-28,B,Member,E-wallet,94.81
2025-02-01,A,Member,Credit Card,454.09
2024-11-25,B,Normal,Cash,219.15
2024-08-24,B,Normal,E-wallet,382.33
2024-09-23,B,Normal,E-wallet,147.7
2024-03-30,B,Member,Cash,489.83
2024-11-06,B,Member,E-wallet,238.04
2025-01-31,B,Normal,Cash,222.56
2025-01-18,A,Member,Cash,128.6
2024-11-05,B,Member,E-wallet,207.93
2024-07-15,A,Normal,Cash,480.34
2024-07-13,B,Normal,Credit Card,403.01
2024-10-16,B,Normal,Cash,395.67
2025-02-03,B,Normal,Credit Card,376.69
2024-09-20,A,Normal,Cash,486.29
2024-07-29,B,Member,E-wallet,385.87
2024-08-16,B,Member,E-wallet,405.25
2024-02-17,A,Member,Credit Card,317.58
2024-02-13,B,Normal,Cash,494.82
2024-12-11,A,Member,Cash,294.75
2024-08-02,B,Member,E-wallet,166.21
2024-04-04,B,Normal,Cash,374.44
2024-08-25,A,Member,E-wallet,52.61
2024-07-01,A,Normal,E-wallet,440.12
2024-07-11,B,Normal,Credit Card,206.58
2024-12-31,A,Normal,Cash,423.84
2024-06-17,A,Normal,E-wallet,55.51
2025-01-18,A,Member,E-wallet,286.31
2024-04-10,B,Normal,Credit Card,265.49
2025-02-05,B,Member,Credit Card,273.07
2024-02-29,A,Normal,E-wallet,286.22
2024-12-25,A,Normal,E-wallet,271.87
2024-04-01,A,Member,E-wallet,471.99
2024-07-07,B,Member,E-wallet,142.87
2024-09-02,A,Member,Cash,340.04
2024-05-04,B,Normal,Credit Card,386.67
2024-07-02,A,Normal,Cash,191.12
2024-09-16,B,Normal,Credit Card,369.61
2024-12-18,A,Normal,Cash,470.27
2025-01-03,A,Normal,Cash,317.06
2024-02-28,A,Normal,Cash,37.62
2024-09-01,A,Normal,E-wallet,482.15
2024-03-14,A,Member,Cash,370.83
2024-08-04,B,Member,E-wallet,122.52
2024-09-28,B,Member,E-wallet,305.94
2024-08-09,A,Normal,E-wallet,363.94
2024-12-14,B,Normal,E-wallet,239.74
2024-12-17,A,Normal,E-wallet,253.26
2024-05-26,B,Member,Cash,452.61
2024-12-12,A,Member,Credit Card,332.18
2024-04-04,B,Member,Cash,225.56
2025-01-01,A,Member,Credit Card,316.47
2024-09-04,A,Member,E-wallet,305.47
2024-12-17,A,Member,Credit Card,466.27
2024-09-05,A,Normal,Cash,223.99
2024-07-13,B,Normal,Credit Card,488.35
2024-09-24,B,Member,Cash,218.25
2025-02-06,A,Normal,Credit Card,497.3
2024-04-30,B,Member,Credit Card,298.33
2024-05-24,B,Member,E-wallet,250.42
2024-12-03,A,Member,Cash,150.41
2024-02-29,B,Member,Credit Card,419.4
2024-10-21,B,Normal,Cash,50.23
2024-06-11,A,Member,E-wallet,116.02
2024-02-13,B,Normal,E-wallet,228.62
2024-07-18,B,Normal,Credit Card,16.37
2024-07-11,B,Member,Credit Card,342.73
2024-10-26,A,Member,Cash,201.86
2024-05-31,A,Member,Credit Card,165.6
2024-02-19,A,Member,E-wallet,158.22
2024-04-29,A,Member,Credit Card,289.28
2024-11-18,A,Normal,Cash,118.92
2024-12-15,A,Normal,Cash,126.49
2024-07-01,A,Normal,Cash,207.23
2024-06-14,B,Member,Cash,33.78
2024-04-27,A,Member,Credit Card,56.84
2024-10-23,B,Normal,Credit Card,445.11
2024-04-22,A,Member,Credit Card,373.15
2024-04-11,A,Member,E-wallet,86.4
2024-06-19,B,Normal,Credit Card,498.57
2024-12-26,A,Normal,Credit Card,421.87
2024-05-04,B,Normal,Cash,220.97
2024-07-13,A,Normal,E-wallet,322.8
2024-03-02,A,Normal,Credit Card,497.5
2024-04-15,B,Normal,E-wallet,476.37
2024-12-19,A,Normal,Cash,148.88
2024-05-22,B,Normal,Credit Card,16.24
2024-10-10,A,Member,E-wallet,52.71
2024-03-28,B,Normal,Cash,365.7
2024-03-31,A,Member,Cash,473.21
2024-04-19,B,Normal,Credit Card,176.0
2025-01-08,B,Normal,E-wallet,450.46
2025-02-08,B,Member,Cash,203.32
2024-07-20,B,Normal,Cash,313.51
2025-01-30,B,Member,Cash,393.72
2024-02-15,A,Normal,Cash,429.89
2024-10-16,A,Normal,Credit Card,210.12
2024-07-15,B,Member,Cash,250.96
2024-07-04,A,Normal,Credit Card,220.57
2025-01-24,A,Normal,Cash,239.85
2024-10-18,B,Member,E-wallet,358.41
2024-06-03,A,Normal,Cash,199.49
2024-02-22,A,Member,Credit Card,40.29
2024-09-16,A,Normal,Credit Card,117.66
2024-04-24,A,Normal,Credit Card,265.36
2024-07-15,B,Member,E-wallet,72.93
2024-08-16,A,Member,Credit Card,206.25
2024-09-26,A,Member,Credit Card,54.19
2024-05-22,B,Member,E-wallet,429.02
2024-03-11,B,Member,Credit Card,401.43
2024-08-20,B,Member,E-wallet,114.25
2024-09-11,B,Member,Cash,30.88
2024-06-14,A,Normal,Credit Card,260.89
2024-08-20,A,Normal,Credit Card,422.76
2024-10-03,A,Normal,Credit Card,204.35
2024-12-20,B,Member,E-wallet,89.79
2024-04-04,A,Member,Cash,228.73
2024-06-29,A,Normal,E-wallet,445.6
2024-11-19,A,Normal,Credit Card,340.31
2024-08-14,B,Member,E-wallet,208.45
2024-07-14,B,Member,Credit Card,223.88
2024-09-15,B,Member,E-wallet,181.73
2025-01-19,A,Member,E-wallet,285.56
2025-01-02,A,Normal,Credit Card,182.42
2024-07-03,A,Normal,Credit Card,99.14
2024-05-04,B,Normal,Credit Card,164.0
2025-01-08,A,Member,Cash,444.34
2024-02-26,B,Member,Credit Card,440.18
2024-12-12,B,Normal,Credit Card,226.07
2024-07-19,B,Normal,Cash,30.26
2024-05-15,A,Member,E-wallet,77.3
2024-12-23,B,Normal,E-wallet,428.63
2024-02-25,A,Member,E-wallet,465.03
2024-06-22,A,Member,Credit Card,304.4
2024-05-11,B,Normal,Credit Card,160.14
2024-06-19,A,Normal,E-wallet,247.9
2024-10-28,B,Normal,Cash,246.81
2024-05-24,B,Member,Credit Card,352.77
2025-02-08,A,Member,E-wallet,111.48
2024-06-03,B,Member,Credit Card,179.57
2024-06-03,B,Normal,E-wallet,370.26
2024-05-20,A,Normal,Credit Card,14.02
2024-09-04,B,Normal,E-wallet,231.94
2024-10-27,A,Member,Credit Card,432.51
2025-02-02,B,Normal,Credit Card,168.5
2024-04-21,A,Member,Credit Card,12.11
2024-09-05,B,Normal,Credit Card,311.37
2024-09-20,B,Member,E-wallet,188.94
2024-02-12,A,Normal,E-wallet,190.27
2024-06-12,A,Normal,E-wallet,467.96
2025-01-10,B,Member,Cash,198.03
2024-06-01,B,Normal,Credit Card,196.13
2024-06-24,A,Normal,E-wallet,27.99
2024-06-29,A,Normal,Cash,487.16
2024-03-06,A,Normal,Credit Card,340.94
2024-07-15,B,Member,E-wallet,162.68
2024-10-20,A,Normal,Cash,455.36
2024-11-23,A,Member,E-wallet,193.38
2024-10-07,A,Member,Cash,497.29
2024-04-11,B,Normal,Cash,486.56
2025-02-06,A,Member,Cash,388.48
2024-04-08,A,Member,Cash,330.86
2024-03-30,B,Normal,Cash,334.38
2025-01-19,A,Member,Credit Card,437.45
2024-07-08,B,Normal,Cash,92.19
2024-04-20,A,Normal,Cash,409.65
2024-05-23,B,Member,Credit Card,145.7
2024-07-05,A,Normal,Cash,216.72
2024-12-07,B,Normal,Cash,192.46
2024-04-28,B,Member,Credit Card,468.09
2024-08-18,A,Normal,Credit Card,363.11
2024-06-12,A,Member,Credit Card,138.83
2024-02-17,A,Member,E-wallet,424.92
2024-11-06,B,Normal,Credit Card,91.7
2024-02-14,B,Normal,Credit Card,25.16
2024-10-28,A,Member,Credit Card,236.21
2024-06-05,B,Normal,E-wallet,241.05
2024-05-11,B,Normal,Cash,423.76
2024-06-02,B,Normal,Cash,335.45
2024-10-20,B,Member,E-wallet,438.95
2024-08-05,B,Normal,Cash,387.69
2024-11-06,B,Normal,Credit Card,498.5
2025-01-15,A,Member,E-wallet,206.3
2024-08-08,B,Member,E-wallet,335.96
2024-09-04,B,Normal,Cash,254.01
2024-04-11,A,Normal,Credit Card,165.5
2024-06-11,B,Member,E-wallet,336.5
2024-09-20,B,Normal,Credit Card,437.98
2025-01-03,B,Member,E-wallet,110.31
2024-08-28,B,Member,Credit Card,212.45
2024-03-08,B,Normal,Credit Card,133.36
2024-07-01,A,Normal,Cash,184.43
2024-09-23,B,Member,Credit Card,419.59
2024-09-17,A,Normal,E-wallet,496.7
2024-10-04,A,Normal,Credit Card,263.28
2025-01-24,A,Member,E-wallet,168.55
2024-11-21,A,Normal,Credit Card,396.08
2024-05-31,B,Normal,Cash,45.12
2024-09-01,A,Member,Cash,271.88
2024-07-10,B,Member,Credit Card,226.31
2024-07-26,A,Member,E-wallet,444.6
2024-06-21,A,Normal,Credit Card,129.78
2025-02-04,B,Normal,Credit Card,366.23
2024-03-09,B,Normal,Credit Card,347.42
2024-06-04,B,Member,E-wallet,306.94
2024-07-28,B,Normal,Cash,122.48
2024-02-14,A,Member,Cash,379.4
2024-06-19,B,Member,Credit Card,155.48
2024-06-07,B,Member,E-wallet,147.32
2024-05-08,A,Normal,E-wallet,423.47
2024-11-17,A,Normal,E-wallet,268.57
2024-04-05,B,Normal,Cash,140.35
2024-11-03,B,Normal,E-wallet,449.14
2025-02-09,B,Member,E-wallet,220.17
2024-02-18,B,Normal,Cash,125.48
2025-02-09,A,Member,E-wallet,356.04
2024-05-04,A,Member,E-wallet,399.67
2024-07-05,A,Normal,Credit Card,280.01
2024-08-11,A,Member,Credit Card,146.36
2025-01-25,B,Normal,Credit Card,81.47
2024-06-29,B,Normal,Credit Card,452.24
2024-08-27,A,Normal,E-wallet,178.0
2024-03-31,B,Member,Credit Card,307.83
2024-02-23,A,Member,Cash,65.06
2024-06-16,B,Member,Credit Card,148.69
2024-11-15,B,Normal,E-wallet,303.91
2024-03-31,A,Normal,E-wallet,165.89
2024-07-06,A,Member,Cash,499.76
2025-01-02,A,Member,Credit Card,12.5
2024-05-27,A,Normal,E-wallet,269.07
2024-08-10,B,Normal,Credit Card,426.7
2025-01-11,B,Normal,Cash,281.29
2024-12-05,A,Member,Credit Card,71.16
2024-10-29,B,Member,Credit Card,316.78
2024-06-21,B,Normal,Cash,27.41
2024-07-22,B,Member,E-wallet,416.59
2024-10-25,A,Member,E-wallet,356.88
2024-05-10,B,Normal,Credit Card,452.03
2024-03-31,A,Normal,E-wallet,308.33
2024-03-11,B,Member,E-wallet,275.7
2024-11-26,A,Member,Cash,309.3
2025-01-02,B,Normal,Cash,21.31
2024-03-24,A,Member,Credit Card,272.79
2024-11-26,A,Member,Cash,379.31
2024-03-01,B,Normal,Credit Card,145.3
2024-08-21,A,Member,Cash,447.95
2024-08-07,A,Member,E-wallet,28.58
2024-09-17,B,Member,E-wallet,44.18
2024-12-31,A,Normal,Credit Card,419.48
2025-02-09,B,Member,E-wallet,235.46
2024-08-13,B,Member,E-wallet,498.34
2025-02-02,A,Member,Cash,53.58
2024-12-08,A,Member,E-wallet,478.39
2024-02-23,B,Normal,E-wallet,46.07
2024-05-14,B,Member,Credit Card,22.38
2024-07-01,B,Member,Credit Card,430.51
2025-02-05,A,Normal,Cash,73.86
2024-03-15,B,Member,Credit Card,259.36
2024-11-09,B,Member,E-wallet,294.91
2024-11-25,A,Member,Cash,333.63
2024-11-05,A,Normal,Credit Card,362.32
2024-03-11,B,Normal,E-wallet,488.07
2024-09-07,A,Member,Cash,407.88
2024-08-26,A,Normal,Cash,180.81
2025-01-10,A,Member,Credit Card,142.63
2024-09-04,A,Member,Cash,214.28
2024-07-13,A,Normal,E-wallet,454.17
2024-08-02,B,Normal,E-wallet,305.52
2024-06-17,A,Member,Cash,49.92
2024-06-22,A,Normal,E-wallet,48.48
2024-09-22,A,Member,E-wallet,250.66
2025-02-08,B,Normal,Cash,394.54
2024-12-02,A,Normal,Credit Card,226.47
2025-01-12,B,Member,Cash,97.98
2024-03-19,A,Member,Credit Card,43.28
2024-06-15,A,Member,Cash,292.16
2024-02-14,A,Normal,Cash,133.01
2024-11-23,B,Normal,Cash,430.37
2024-07-13,B,Member,Cash,237.79
2024-05-15,A,Normal,E-wallet,340.11
2024-07-15,B,Normal,E-wallet,457.1
2024-06-17,B,Member,E-wallet,378.18
2024-04-02,B,Member,Credit Card,110.9
2024-05-08,A,Member,E-wallet,385.54
2024-11-21,A,Member,Cash,195.21
2024-04-10,B,Member,Credit Card,304.19
2024-04-25,B,Normal,E-wallet,119.89
2024-12-31,A,Member,Credit Card,204.2
2024-05-16,A,Member,Cash,158.25
2024-04-30,A,Member,Credit Card,392.02
2024-07-25,B,Member,Cash,134.41
2025-01-24,A,Member,Credit Card,450.26
2024-11-28,A,Normal,Cash,417.72
2024-05-18,B,Normal,E-wallet,405.09
2024-12-22,A,Normal,Cash,96.9
2024-11-09,A,Normal,E-wallet,373.73
2024-09-23,A,Normal,Credit Card,499.62
2024-04-06,B,Member,Cash,251.89
2024-11-09,B,Member,E-wallet,116.35
2025-01-10,A,Member,E-wallet,481.8
2024-08-15,B,Normal,Credit Card,102.83
2024-05-20,A,Member,E-wallet,120.92
2024-12-30,A,Normal,E-wallet,390.87
2024-09-14,B,Normal,Credit Card,437.04
2024-02-20,A,Member,E-wallet,227.89
2025-01-16,A,Normal,Cash,65.95
2024-04-07,B,Normal,E-wallet,218.05
2024-08-13,A,Member,Cash,235.46
2024-08-16,B,Normal,E-wallet,399.4
2024-05-02,B,Member,Cash,400.26
2024-10-01,B,Member,Credit Card,292.28
2024-06-15,A,Member,Cash,334.08
2024-11-11,A,Member,Credit Card,202.5
2024-05-20,A,Member,E-wallet,393.5
2024-11-26,B,Member,Credit Card,253.21
2024-08-25,A,Normal,Cash,89.24
2024-07-30,A,Member,Credit Card,132.37
2024-04-11,B,Member,Cash,186.25
2025-01-09,A,Normal,E-wallet,356.83
2024-09-07,A,Member,E-wallet,17.6
2024-03-25,B,Normal,Credit Card,171.07
2025-02-05,A,Normal,Cash,341.64
2024-09-23,B,Normal,Credit Card,421.74
2024-11-14,B,Normal,E-wallet,72.0
2024-05-16,B,Normal,Credit Card,493.15
2024-06-13,B,Normal,Cash,212.3
2024-04-02,B,Member,Cash,475.42
2024-07-25,A,Normal,Credit Card,357.44
2024-04-03,A,Normal,Cash,124.86
2024-09-05,B,Member,Credit Card,284.4
2024-12-30,A,Member,E-wallet,216.03
2024-02-26,B,Normal,E-wallet,376.82
2024-09-10,A,Member,Credit Card,499.92
2024-09-15,B,Normal,Credit Card,414.29
2024-05-01,B,Normal,Cash,492.96
2024-11-08,A,Member,Credit Card,224.45
2024-07-19,B,Member,E-wallet,208.61
2024-08-15,A,Member,Cash,351.39
2024-02-20,A,Member,Cash,83.98
2024-08-30,B,Member,Credit Card,321.72
2024-12-22,B,Member,Cash,356.76
2024-10-11,A,Normal,Credit Card,191.38
2025-02-11,A,Member,Credit Card,370.52
2024-12-10,B,Normal,E-wallet,423.45
2024-03-19,B,Member,E-wallet,14.46
2024-09-24,B,Normal,Cash,63.07
2024-10-27,B,Normal,Cash,202.75
2024-08-20,A,Member,Cash,171.73
2024-07-12,A,Member,E-wallet,321.99
2024-10-24,B,Normal,Cash,400.42
2024-11-24,B,Member,E-wallet,249.93
2024-10-28,B,Normal,E-wallet,462.85
2024-08-10,B,Member,Cash,176.39
2025-01-12,A,Normal,Credit Card,182.66
2024-05-15,A,Member,E-wallet,393.94
2024-06-19,A,Normal,Cash,307.13
2024-08-18,B,Member,E-wallet,146.53
2024-03-25,A,Normal,Cash,279.51
2024-05-30,A,Normal,Cash,311.2
2024-10-23,A,Member,Credit Card,395.26
2024-10-12,A,Normal,E-wallet,427.27
2024-03-31,B,Normal,Cash,59.43
2024-07-29,B,Normal,Credit Card,11.98
2024-04-10,B,Normal,E-wallet,220.19
2024-05-09,A,Member,Credit Card,483.04
2024-06-25,A,Member,E-wallet,480.15
2024-08-16,A,Normal,Cash,213.21
2024-06-12,B,Member,E-wallet,113.51
2024-03-05,A,Normal,Cash,91.37
2024-05-02,A,Normal,Cash,244.24
2024-07-30,B,Normal,E-wallet,206.83
2024-11-04,B,Normal,Cash,445.76
2024-10-18,A,Member,Cash,436.63
2024-07-04,A,Member,Credit Card,197.55
2024-05-19,A,Member,E-wallet,242.25
2024-11-03,A,Member,E-wallet,122.24
2024-02-28,B,Member,Credit Card,69.84
2024-06-08,B,Member,Cash,294.74
2024-05-30,B,Normal,Credit Card,135.71
2024-08-31,A,Member,E-wallet,96.35
2025-01-07,B,Normal,E-wallet,358.89
2024-03-19,B,Member,Credit Card,131.25
2024-10-30,B,Normal,E-wallet,275.21
2024-08-03,B,Member,Credit Card,333.72
2024-04-10,B,Member,Credit Card,453.24
2025-02-05,B,Member,Cash,282.25
2024-10-09,B,Normal,Credit Card,287.13
2024-02-17,A,Normal,Credit Card,450.78
2024-12-15,B,Normal,Cash,250.61
2024-10-28,A,Normal,E-wallet,202.09
2024-05-07,A,Normal,E-wallet,308.56
2024-08-25,A,Normal,E-wallet,40.64
2024-10-30,B,Member,Cash,305.26
2024-12-04,A,Normal,Credit Card,412.21
2024-06-29,A,Member,E-wallet,62.16
2024-03-31,A,Normal,E-wallet,378.53
2024-06-17,B,Member,E-wallet,375.01
2024-05-30,A,Normal,E-wallet,474.65
2024-02-21,B,Normal,Cash,26.21
2024-04-15,B,Member,Cash,374.48
2024-08-12,B,Member,Credit Card,290.74
2024-06-09,A,Member,Credit Card,318.16
2024-05-16,B,Member,Cash,390.38
2024-09-22,A,Member,Cash,244.99
2024-12-18,B,Normal,E-wallet,59.26
2024-10-18,B,Normal,Cash,172.22
2024-08-19,A,Member,Cash,365.4
2024-04-12,B,Member,E-wallet,102.6
2024-09-18,A,Normal,Credit Card,394.88
2024-06-22,B,Normal,E-wallet,109.39
2024-08-16,A,Member,Cash,414.12
2024-09-24,B,Normal,Cash,138.06
2024-11-30,B,Member,Cash,243.11
2024-12-11,B,Normal,E-wallet,101.59
2024-07-23,B,Member,Cash,270.88
2024-11-10,B,Member,E-wallet,383.38
2024-04-04,A,Member,Credit Card,203.94
2024-12-22,B,Normal,E-wallet,421.43
2024-04-25,A,Member,Cash,145.88
2024-08-10,B,Member,E-wallet,105.5
2024-05-13,A,Member,Cash,195.65
2024-12-04,B,Normal,Cash,481.97
2024-06-30,B,Normal,Credit Card,131.49
2024-07-04,A,Normal,Credit Card,431.42
2024-09-16,B,Member,E-wallet,354.88
2024-12-07,A,Member,Credit Card,23.5
2024-03-10,A,Member,Credit Card,10.82
2024-06-09,B,Normal,Cash,143.21
2024-08-26,A,Normal,Credit Card,223.11
2025-02-08,B,Member,Credit Card,451.8
2024-12-28,A,Normal,E-wallet,143.93
2024-08-30,A,Member,E-wallet,424.72
2024-12-30,A,Normal,Credit Card,354.28
2024-07-15,B,Member,E-wallet,411.82
2024-07-27,A,Normal,E-wallet,113.77
2024-10-10,A,Normal,Credit Card,317.03
2024-03-08,A,Member,E-wallet,299.64
2025-01-19,B,Normal,Credit Card,274.47
2024-10-16,B,Member,Credit Card,147.41
2024-03-12,A,Member,E-wallet,398.69
2024-06-27,A,Member,Cash,36.48
2024-04-18,B,Member,E-wallet,344.1
2024-05-26,B,Member,Cash,276.24
2024-11-22,B,Member,Cash,142.17
2024-04-26,B,Normal,E-wallet,417.02
2024-09-22,A,Normal,E-wallet,451.39
2024-09-13,A,Normal,E-wallet,194.46
2024-12-19,B,Normal,Credit Card,376.68
2024-07-27,A,Member,Cash,394.1
2024-07-23,A,Normal,E-wallet,302.22
2024-09-29,A,Normal,Cash,12.52
2024-05-08,B,Normal,Cash,174.15
2024-07-14,A,Normal,Cash,406.95
2024-11-15,B,Member,Cash,215.78
2024-08-17,B,Normal,Credit Card,189.71
2024-04-02,B,Member,Cash,114.72
2024-07-04,B,Member,Cash,388.28
2024-06-27,B,Member,E-wallet,307.25
2024-02-12,A,Member,Cash,229.6
2024-07-26,A,Normal,Cash,333.95
2024-09-21,B,Normal,Credit Card,321.29
2024-06-11,A,Normal,Cash,249.8
2024-10-08,A,Member,Credit Card,461.16
2024-12-24,A,Member,Cash,404.82
2024-12-31,B,Member,Cash,137.33
2024-12-11,A,Member,Credit Card,335.62
2024-11-30,A,Normal,Credit Card,418.57
2024-06-16,B,Normal,Credit Card,39.79
2024-03-19,A,Member,Credit Card,397.55
2024-04-19,B,Member,E-wallet,385.17
2024-04-11,A,Normal,Cash,466.0
2024-09-11,A,Member,E-wallet,341.17
2024-03-20,A,Member,Cash,169.44
2024-11-25,A,Member,Cash,40.18
2024-04-27,A,Member,Cash,318.96
2024-03-17,A,Member,Cash,294.48
2024-02-14,A,Member,Credit Card,413.2
2024-11-26,A,Member,E-wallet,36.88
2024-10-28,B,Member,E-wallet,205.56
2024-06-17,B,Member,Cash,234.2
2024-11-09,A,Member,E-wallet,392.1
2024-12-05,A,Member,Cash,462.55
2024-11-17,A,Member,Credit Card,363.42
2024-11-30,A,Normal,E-wallet,421.73
2025-01-31,A,Normal,Credit Card,413.3
2024-08-25,B,Normal,E-wallet,165.5
2024-12-12,B,Member,E-wallet,262.38
2024-07-13,B,Normal,Cash,346.09
2024-11-14,B,Member,E-wallet,183.18
2024-06-15,A,Normal,E-wallet,212.27
2025-02-11,A,Member,Credit Card,27.2
2024-06-04,A,Member,Credit Card,423.82
2024-08-21,B,Normal,E-wallet,170.56
2024-02-18,A,Member,E-wallet,203.21
2025-01-14,A,Member,E-wallet,234.36
2024-12-15,A,Normal,Cash,139.07
2024-03-31,B,Normal,Cash,280.1
2024-05-01,A,Member,Cash,222.64
2025-01-05,B,Member,Cash,190.02
2024-08-14,A,Normal,Cash,298.66
2024-05-06,B,Normal,Credit Card,82.82
2024-09-24,A,Member,Cash,15.49
2024-05-07,B,Normal,Credit Card,72.37
2024-09-26,A,Normal,Cash,360.43
2024-03-09,A,Member,Credit Card,434.85
2024-07-17,A,Member,Cash,248.4
2024-06-05,A,Normal,Cash,169.66
2024-04-21,A,Normal,Cash,65.62
2024-05-09,B,Normal,Cash,149.32
2024-08-04,A,Member,Cash,283.68
2024-03-30,A,Member,E-wallet,324.78
2024-10-17,B,Member,Credit Card,177.08
2024-07-27,B,Member,Credit Card,294.54
2024-11-23,B,Normal,E-wallet,44.31
2024-10-12,A,Normal,Cash,244.09
2024-09-09,B,Normal,Credit Card,329.39
2025-01-20,A,Member,Cash,215.48
2024-03-20,A,Member,E-wallet,336.02
2024-03-10,B,Member,E-wallet,134.8
2024-07-14,A,Member,Cash,212.76
2024-09-19,B,Normal,Credit Card,318.73
2024-12-14,A,Member,Credit Card,454.42
2024-08-13,B,Normal,Credit Card,492.23
2024-04-23,A,Normal,Cash,181.61
2025-01-16,A,Member,Cash,232.29
2025-01-13,B,Normal,Cash,68.74
2024-09-17,B,Normal,Credit Card,442.02
2024-10-26,B,Member,Cash,298.58
2024-05-21,B,Member,Credit Card,492.38
2024-08-12,B,Member,Credit Card,463.36
2024-08-15,B,Member,Cash,423.19
2024-11-17,A,Member,Credit Card,128.84
2024-06-10,A,Member,E-wallet,454.89
2024-11-22,A,Normal,Credit Card,450.7
2024-04-06,B,Member,Credit Card,133.25
2024-06-10,A,Normal,Credit Card,123.17
2025-02-04,A,Normal,E-wallet,396.04
2024-04-08,B,Member,E-wallet,466.73
2025-02-09,A,Normal,E-wallet,459.79
2024-03-02,B,Normal,Credit Card,113.33
2024-05-15,A,Member,Cash,499.77
2024-02-13,A,Normal,E-wallet,192.52
2025-01-27,A,Normal,Cash,266.27
2024-04-26,B,Normal,Credit Card,482.78
2024-03-29,B,Normal,Credit Card,50.98
2024-05-07,B,Normal,E-wallet,96.01
2025-01-17,B,Member,Cash,195.08
2024-05-27,B,Member,E-wallet,397.41
2025-01-27,B,Member,E-wallet,482.23
2024-11-27,A,Normal,E-wallet,95.16
2024-11-11,B,Member,E-wallet,255.4
2024-12-03,B,Normal,Cash,24.0
2024-12-30,B,Member,Cash,169.02
2024-03-05,A,Member,Credit Card,217.32
2025-02-07,B,Normal,Credit Card,287.23
2024-07-20,B,Normal,Cash,173.82
2024-08-29,B,Normal,E-wallet,311.64
2024-08-25,A,Normal,Credit Card,269.84
2024-06-14,A,Normal,Cash,499.39
2024-05-02,B,Normal,Credit Card,361.27
2024-08-21,A,Normal,Credit Card,88.67
2024-10-10,B,Normal,Credit Card,454.18
2024-07-02,B,Normal,Credit Card,101.85
2024-06-01,A,Member,Cash,374.52
2024-04-30,B,Normal,E-wallet,157.09
2024-04-26,B,Normal,E-wallet,277.48
2024-09-11,A,Normal,E-wallet,231.65
2024-12-02,A,Normal,Cash,227.49
2024-12-14,A,Member,Credit Card,340.26
2024-02-28,A,Normal,Cash,296.06
2024-10-07,A,Member,Cash,237.04
2024-08-07,B,Member,Credit Card,467.24
2024-04-13,B,Member,Credit Card,487.75
2024-07-07,B,Member,Cash,204.78
2024-07-31,B,Member,Cash,241.33
2024-06-04,A,Member,Credit Card,298.01
2024-11-10,A,Member,Cash,257.03
2024-09-17,B,Normal,Credit Card,154.02
2025-01-13,A,Member,E-wallet,359.23
2024-10-27,A,Member,E-wallet,143.09
2024-05-06,B,Member,Cash,480.94
2025-02-09,A,Normal,Cash,232.57
2024-05-13,B,Normal,E-wallet,429.92
2024-08-27,B,Normal,Cash,287.81
2024-11-15,A,Member,Cash,245.61
2024-07-24,B,Normal,Cash,243.15
2024-08-23,A,Normal,Cash,360.38
2024-09-06,A,Member,E-wallet,208.08
2024-11-18,B,Member,E-wallet,160.93
2024-04-23,B,Normal,E-wallet,197.62
2024-10-17,B,Member,E-wallet,421.28
2024-03-04,A,Normal,E-wallet,52.94
2024-07-23,A,Member,E-wallet,337.94
2024-06-14,A,Member,E-wallet,143.69
2024-02-19,A,Member,Credit Card,256.47
2024-05-05,B,Member,Credit Card,496.54
2024-10-19,B,Member,Cash,460.44
2024-08-26,B,Normal,Credit Card,441.35
2024-12-22,B,Normal,Cash,383.63
2024-04-12,B,Member,Credit Card,217.01
2024-06-25,B,Normal,E-wallet,329.96
2024-10-09,B,Normal,Credit Card,284.88
2024-03-04,B,Member,Cash,288.66
2024-03-08,A,Member,Cash,285.48
2024-05-30,A,Normal,Cash,262.38
2024-10-01,B,Member,E-wallet,322.57
2024-10-23,A,Normal,Credit Card,147.47
2024-11-16,A,Normal,Cash,434.18
2024-07-26,A,Normal,Cash,188.73
2024-08-30,B,Normal,Credit Card,189.68
2024-07-30,B,Normal,E-wallet,96.18
2025-02-02,A,Normal,E-wallet,331.22
2024-12-29,A,Normal,Credit Card,441.77
2024-11-25,B,Normal,Cash,78.66
2025-01-25,B,Normal,Credit Card,55.12
2024-09-27,B,Member,E-wallet,69.95
2024-08-22,B,Member,E-wallet,224.04
2024-11-21,B,Normal,E-wallet,145.4
2024-08-04,B,Member,Cash,152.39
2024-03-21,B,Member,Cash,447.45
2024-04-29,A,Member,Credit Card,385.64
2024-04-07,B,Member,E-wallet,24.04
2024-07-14,A,Member,E-wallet,386.1
2024-03-09,A,Member,Cash,129.41
2024-07-17,A,Member,E-wallet,464.38
2024-11-29,A,Normal,Credit Card,491.73
2024-12-18,A,Member,E-wallet,214.16
2024-04-02,B,Member,E-wallet,245.32
2024-06-07,B,Member,Cash,311.63
2024-06-17,A,Normal,E-wallet,235.71
2024-07-03,B,Normal,E-wallet,389.34
2024-09-10,A,Member,Cash,186.89
2024-12-29,A,Normal,E-wallet,242.26
2024-07-25,A,Normal,E-wallet,233.74
2024-09-04,A,Normal,Credit Card,160.93
2024-05-22,A,Member,Cash,34.38
2024-11-14,B,Normal,Cash,105.11
2024-05-11,A,Normal,Credit Card,133.35
2024-05-29,A,Normal,E-wallet,295.04
2024-03-07,B,Normal,Credit Card,469.85
2025-02-07,B,Member,Credit Card,191.62
2024-08-09,B,Member,Credit Card,336.01
2024-05-24,B,Normal,E-wallet,236.76
2025-01-26,A,Normal,E-wallet,248.1
2024-05-07,B,Normal,E-wallet,430.76
2024-05-11,A,Normal,Cash,330.11
2024-04-26,A,Normal,E-wallet,366.83
2024-06-22,B,Member,Cash,180.5
2024-10-27,B,Normal,E-wallet,385.53
2024-03-11,B,Member,Credit Card,239.31
2024-02-29,B,Normal,Cash,137.48
2024-04-13,A,Normal,E-wallet,270.71
2024-07-06,A,Normal,E-wallet,25.1
2024-09-04,A,Normal,Credit Card,334.59
2024-11-08,B,Member,Credit Card,309.87
2024-09-18,B,Normal,Credit Card,61.97
2024-03-04,B,Member,E-wallet,287.78
2024-11-09,A,Normal,Cash,18.69
2024-11-27,A,Member,Cash,35.67
2024-11-30,B,Member,Credit Card,250.5
2024-12-09,A,Normal,Credit Card,416.22
2024-11-08,A,Member,Credit Card,437.03
2024-07-27,A,Member,Credit Card,131.35
2024-10-07,B,Normal,E-wallet,106.56
2024-12-04,A,Member,Credit Card,255.48
2024-12-07,A,Normal,Cash,436.92
2024-12-11,A,Normal,Credit Card,199.4
2024-07-26,B,Normal,E-wallet,260.78
2024-04-22,B,Normal,Credit Card,156.89
2024-08-22,B,Normal,Cash,126.53
2024-11-11,A,Member,Cash,456.57
2024-10-16,B,Normal,E-wallet,187.12
2024-04-18,B,Member,Cash,42.61
2024-06-11,A,Normal,Cash,447.13
2024-11-19,A,Normal,Cash,341.96
2025-01-26,B,Member,Credit Card,394.84
2024-04-06,B,Member,Credit Card,132.44
2024-02-24,B,Member,E-wallet,74.46
2024-02-14,A,Member,Cash,382.52
2024-05-16,B,Member,E-wallet,436.83
2024-07-04,A,Member,Cash,444.52
2024-09-28,B,Normal,Cash,54.2
2024-10-06,B,Normal,Cash,214.76
2024-06-02,A,Normal,Credit Card,151.78
2024-03-18,B,Normal,E-wallet,131.39
2024-06-25,B,Member,E-wallet,30.2
2024-04-19,A,Normal,Credit Card,65.85
2024-10-24,A,Normal,Credit Card,75.75
2024-08-26,A,Normal,Cash,327.0
2025-01-04,B,Member,Credit Card,30.93
2024-12-19,B,Normal,Credit Card,160.15
2024-03-11,B,Member,Cash,156.17
2024-06-21,B,Member,Cash,51.95
2024-08-16,A,Normal,Credit Card,449.75
2024-12-24,B,Member,Credit Card,207.34
2025-01-18,B,Member,Credit Card,286.02
2024-10-25,B,Member,E-wallet,26.85
2024-05-25,A,Normal,E-wallet,85.43
2024-05-29,B,Normal,E-wallet,342.41
2024-08-12,B,Normal,Cash,28.73
2024-10-25,B,Normal,E-wallet,410.13
2024-07-21,B,Normal,Cash,328.35
2024-05-15,B,Member,E-wallet,96.93
2024-03-31,A,Member,E-wallet,55.1
2024-07-16,B,Member,E-wallet,293.77
2024-09-14,B,Member,Credit Card,185.24
2024-02-23,A,Normal,Cash,257.6
2024-08-19,A,Member,E-wallet,179.19
2024-03-11,A,Member,E-wallet,235.32
2024-11-19,B,Member,Cash,322.15
2024-06-29,B,Normal,Cash,16.92
2024-05-14,A,Member,Cash,293.62
2024-03-05,B,Normal,E-wallet,487.25
2024-07-27,B,Member,Credit Card,111.63
2024-11-14,A,Normal,Cash,37.3
2024-06-18,A,Normal,E-wallet,176.01
2024-03-01,A,Member,Credit Card,403.65
2024-10-07,B,Member,Credit Card,376.52
2024-11-15,B,Normal,Cash,372.16
2025-01-27,A,Normal,E-wallet,493.08
2024-08-14,A,Normal,Cash,412.71
2024-03-20,A,Normal,Cash,261.76
2025-01-11,B,Normal,E-wallet,119.94
2025-01-29,A,Member,Cash,35.21
2024-07-09,A,Normal,Credit Card,248.55
2025-01-04,A,Member,Cash,180.88
2024-02-16,B,Normal,Credit Card,175.71
2024-11-30,B,Member,Credit Card,365.22
2024-10-28,A,Normal,E-wallet,234.98
2024-10-06,A,Member,Credit Card,53.42
2024-05-21,B,Normal,Credit Card,495.77
2024-07-11,B,Normal,Credit Card,284.15
2024-12-25,B,Member,Cash,453.33
2024-10-12,A,Member,E-wallet,330.51
2024-07-28,A,Normal,Credit Card,144.19
2024-09-22,A,Member,Credit Card,38.31
2024-04-15,A,Member,Cash,13.37
2024-07-29,B,Normal,E-wallet,110.53
2024-04-11,B,Normal,E-wallet,127.82
2024-06-21,A,Normal,Cash,280.92
2025-01-24,A,Member,E-wallet,227.16
2025-01-07,A,Member,E-wallet,23.21
2024-03-27,B,Member,Credit Card,343.22
2024-05-23,A,Normal,E-wallet,230.1
2025-01-26,B,Member,E-wallet,274.6
2024-08-08,A,Normal,Credit Card,227.24
2024-12-24,B,Member,Cash,99.99
2024-07-30,A,Member,Cash,246.41
2024-07-31,B,Member,E-wallet,73.88
2024-08-16,A,Normal,Credit Card,24.04
2024-02-17,A,Normal,E-wallet,431.75
2025-01-22,A,Member,Cash,19.54
2024-04-18,A,Member,Cash,195.96
2024-07-24,B,Normal,Credit Card,105.99
2024-10-20,A,Member,Cash,290.26
2024-11-30,A,Member,E-wallet,488.98
2024-11-09,A,Member,E-wallet,161.12
2024-08-23,A,Member,E-wallet,114.31
2024-12-29,A,Normal,Cash,406.25
2024-02-17,A,Normal,Cash,424.79
2024-09-08,A,Normal,Cash,51.25
2024-04-30,B,Member,Cash,416.48
2025-02-03,B,Normal,Credit Card,183.33
2024-11-08,B,Normal,Credit Card,377.54
2024-10-04,B,Normal,Credit Card,25.44
2024-06-29,B,Normal,Cash,417.83
2025-01-16,A,Normal,Credit Card,131.37
2024-09-04,B,Member,Credit Card,411.41
2024-07-17,B,Normal,Credit Card,152.59
2024-12-07,A,Member,Cash,410.59
2024-08-20,A,Normal,E-wallet,253.45
2024-12-12,B,Normal,E-wallet,353.35
2024-10-06,A,Member,E-wallet,480.9
2024-10-28,A,Normal,Cash,159.03
2024-12-23,A,Normal,E-wallet,368.39
2024-12-19,A,Member,Credit Card,261.13
2024-05-08,B,Normal,Credit Card,415.5
2024-08-22,B,Normal,E-wallet,269.67
2024-10-30,A,Normal,Credit Card,330.44
2024-06-29,A,Normal,Cash,224.48
2024-07-03,A,Normal,Credit Card,390.72
2024-06-17,B,Normal,E-wallet,107.49
2024-05-17,A,Member,Credit Card,347.45
2024-03-19,B,Normal,Credit Card,368.31
2024-02-28,A,Member,E-wallet,208.47
2024-09-25,A,Normal,Cash,10.77
2024-07-21,B,Member,Credit Card,137.3
2024-08-24,A,Member,Cash,323.19
2024-10-28,B,Normal,E-wallet,17.59
2024-03-09,B,Normal,Cash,170.86
2024-04-02,A,Member,Cash,339.02
2024-04-24,B,Normal,Credit Card,327.61
2024-08-10,A,Member,E-wallet,279.45
2024-10-29,A,Member,E-wallet,491.73
2024-04-13,A,Normal,Credit Card,364.47
2024-09-02,A,Member,Cash,407.97
2024-06-28,A,Member,E-wallet,350.28
2024-02-12,B,Member,E-wallet,464.64
2025-01-20,A,Member,E-wallet,24.7
2024-06-17,A,Member,Credit Card,325.04
2025-01-17,A,Member,E-wallet,441.71
2024-08-14,A,Normal,Credit Card,290.07
2024-03-01,B,Member,Credit Card,343.67
2025-01-18,A,Member,E-wallet,335.51
2024-07-26,B,Member,E-wallet,458.66
2024-04-04,A,Member,Credit Card,130.52
2024-05-28,B,Normal,Credit Card,41.25
2024-08-27,A,Normal,E-wallet,26.99
2024-11-30,B,Member,Credit Card,193.8
2025-01-06,A,Member,Cash,450.76
2025-01-26,A,Member,E-wallet,413.42
2024-04-27,B,Member,E-wallet,81.51
2024-03-08,A,Member,Credit Card,429.79
2024-06-26,A,Member,E-wallet,32.64
2024-11-12,A,Normal,E-wallet,384.63
2024-12-16,B,Normal,Cash,136.64
2024-11-22,A,Member,Credit Card,146.53
2024-06-22,B,Normal,Cash,207.62
2025-02-06,A,Normal,Cash,289.53
2024-04-06,B,Member,Cash,419.89
2025-01-18,A,Member,Cash,382.02
2024-07-16,B,Member,Credit Card,375.04
2024-11-07,B,Member,Credit Card,320.23
2024-04-28,A,Normal,E-wallet,460.06
2024-09-26,B,Member,Credit Card,478.57
2024-09-28,A,Member,Credit Card,51.4
2024-08-06,A,Member,E-wallet,15.59
2024-10-08,A,Normal,Cash,408.4
2024-03-09,A,Normal,E-wallet,493.32
2024-11-26,B,Normal,Credit Card,13.26
2024-09-19,B,Member,Cash,450.38
2024-11-02,A,Normal,E-wallet,385.35
2024-11-05,B,Normal,E-wallet,327.33
2024-10-13,B,Member,Credit Card,104.39
2024-11-26,A,Normal,Cash,86.19
2024-07-26,A,Member,Cash,32.9
2024-10-10,B,Member,E-wallet,92.36
2025-01-16,A,Normal,Credit Card,341.54
2024-06-19,B,Member,Credit Card,323.44
2024-03-05,B,Normal,Cash,212.67
2024-05-07,A,Member,E-wallet,193.05
2024-12-20,B,Normal,E-wallet,171.22
2025-01-06,A,Member,Cash,78.58
2024-05-25,A,Normal,Credit Card,115.91
2024-06-19,B,Member,Cash,189.3
2024-06-01,B,Normal,Credit Card,28.23
2024-03-04,B,Member,E-wallet,319.85
2024-02-26,A,Member,E-wallet,376.51
2024-08-20,B,Normal,E-wallet,23.64
2024-05-19,A,Normal,Credit Card,328.9
2024-11-19,B,Normal,Credit Card,316.77
2024-02-17,B,Member,Credit Card,142.98
2024-11-28,B,Member,Cash,413.51
2024-03-07,B,Member,Cash,360.25
2024-06-25,A,Normal,Credit Card,318.25
2025-01-09,A,Member,E-wallet,28.9
2025-01-12,A,Member,E-wallet,358.75
2024-11-07,A,Normal,Credit Card,303.8
2024-06-02,A,Member,Credit Card,365.6
2024-11-16,A,Member,E-wallet,146.76
2024-06-02,B,Normal,Cash,473.59
2024-03-31,B,Member,E-wallet,478.82
2024-11-30,A,Member,Credit Card,413.4
2024-08-15,B,Member,E-wallet,227.16
2024-10-30,A,Member,Cash,471.72
2024-12-06,B,Normal,Credit Card,461.92
2025-01-29,B,Normal,E-wallet,224.23
2024-09-26,A,Normal,E-wallet,90.23
2024-10-08,B,Normal,Credit Card,255.92
2024-10-06,A,Member,Credit Card,96.97
2025-01-28,B,Member,E-wallet,41.04
2024-03-19,B,Member,Credit Card,316.23
2024-11-04,B,Normal,Credit Card,257.27
2024-12-16,B,Normal,E-wallet,195.47
2025-02-09,A,Member,Cash,25.5
2024-10-25,A,Normal,E-wallet,343.2
2024-12-12,B,Member,Credit Card,90.51
2025-02-11,A,Member,Credit Card,59.12
2024-12-19,B,Normal,Cash,378.56
2024-06-06,A,Normal,Credit Card,194.36
2024-04-25,A,Member,E-wallet,202.14
2024-04-26,B,Normal,Cash,386.33
2024-03-27,B,Member,Credit Card,92.49
2025-01-19,A,Member,Cash,247.52
2024-03-10,B,Member,Credit Card,162.53
2024-08-19,A,Normal,Cash,37.81
2024-11-02,A,Member,Cash,407.65
2025-01-25,B,Normal,Credit Card,99.02
2024-12-20,A,Normal,Credit Card,476.06
2024-06-20,B,Member,Cash,29.54
2024-06-23,A,Normal,E-wallet,25.23
2025-02-10,A,Member,Credit Card,346.55
2024-10-17,A,Normal,Credit Card,114.97
2024-05-27,A,Member,Cash,373.84
2024-11-21,B,Normal,Cash,351.53
2024-08-23,B,Normal,E-wallet,32.35
2024-02-23,B,Normal,Credit Card,104.11
2024-08-30,B,Normal,Cash,303.38
2025-02-03,B,Normal,Credit Card,157.5
2025-01-18,B,Normal,Credit Card,428.41
2024-08-06,A,Member,Credit Card,233.81
2024-05-04,A,Normal,Credit Card,370.05
2024-11-23,A,Normal,Cash,401.56
2024-11-30,B,Member,E-wallet,256.32
2024-07-26,A,Normal,Cash,229.95
2024-09-26,B,Member,Cash,180.53
2024-11-29,B,Member,Credit Card,155.45
2024-12-05,A,Normal,Cash,470.0
2025-01-21,A,Normal,Credit Card,158.61
2024-10-30,B,Normal,Cash,63.45
2025-01-30,B,Normal,Cash,336.64
2024-05-19,B,Normal,Cash,179.69
2024-08-03,B,Member,Cash,44.17
2024-03-19,A,Member,Cash,330.74
2024-06-15,B,Member,E-wallet,97.28
2024-08-26,B,Member,Cash,359.23
2024-10-13,A,Member,Credit Card,178.32
2024-12-17,B,Member,Credit Card,174.29
2024-04-15,A,Member,E-wallet,53.92
2024-03-25,B,Normal,Cash,196.11
2024-03-31,A,Member,Credit Card,51.16
2025-01-29,A,Normal,E-wallet,369.58
2025-01-28,B,Member,Cash,358.67
2024-04-08,A,Normal,Credit Card,385.22
2025-02-03,A,Member,Credit Card,67.22
2024-06-02,B,Member,Credit Card,228.63
2024-08-18,B,Member,Cash,46.76
2024-07-19,B,Member,Cash,249.78
2024-08-04,B,Normal,E-wallet,413.59
2024-03-11,B,Normal,Credit Card,210.73
2024-07-30,A,Member,Credit Card,114.45
2024-10-27,B,Member,Cash,184.61
2024-12-10,A,Normal,Cash,178.75
2024-06-11,B,Member,Cash,353.7
2024-06-02,B,Member,Credit Card,275.8
2024-05-18,A,Normal,Credit Card,374.05
2024-08-10,A,Normal,Cash,149.77
2024-02-28,B,Normal,E-wallet,369.82
2024-02-26,A,Normal,E-wallet,185.02
2025-01-13,A,Member,Cash,322.4
2024-06-01,A,Normal,Cash,218.24
2024-05-10,B,Normal,Credit Card,107.91
2024-06-30,A,Normal,Cash,480.1
2024-12-21,A,Member,E-wallet,431.38
2024-04-26,A,Normal,E-wallet,305.32
2024-07-11,A,Normal,Cash,181.22
2024-09-02,B,Member,Cash,360.81
2025-01-14,B,Normal,E-wallet,349.27
2024-06-30,A,Normal,Cash,239.75
2024-06-24,B,Member,E-wallet,17.42
2024-10-18,B,Normal,E-wallet,254.97
2024-05-01,A,Normal,Credit Card,459.95
2024-07-12,A,Member,Cash,61.27
2024-06-24,A,Normal,Credit Card,382.78
2024-07-16,A,Member,Cash,87.33
2024-05-05,A,Member,E-wallet,429.73
2024-05-21,B,Normal,Cash,237.56
2024-08-30,A,Normal,E-wallet,300.26
2024-12-09,B,Normal,E-wallet,280.16
2024-05-15,A,Member,E-wallet,477.76
2024-11-04,B,Member,Credit Card,408.01
2024-09-07,A,Normal,Credit Card,236.15
2024-02-19,B,Member,E-wallet,10.55
2024-08-19,B,Normal,E-wallet,203.68
2024-05-08,A,Member,Credit Card,423.25
2024-06-05,B,Member,Cash,432.03
2024-07-01,B,Normal,Credit Card,491.67
2024-09-04,B,Member,Cash,202.34
2024-11-09,B,Member,Credit Card,452.2
2024-12-04,A,Member,Cash,220.87
2025-01-28,B,Normal,Cash,419.3
2024-08-23,A,Member,E-wallet,24.78
2024-02-28,B,Member,Cash,418.61
2024-02-29,A,Normal,Credit Card,249.48
2024-06-06,A,Member,Credit Card,429.31
2024-05-05,B,Member,Credit Card,172.66
2024-10-23,B,Member,Cash,298.03
2024-11-12,B,Member,E-wallet,390.91
2024-02-22,A,Member,Cash,345.02
2024-04-13,B,Normal,Credit Card,172.98
2024-04-23,A,Normal,Credit Card,377.01
2024-11-04,A,Member,E-wallet,468.54
2024-04-09,A,Normal,Credit Card,57.35
2024-09-04,A,Member,E-wallet,316.5
2024-06-10,A,Member,E-wallet,261.63
2025-02-05,A,Member,Cash,161.75
2024-09-14,A,Member,Cash,298.77
2024-09-24,B,Normal,Credit Card,131.15
2024-10-24,A,Member,Cash,441.87
2024-06-27,B,Member,Credit Card,392.18
2024-11-16,B,Normal,Credit Card,96.18
2025-02-09,A,Normal,Credit Card,376.42
2024-08-03,A,Member,E-wallet,498.01
2024-06-11,A,Member,Credit Card,441.44
2024-11-17,A,Member,E-wallet,256.29
2024-11-11,B,Normal,Cash,148.44
2024-08-16,B,Normal,Cash,399.51
2024-09-16,B,Normal,E-wallet,361.94
2024-12-24,A,Normal,Credit Card,434.29
2024-12-30,B,Member,Cash,436.56
2025-01-06,A,Normal,Cash,419.91
2024-02-13,B,Normal,E-wallet,199.35
2024-10-31,A,Normal,Credit Card,144.0
2024-07-07,A,Member,E-wallet,413.69
2024-03-25,A,Member,Credit Card,303.17
2024-05-21,B,Member,E-wallet,252.5
2024-06-03,B,Member,Cash,362.52
2024-05-15,B,Member,Credit Card,231.74
2025-01-17,A,Member,Credit Card,201.94
2024-08-31,A,Member,Cash,130.81
2024-11-11,A,Member,Credit Card,256.16
2024-07-19,B,Member,Credit Card,215.47
2024-05-27,B,Member,E-wallet,206.88
2024-07-30,B,Normal,E-wallet,57.31
2024-11-17,A,Member,Credit Card,475.78
2024-03-01,B,Normal,E-wallet,137.47
2024-04-18,A,Member,Credit Card,141.71
2024-04-22,A,Normal,E-wallet,28.42
2024-08-31,B,Member,Credit Card,211.44
2024-04-12,A,Member,E-wallet,445.99
2024-06-03,B,Member,E-wallet,113.12
2024-11-02,A,Normal,Cash,239.07
2024-12-06,A,Normal,Credit Card,431.33
2025-01-28,B,Member,Credit Card,106.98
2024-08-19,A,Member,E-wallet,489.16
2024-07-14,B,Normal,Credit Card,274.36
2024-11-21,B,Normal,Cash,471.78
2024-07-05,B,Normal,E-wallet,10.96
2024-07-13,A,Member,Credit Card,123.71
2024-09-26,B,Member,E-wallet,296.38
2024-07-28,A,Normal,Cash,292.97
2024-06-12,B,Normal,Credit Card,290.64
2024-12-29,A,Normal,E-wallet,98.35
2024-04-06,B,Normal,Cash,20.04
2024-02-27,A,Normal,Credit Card,127.54
2024-05-14,B,Normal,Cash,476.92
2025-01-22,B,Normal,E-wallet,323.19
2024-12-13,A,Normal,Cash,75.81
2024-02-17,B,Normal,Cash,190.5
2025-01-26,A,Normal,E-wallet,14.5
2024-03-17,B,Member,Credit Card,249.88
2024-10-26,B,Member,E-wallet,350.84
2024-10-16,A,Normal,E-wallet,282.58
2024-02-18,B,Normal,Credit Card,193.99
2024-04-12,B,Member,Credit Card,370.55
2024-03-11,B,Member,Cash,496.21
2024-09-17,B,Member,Cash,469.12
2025-01-07,B,Normal,E-wallet,488.25
2024-10-29,B,Normal,E-wallet,51.4
2024-11-10,B,Member,E-wallet,272.78
2024-03-03,A,Normal,Cash,273.18
2024-02-18,B,Member,Credit Card,403.84
2024-08-07,B,Member,E-wallet,244.78
2024-07-16,B,Member,Credit Card,46.86
2024-07-07,B,Member,Credit Card,126.66
2024-05-04,B,Member,Cash,294.96
2025-02-05,A,Normal,Credit Card,40.15
2024-07-11,B,Normal,Credit Card,351.46
2024-07-26,A,Normal,Credit Card,310.44
2024-06-15,B,Normal,E-wallet,184.89
2024-06-08,A,Normal,Cash,154.3
2024-10-08,B,Member,Cash,394.93
2025-02-06,B,Normal,Credit Card,225.9
2024-03-01,B,Member,Cash,54.87
2024-11-24,B,Normal,Cash,461.29
2024-02-21,B,Normal,Cash,325.93
2024-10-04,B,Member,E-wallet,456.94
2024-05-23,B,Normal,Credit Card,371.15
2024-05-06,A,Member,Credit Card,43.58
2024-06-03,A,Member,Credit Card,14.41
2024-11-27,B,Member,Cash,198.3
2024-10-06,A,Normal,Cash,341.73
2024-02-27,B,Normal,Credit Card,130.4
2024-09-04,B,Member,Cash,86.19
2024-07-12,A,Member,E-wallet,21.07
2024-10-01,B,Normal,Cash,131.17
2024-03-23,B,Member,Cash,230.14
2024-11-29,B,Normal,E-wallet,94.35
2024-08-24,B,Normal,Credit Card,165.34
2024-10-17,A,Member,E-wallet,79.35
2024-06-27,A,Member,Cash,68.94
2024-10-24,B,Member,E-wallet,134.12
2024-04-21,A,Normal,E-wallet,79.84
2024-02-24,A,Normal,Cash,49.52
2024-09-14,B,Member,Credit Card,379.6
2024-08-24,A,Member,Cash,376.98
2024-03-11,B,Normal,E-wallet,65.13
2024-02-12,B,Normal,Cash,273.46
2024-09-25,A,Member,Credit Card,273.49
2024-05-01,B,Member,E-wallet,495.13
2024-08-03,A,Normal,Cash,201.53
2024-03-27,B,Member,Cash,426.35
2025-01-21,B,Normal,Credit Card,475.7
2024-08-17,A,Normal,E-wallet,479.91
2024-04-07,A,Member,Credit Card,487.74
2024-06-29,B,Normal,Credit Card,385.33
2024-07-23,A,Normal,E-wallet,425.67
2024-02-23,B,Normal,Credit Card,377.98
2024-03-26,B,Normal,Cash,108.92
2025-01-05,A,Member,Credit Card,183.6
2024-09-21,B,Member,Cash,405.69
2024-08-17,B,Member,Cash,119.39
2024-10-31,B,Normal,Credit Card,279.26
2024-12-18,B,Member,Credit Card,410.05
2024-10-16,B,Normal,Cash,356.22
2024-03-30,A,Normal,Credit Card,117.23
2024-05-04,A,Member,Credit Card,222.1
2025-01-05,A,Normal,Credit Card,151.33
2024-05-07,B,Normal,E-wallet,48.03
2024-05-10,A,Member,E-wallet,403.25
2024-06-25,B,Normal,Credit Card,324.84
2024-07-09,B,Normal,Cash,427.85
2024-07-17,B,Member,E-wallet,377.43
2024-11-28,B,Member,Cash,124.22
2024-08-14,A,Normal,Credit Card,97.88
2024-09-07,A,Member,Cash,390.35
2024-05-31,B,Normal,E-wallet,29.94
2024-05-03,A,Normal,Cash,441.25
2024-09-12,B,Member,Cash,418.03
2024-07-29,B,Member,E-wallet,384.81
2024-06-25,A,Normal,E-wallet,498.35
2025-02-02,A,Normal,Credit Card,381.34
2024-07-05,A,Normal,Cash,80.02
2024-10-30,A,Member,E-wallet,389.64
2024-04-04,B,Member,Cash,412.62
2024-12-04,B,Member,Credit Card,219.55
2024-07-22,A,Member,E-wallet,337.86
2024-11-10,A,Normal,Cash,450.57
2024-04-14,A,Normal,Credit Card,402.15
2024-09-22,B,Normal,Cash,454.45
2024-03-16,B,Normal,Cash,234.39
2025-01-14,B,Normal,E-wallet,159.95
2024-06-14,B,Member,E-wallet,197.87
2024-03-04,B,Normal,E-wallet,185.72
2024-03-21,B,Member,Cash,11.83
2025-01-28,B,Normal,E-wallet,476.25
2024-05-03,B,Normal,Credit Card,107.02
2024-05-31,B,Member,E-wallet,79.46
2024-12-14,B,Normal,Credit Card,262.03
2024-03-20,B,Member,Credit Card,424.79
2024-09-23,A,Normal,Cash,218.37
2024-12-07,B,Member,E-wallet,88.65
2025-02-02,B,Normal,Credit Card,304.25
2025-02-04,A,Normal,E-wallet,360.38
2024-05-03,B,Normal,Cash,14.57
2024-03-12,B,Member,Credit Card,315.76
2024-08-10,B,Member,E-wallet,18.27
2024-04-14,A,Normal,Credit Card,33.45
2024-06-24,A,Member,Credit Card,103.62
2024-10-21,A,Normal,E-wallet,471.0
2024-02-25,B,Normal,Credit Card,218.1
2024-12-07,B,Normal,E-wallet,160.91
2025-01-31,B,Member,E-wallet,369.07
2024-10-04,B,Normal,Credit Card,168.78
2024-02-12,A,Member,E-wallet,187.66
2024-02-22,A,Normal,E-wallet,10.54
2024-09-28,A,Normal,E-wallet,468.21
2024-12-11,A,Normal,Cash,160.08
2024-08-03,A,Normal,Credit Card,389.9
2024-05-10,A,Normal,Cash,225.46
2025-01-14,B,Member,E-wallet,61.09
2024-12-13,B,Normal,E-wallet,241.15
2024-03-09,B,Member,Cash,234.6
2024-08-30,B,Member,Credit Card,477.54
2024-07-02,B,Normal,E-wallet,286.64
2024-03-30,B,Normal,Cash,287.95
2024-08-19,B,Member,E-wallet,10.83
2024-09-17,A,Normal,Credit Card,315.32
2024-10-19,A,Normal,Credit Card,465.4
2024-11-18,B,Member,Cash,101.11
2024-08-18,A,Member,Cash,91.37
2024-07-09,B,Normal,Credit Card,131.29
2024-05-14,A,Normal,Credit Card,121.6
2024-02-23,B,Normal,Cash,397.51
2024-04-13,B,Normal,Cash,220.34
2024-11-01,A,Normal,Cash,307.76
2024-11-06,A,Normal,E-wallet,434.48
2024-11-09,B,Member,Credit Card,37.92
2024-05-26,B,Normal,E-wallet,186.73
2025-01-02,A,Normal,Credit Card,249.98
2024-11-08,B,Member,E-wallet,392.1
2024-12-25,B,Normal,Credit Card,172.24
2024-04-09,A,Member,Credit Card,436.78
2024-03-13,A,Normal,E-wallet,333.77
2024-04-08,B,Normal,Cash,223.25
2024-10-11,B,Member,Credit Card,351.02
2024-11-05,B,Normal,E-wallet,20.01
2024-06-14,B,Normal,Cash,96.99
2024-03-27,A,Normal,E-wallet,443.15
2024-07-20,A,Member,Cash,272.02
2025-01-28,A,Member,Cash,82.13
2024-12-26,B,Member,Cash,232.88
2024-05-14,B,Normal,Credit Card,284.6
2024-02-19,B,Normal,E-wallet,218.39
2024-07-24,B,Normal,Cash,224.62
2024-07-28,A,Member,Cash,362.27
2024-04-27,A,Member,Cash,37.66
2024-12-03,A,Member,Cash,246.77
2024-10-16,A,Member,Credit Card,357.52
2024-05-31,A,Member,Cash,473.6
2024-06-04,A,Member,E-wallet,142.38
2024-06-01,A,Normal,E-wallet,69.84
2024-03-22,B,Member,Credit Card,481.01
2024-09-13,B,Normal,Cash,244.7
2024-12-17,A,Member,Cash,365.62
2024-07-22,B,Member,E-wallet,257.39
2024-02-18,A,Member,E-wallet,196.25
2025-01-19,B,Member,E-wallet,60.58
2024-05-08,A,Normal,Cash,215.78
2024-06-09,B,Member,E-wallet,88.51
2024-05-10,B,Member,Credit Card,246.47
2024-08-30,B,Normal,Credit Card,320.97
2024-11-24,A,Normal,Credit Card,371.03
2024-12-07,A,Member,Cash,492.42
2024-02-26,A,Member,E-wallet,75.07
2024-10-28,A,Normal,Credit Card,465.34
2024-05-06,A,Normal,Cash,294.75
2024-03-27,B,Member,Cash,15.66
2024-09-08,B,Member,Cash,207.21
2024-02-27,A,Member,Cash,342.36
2024-10-17,B,Member,Credit Card,285.2
2024-06-22,B,Normal,E-wallet,440.48
2024-12-18,B,Member,Credit Card,114.94
2024-06-08,A,Member,Credit Card,351.06
2024-04-23,A,Member,E-wallet,193.95
2024-10-14,B,Member,Cash,234.84
2024-07-10,A,Normal,Cash,394.72
2024-05-24,B,Member,Cash,103.87
2024-06-20,B,Normal,E-wallet,109.26
2024-10-26,A,Normal,Credit Card,302.82
2024-11-27,A,Normal,Credit Card,415.55
2025-01-03,B,Normal,Credit Card,174.54
2025-01-21,B,Member,E-wallet,224.06
2024-07-22,A,Normal,E-wallet,476.19
2024-07-05,A,Normal,Credit Card,492.3
2024-03-17,A,Member,E-wallet,14.03
2025-01-09,A,Member,Cash,191.13
2024-07-06,A,Normal,Cash,157.96
2024-07-07,B,Normal,E-wallet,157.77
2025-01-26,A,Member,Credit Card,492.27
2024-06-12,B,Member,Credit Card,58.54
2024-05-09,A,Member,Credit Card,236.97
2024-11-22,B,Member,Credit Card,471.33
2024-06-13,B,Normal,E-wallet,276.2
2024-10-19,B,Member,E-wallet,231.06
2024-11-26,A,Member,Credit Card,223.58
2025-01-07,B,Member,E-wallet,188.77
2025-02-04,A,Normal,E-wallet,124.89
2024-10-10,B,Normal,E-wallet,121.75
2024-10-08,B,Normal,E-wallet,168.85
2024-11-06,A,Member,E-wallet,51.61
2024-11-09,B,Member,Cash,23.76
2024-08-04,B,Normal,E-wallet,379.33
2024-09-01,B,Normal,E-wallet,238.51
2024-06-15,A,Member,Cash,214.52
2024-03-29,B,Member,Credit Card,190.54
2024-09-04,B,Normal,Cash,73.75
2024-12-30,B,Normal,Cash,16.63
2024-07-27,A,Member,Cash,460.13
2024-06-03,A,Normal,Cash,386.14
2024-10-27,A,Member,Credit Card,462.97
2024-09-03,B,Normal,Cash,396.23
2024-09-06,B,Member,Credit Card,365.29
2024-07-28,A,Normal,E-wallet,342.9
2024-03-18,A,Member,Cash,229.55
2024-06-12,A,Member,Credit Card,336.56
2024-07-06,A,Normal,Credit Card,366.17
2024-05-03,B,Member,Credit Card,62.6
2025-02-03,A,Normal,Credit Card,158.95
2024-04-21,A,Member,Credit Card,235.7
2024-03-17,A,Normal,E-wallet,384.24
2024-11-19,B,Normal,E-wallet,444.74
2024-07-20,B,Member,Credit Card,467.92
2024-09-26,A,Normal,Credit Card,401.37
2024-10-29,B,Normal,E-wallet,391.72
2024-11-12,B,Normal,E-wallet,228.2
2024-12-04,B,Normal,Cash,198.35
2024-04-17,A,Member,Cash,499.86
2024-07-28,B,Normal,E-wallet,201.79
2025-01-23,A,Normal,Cash,375.43
2024-05-07,A,Member,Cash,220.68
2024-12-24,A,Member,Cash,297.46
2024-03-06,A,Member,Credit Card,468.97
2024-12-23,A,Normal,Credit Card,367.29
2024-06-11,A,Normal,Credit Card,119.29
2024-06-04,B,Normal,E-wallet,434.08
2024-11-21,B,Member,E-wallet,105.42
2024-09-24,B,Normal,E-wallet,130.6
2024-08-19,B,Member,E-wallet,317.5
2024-03-01,B,Normal,Credit Card,465.63
2024-07-07,A,Member,Cash,392.69
2024-07-01,A,Normal,E-wallet,393.17
2024-12-03,A,Normal,E-wallet,397.36
2024-08-11,B,Normal,Credit Card,189.14
2024-03-16,B,Normal,E-wallet,152.48
2024-11-27,B,Normal,Cash,286.63
2024-09-22,A,Normal,Cash,184.23
2025-02-07,A,Member,Credit Card,354.05
2024-10-09,A,Normal,E-wallet,190.7
2024-06-05,A,Normal,Cash,309.55
2024-10-05,A,Member,Cash,131.15
2024-05-15,A,Member,Credit Card,247.75
2024-02-17,B,Member,Cash,56.49
2025-02-04,A,Normal,Cash,100.53
2024-08-01,B,Normal,E-wallet,338.16
2025-01-14,B,Member,Credit Card,116.65
2024-03-15,B,Normal,Credit Card,489.25
2024-05-03,A,Normal,Credit Card,217.57
2024-07-06,B,Member,Credit Card,264.28
2024-12-18,B,Member,E-wallet,142.48
2024-02-16,B,Normal,E-wallet,187.59
2024-07-18,A,Member,E-wallet,378.24
2024-10-23,B,Member,Cash,192.73
2025-01-24,A,Normal,E-wallet,402.25
2024-12-01,B,Member,Cash,349.49
2024-03-07,A,Member,E-wallet,233.68
2024-04-15,A,Member,Cash,331.67
2025-01-07,A,Member,E-wallet,384.01
2024-11-01,A,Member,Cash,266.9
2024-03-28,B,Member,E-wallet,235.69
2024-05-21,B,Normal,Cash,477.17
2024-09-15,A,Member,E-wallet,12.39
2024-06-08,A,Member,E-wallet,376.56
2024-12-24,A,Member,Credit Card,324.12
2024-11-08,B,Member,E-wallet,88.57
2024-02-22,B,Normal,E-wallet,363.46
2024-12-25,A,Normal,E-wallet,108.83
2025-01-02,A,Member,Cash,95.41
2024-08-22,A,Member,Cash,488.32
2024-10-23,A,Normal,Credit Card,331.67
2024-09-12,B,Normal,Credit Card,456.13
2024-02-13,B,Member,Cash,139.17
2025-01-14,A,Normal,E-wallet,379.5
2024-03-13,B,Member,E-wallet,209.56
2024-07-02,B,Member,E-wallet,218.59
2024-02-26,A,Member,E-wallet,17.03
2024-09-11,B,Normal,Credit Card,499.85
2024-04-30,A,Normal,Credit Card,296.76
2024-05-13,B,Normal,Credit Card,388.49
2024-12-21,A,Member,Credit Card,39.1
2024-09-22,B,Normal,Credit Card,465.69
2024-12-17,B,Member,E-wallet,398.95
2024-09-26,B,Normal,Credit Card,16.8
2024-12-11,B,Normal,Cash,388.26
2024-03-26,B,Normal,Cash,433.43
2024-09-21,A,Normal,E-wallet,169.74
2024-11-30,B,Member,E-wallet,129.39
2024-02-18,B,Normal,E-wallet,487.25
2025-02-04,A,Member,Cash,419.42
2025-01-06,A,Normal,Cash,207.05
2024-11-10,B,Member,E-wallet,66.21
2024-03-18,A,Normal,Credit Card,122.91
2024-06-25,B,Normal,Credit Card,187.93
2024-11-17,B,Member,Credit Card,145.98
2024-05-27,B,Normal,Cash,319.21
2024-06-04,A,Normal,Credit Card,209.72
2024-03-30,B,Normal,Credit Card,420.69
2024-03-02,B,Normal,Cash,170.06
2024-08-24,A,Member,Cash,404.23
2024-10-14,B,Member,Cash,316.35
2025-02-02,A,Member,E-wallet,468.14
2025-01-30,A,Member,Credit Card,298.07
2024-06-25,A,Normal,E-wallet,212.0
2024-07-17,B,Normal,E-wallet,393.98
2024-12-03,A,Member,Cash,290.25
2024-09-20,B,Normal,Credit Card,229.54
2025-02-11,B,Member,E-wallet,376.13
2024-07-30,B,Normal,E-wallet,185.14
2024-08-14,A,Normal,Cash,26.8
2024-11-20,B,Member,Cash,445.15
2024-06-30,B,Normal,E-wallet,483.14
2024-07-17,A,Normal,Credit Card,457.89
2024-04-08,B,Member,Cash,41.87
2025-01-30,A,Normal,E-wallet,128.02
2024-02-28,A,Normal,E-wallet,331.54
2024-03-04,A,Member,Credit Card,305.29
2024-04-27,A,Member,Cash,292.65
2024-03-04,A,Member,Cash,329.25
2025-01-24,A,Member,Cash,48.03
2024-09-28,B,Member,E-wallet,466.89
2024-07-30,A,Member,Cash,366.16
2024-10-15,A,Normal,Cash,303.52
2024-06-07,B,Member,Credit Card,27.45
2025-01-16,B,Normal,Credit Card,244.34
2024-07-06,A,Normal,Cash,456.03
2024-05-23,A,Normal,Credit Card,190.43
2024-07-22,B,Normal,E-wallet,309.34
2024-11-24,A,Member,Cash,438.0
2024-05-24,A,Normal,E-wallet,255.66
2024-02-16,B,Member,Cash,113.91
2024-05-20,A,Member,Credit Card,394.15
2024-11-07,A,Member,E-wallet,421.87
2024-03-23,A,Member,Cash,218.64
2024-05-09,B,Member,E-wallet,68.16
2024-10-01,A,Member,E-wallet,200.94
2024-03-23,A,Member,E-wallet,321.82
2024-12-19,B,Normal,Credit Card,163.16
2024-06-25,A,Normal,E-wallet,32.01
2024-05-30,A,Normal,E-wallet,283.18
2024-07-06,A,Member,E-wallet,150.69
2024-06-25,A,Member,Cash,92.71
2024-09-23,A,Normal,Cash,335.99
2024-05-07,B,Normal,E-wallet,139.22
2024-05-24,B,Normal,Cash,432.84
2024-04-23,B,Member,E-wallet,43.88
2024-05-26,B,Member,Cash,371.06
2024-12-06,B,Normal,E-wallet,48.28
2024-06-16,A,Normal,Credit Card,107.36
2024-05-13,B,Member,Cash,15.05
2025-01-21,A,Normal,E-wallet,497.76
2025-01-28,B,Normal,Cash,293.31
2024-03-11,B,Normal,Cash,120.56
2024-04-02,A,Member,Credit Card,486.25
2024-06-02,B,Normal,Cash,443.41
2024-02-25,A,Member,Credit Card,378.16
2024-06-10,A,Member,Cash,210.17
2024-09-25,A,Normal,E-wallet,111.06
2025-01-10,A,Normal,Credit Card,322.65
2024-04-01,A,Member,E-wallet,179.96
2024-05-06,B,Member,Credit Card,340.49
2025-01-12,B,Normal,Credit Card,91.19
2024-04-23,B,Member,Credit Card,334.66
2024-08-14,A,Normal,E-wallet,242.06
2024-06-11,B,Member,Cash,227.61
2024-09-29,B,Normal,E-wallet,96.6
2024-07-31,B,Member,Credit Card,17.23
2024-08-27,B,Normal,E-wallet,151.12
2024-04-10,B,Member,Cash,138.94
2024-02-12,B,Member,Cash,473.32
2025-01-11,B,Member,Cash,17.6
2024-06-07,A,Normal,Cash,107.25
2024-08-04,B,Normal,Credit Card,266.83
2025-02-07,B,Normal,Cash,210.92
2025-02-02,A,Member,Cash,385.45
2024-11-14,A,Member,Credit Card,223.08
2024-03-13,B,Member,E-wallet,205.45
2024-02-22,A,Normal,Cash,138.16
2024-03-27,B,Normal,Cash,215.82
2025-01-12,A,Member,Cash,336.17
2024-03-20,A,Member,E-wallet,482.55
2024-07-03,A,Member,Credit Card,475.64
2024-11-02,B,Member,Cash,400.06
2024-06-01,A,Normal,Credit Card,248.34
2024-12-20,B,Member,Cash,163.07
2024-05-22,B,Member,Credit Card,106.7
2024-08-23,A,Normal,Credit Card,315.33
2024-11-13,B,Normal,Cash,147.94
2024-08-12,B,Member,Credit Card,247.56
2024-09-28,B,Normal,Credit Card,389.78
2025-01-20,B,Member,E-wallet,331.28
2024-09-16,A,Member,E-wallet,325.62
2024-12-21,B,Normal,Credit Card,229.49
2025-01-18,B,Member,Credit Card,144.45
2024-08-09,A,Normal,Credit Card,126.58
2024-12-05,B,Normal,Cash,84.02
2025-01-31,A,Member,E-wallet,369.35
2024-03-03,B,Member,Credit Card,80.54
2024-04-18,B,Member,E-wallet,22.1
2024-03-21,B,Member,Credit Card,214.11
2024-04-09,A,Normal,Cash,289.85
2024-12-15,B,Member,E-wallet,279.64
2024-10-26,A,Normal,Cash,39.69
2024-04-12,A,Normal,Cash,386.14
2025-01-16,A,Normal,E-wallet,311.02
2024-12-11,A,Member,Credit Card,300.34
2024-08-09,A,Normal,Cash,496.51
2024-07-22,B,Member,Cash,98.07
2025-01-02,A,Normal,E-wallet,89.35
2024-09-09,B,Normal,Credit Card,245.29
2024-12-26,B,Normal,E-wallet,317.12
2024-06-04,B,Member,Credit Card,471.01
2024-10-23,A,Member,Cash,324.62
2024-02-26,A,Normal,Cash,271.59
2024-09-08,A,Normal,E-wallet,253.46
2024-10-01,B,Normal,Credit Card,332.87
2024-03-11,A,Member,Cash,372.07
2024-11-28,A,Normal,Cash,472.31
2024-12-20,A,Member,Credit Card,336.26
2024-03-15,A,Normal,Credit Card,182.92
2024-08-23,B,Normal,Cash,409.82
2024-10-02,A,Normal,Credit Card,283.88
2024-12-31,A,Normal,E-wallet,421.88
2024-08-01,A,Normal,E-wallet,195.03
2025-01-08,B,Normal,E-wallet,408.57
2024-04-22,A,Normal,Credit Card,308.82
2024-06-16,A,Normal,E-wallet,32.84
2024-02-25,B,Member,Credit Card,235.08
2024-06-27,A,Member,Credit Card,125.51
2024-09-06,B,Member,Cash,202.61
2024-08-14,B,Member,E-wallet,278.51
2024-10-22,A,Member,Credit Card,115.52
2024-12-09,A,Normal,Cash,189.27
2024-06-08,A,Normal,Cash,408.28
2024-08-05,B,Normal,Cash,59.26
2024-10-17,A,Normal,E-wallet,104.85
2024-10-26,A,Member,Credit Card,62.33
2024-03-15,A,Member,Credit Card,325.77
2024-08-30,A,Normal,Credit Card,412.49
2024-04-10,A,Member,Credit Card,429.22
2025-01-05,B,Normal,Cash,195.83
2024-11-04,B,Member,Cash,291.45
2024-04-15,A,Member,Cash,457.14
2024-08-14,A,Normal,Credit Card,231.28
2024-11-05,A,Member,E-wallet,120.61
2024-07-03,B,Member,Cash,94.98
2025-01-22,B,Normal,E-wallet,380.87
2025-01-06,A,Member,E-wallet,75.36
2024-12-05,B,Member,Credit Card,294.98
2024-08-29,A,Normal,Credit Card,58.5
2025-02-05,B,Member,Cash,406.77
2024-10-21,B,Normal,E-wallet,404.91
2024-05-03,B,Member,Cash,107.5
2024-11-20,B,Normal,E-wallet,479.34
2024-08-31,B,Member,Cash,31.29
2024-06-02,B,Member,E-wallet,256.96
2024-04-14,B,Member,Credit Card,351.08
2024-07-31,B,Normal,Cash,459.48
2024-04-24,B,Member,Cash,226.36
2024-11-28,B,Member,E-wallet,465.16
2024-09-28,B,Normal,Credit Card,230.18
2025-01-08,B,Normal,Credit Card,365.25
2024-12-18,B,Member,E-wallet,126.06
2024-04-14,A,Member,Cash,475.13
2024-07-14,B,Normal,Credit Card,219.55
2024-08-05,A,Member,E-wallet,67.17
2024-11-08,A,Member,E-wallet,165.68
2024-06-29,B,Normal,Cash,29.11
2024-02-22,A,Normal,Cash,20.37
2024-06-27,B,Member,E-wallet,447.86
2025-02-03,B,Normal,Cash,55.58
2024-12-30,B,Normal,Cash,203.63
2025-01-15,B,Normal,Credit Card,447.94
2024-12-24,A,Member,Credit Card,215.56
2024-12-12,B,Member,Credit Card,450.77
2024-07-22,A,Member,E-wallet,294.51
2024-05-05,A,Normal,Cash,347.54
2024-05-04,A,Member,Credit Card,354.36
2024-11-10,A,Member,E-wallet,184.15
2024-10-13,A,Normal,E-wallet,386.77
2024-08-04,A,Member,Credit Card,118.76
2024-03-30,B,Member,Credit Card,45.39
2024-06-12,A,Member,E-wallet,498.88
2024-05-25,A,Member,E-wallet,181.94
2024-02-13,A,Member,E-wallet,417.34
2024-07-19,B,Member,Cash,225.53
2024-08-12,B,Member,Cash,369.76
2024-06-08,A,Normal,Credit Card,107.48
2024-04-15,A,Normal,E-wallet,40.44
2024-10-14,B,Normal,E-wallet,310.69
2024-11-27,A,Normal,Cash,303.82
2024-11-26,A,Member,Cash,198.3
2025-01-27,A,Member,Credit Card,41.74
2024-05-23,A,Member,Credit Card,476.56
2024-09-18,B,Normal,Cash,398.59
2024-04-19,B,Normal,E-wallet,173.27
2024-06-27,B,Normal,E-wallet,409.02
2025-01-25,A,Normal,E-wallet,43.56
2024-09-10,B,Normal,E-wallet,61.84
2024-08-04,A,Normal,Credit Card,125.71
2024-04-11,B,Member,Credit Card,113.43
2024-04-08,A,Normal,Credit Card,18.23
2024-09-20,A,Member,Credit Card,254.44
2024-08-30,B,Normal,E-wallet,264.46
2025-02-04,B,Normal,E-wallet,29.28
2024-03-10,B,Member,Cash,402.37
2024-12-08,A,Normal,E-wallet,482.1
2024-05-18,A,Normal,E-wallet,35.33
2024-12-23,A,Normal,Credit Card,428.41
2024-06-26,A,Normal,Credit Card,191.99
2024-11-19,A,Normal,Credit Card,358.49
2024-04-29,A,Normal,E-wallet,234.24
2024-08-27,B,Normal,Credit Card,40.48
2024-12-23,A,Member,Credit Card,429.66
2024-08-21,B,Normal,Credit Card,190.86
2024-09-10,A,Member,Credit Card,35.94
2024-09-10,B,Member,E-wallet,255.78
2025-02-03,B,Member,Cash,61.31
2025-01-18,B,Member,Cash,401.95
2024-11-15,A,Member,Cash,324.65
2024-12-03,A,Member,Cash,498.42
2024-09-02,A,Member,Cash,382.1
2024-10-07,A,Normal,Credit Card,14.17
2025-01-29,A,Member,E-wallet,199.43
2024-08-07,A,Normal,Credit Card,303.63
2024-11-19,A,Normal,Cash,332.51
2024-07-09,A,Member,E-wallet,106.23
2024-06-03,A,Member,Cash,425.16
2024-05-24,B,Member,Cash,369.73
2024-10-22,A,Member,E-wallet,488.42
2024-09-12,B,Member,E-wallet,83.27
2025-01-18,A,Member,Cash,318.83
2024-08-16,B,Member,E-wallet,435.88
2024-06-09,A,Normal,Cash,82.07
2024-07-20,A,Normal,E-wallet,84.82
2024-05-31,A,Normal,Cash,257.97
2024-10-05,A,Member,E-wallet,173.33
2025-01-16,A,Normal,Credit Card,196.7
2024-09-03,A,Member,E-wallet,340.9
2024-02-15,B,Normal,Cash,429.45
2024-11-20,A,Normal,E-wallet,381.57
2024-11-08,B,Normal,Cash,303.45
2024-09-16,B,Member,Credit Card,191.72
2024-03-07,B,Member,E-wallet,358.97
2024-06-07,B,Member,Credit Card,67.01
2025-01-30,B,Normal,Cash,123.44
2024-03-20,B,Normal,Cash,365.1
2024-03-02,B,Normal,Credit Card,371.86
2024-12-05,A,Normal,Credit Card,272.17
2024-04-07,B,Member,Cash,206.21
2024-06-09,B,Normal,Cash,450.49
2024-04-03,A,Normal,Credit Card,409.39
2024-10-16,A,Member,E-wallet,410.09
2024-08-26,B,Member,Cash,86.29
2024-10-24,B,Member,E-wallet,465.27
2024-05-03,B,Member,E-wallet,442.26
2024-07-26,B,Normal,Cash,395.65
2024-11-22,B,Normal,E-wallet,452.04
2024-03-23,B,Member,E-wallet,284.9
2024-07-31,B,Normal,Cash,95.78
2024-07-05,B,Member,Cash,183.0
2024-03-24,B,Normal,Cash,148.46
2024-03-22,B,Member,Cash,381.9
2024-06-25,B,Member,E-wallet,324.23
2024-03-11,B,Member,E-wallet,414.69
2024-11-30,A,Normal,E-wallet,233.86
2024-07-19,A,Normal,E-wallet,205.8
2024-04-02,B,Normal,E-wallet,422.46
2024-12-07,B,Normal,Cash,409.83
2024-11-06,A,Member,Cash,377.13
2024-05-30,B,Member,Cash,41.32
2024-10-17,A,Member,E-wallet,406.12
2025-01-21,A,Normal,Credit Card,354.31
2024-10-04,B,Member,E-wallet,230.86
2024-07-19,B,Member,E-wallet,215.24
2024-02-12,A,Normal,Credit Card,17.01
2025-02-02,B,Normal,E-wallet,89.04
2024-12-30,B,Member,Cash,219.78
2024-02-13,A,Member,Credit Card,249.79
2024-08-08,A,Member,Credit Card,337.1
2024-12-25,B,Normal,Credit Card,22.94
2024-08-12,A,Normal,Cash,415.58
2025-01-09,A,Member,E-wallet,462.64
2024-10-08,B,Normal,Cash,281.12
2024-07-02,A,Member,Credit Card,347.78
2025-01-29,B,Normal,Credit Card,151.64
2025-01-23,A,Normal,Credit Card,193.89
2024-03-20,A,Normal,Cash,123.36
2024-09-28,B,Normal,Credit Card,249.01
2024-03-30,B,Normal,E-wallet,219.75
2024-02-22,A,Member,E-wallet,162.68
2024-10-30,A,Normal,Cash,273.5
2024-07-13,A,Member,Credit Card,268.86
2025-01-29,A,Normal,Credit Card,223.37
2024-04-12,A,Normal,Credit Card,312.18
2024-09-09,B,Normal,E-wallet,270.31
2024-12-10,A,Member,Cash,343.31
2024-04-11,B,Normal,E-wallet,45.61
2025-01-06,B,Member,E-wallet,69.11
2024-07-22,B,Normal,Cash,215.33
2024-04-10,B,Normal,Credit Card,458.92
2024-12-23,A,Normal,Cash,201.61
2024-10-17,A,Normal,Cash,91.57
2024-02-18,B,Member,E-wallet,24.99
2024-03-05,B,Normal,Cash,309.94
2025-01-19,A,Normal,E-wallet,386.65
2024-04-21,B,Normal,E-wallet,286.77
2024-04-01,B,Normal,Credit Card,386.01
2024-09-08,A,Normal,E-wallet,361.64
2024-07-25,A,Member,E-wallet,370.72
2024-06-21,B,Normal,Cash,75.8
2024-10-07,A,Normal,Credit Card,381.32
2024-11-20,B,Member,Cash,496.39
2024-04-06,B,Normal,E-wallet,395.53
2024-08-19,A,Member,Cash,87.94
2024-09-17,A,Normal,Credit Card,22.25
2024-10-04,B,Normal,Cash,353.5
2024-03-15,A,Member,Credit Card,265.29
2024-12-28,B,Member,Credit Card,219.41
2024-12-25,B,Member,Credit Card,180.56
2025-01-03,B,Member,E-wallet,299.19
2024-06-15,A,Normal,E-wallet,210.01
2024-05-30,B,Normal,Credit Card,195.5
2024-08-01,A,Member,Cash,89.34
2024-06-30,B,Normal,Credit Card,68.42
2024-12-25,A,Member,E-wallet,372.83
2024-12-16,B,Member,Cash,472.05
2024-11-04,A,Normal,Credit Card,386.58
2024-03-31,A,Member,Credit Card,163.38
2024-11-16,B,Member,Credit Card,396.78
2024-12-14,A,Member,Credit Card,341.61
2024-03-25,B,Member,Cash,111.24
2024-12-19,A,Normal,Credit Card,271.14
2025-02-01,A,Member,Cash,14.21
2024-11-01,B,Member,Cash,184.86
2024-06-02,A,Member,Credit Card,114.73
2024-02-27,A,Member,Cash,106.42
2024-09-25,B,Normal,E-wallet,110.79
2024-04-21,A,Member,Cash,128.55
2024-11-15,B,Member,E-wallet,491.8
2024-04-05,B,Member,E-wallet,18.66
2024-05-19,B,Member,Credit Card,348.75
2024-08-25,B,Normal,Cash,317.12
2024-03-05,A,Normal,Cash,182.26
2024-04-28,A,Normal,Credit Card,233.77
2024-06-16,B,Normal,Credit Card,372.2
2024-11-08,A,Normal,Cash,50.66
2024-05-09,A,Member,Cash,266.04
2024-07-06,A,Member,Cash,207.64
2024-11-09,A,Member,E-wallet,205.26
2024-10-02,A,Member,E-wallet,216.41
2024-03-07,B,Normal,E-wallet,122.78
2024-05-05,B,Member,Credit Card,351.47
2024-09-12,A,Normal,Credit Card,204.84
2024-05-11,A,Member,Cash,443.11
2024-12-11,B,Normal,E-wallet,286.59
2024-12-22,A,Normal,E-wallet,42.7
2024-09-03,A,Normal,Credit Card,472.52
2024-03-08,A,Normal,Cash,439.37
2024-02-25,B,Normal,E-wallet,86.28
2024-06-03,B,Member,E-wallet,202.01
2024-11-26,A,Member,E-wallet,445.03
2024-05-11,A,Normal,Cash,191.95
2024-08-18,B,Member,Credit Card,92.43
2024-11-27,A,Member,Credit Card,363.22
2024-02-27,A,Member,E-wallet,360.44
2024-03-20,B,Member,E-wallet,446.17
2025-01-18,B,Normal,Cash,393.33
2024-04-28,B,Member,E-wallet,431.68
2024-06-05,A,Normal,E-wallet,210.99
2024-10-03,A,Normal,Cash,339.16
2024-04-17,A,Member,Credit Card,296.78
2024-09-17,B,Normal,Credit Card,78.64
2024-04-29,A,Normal,Credit Card,87.27
2024-04-24,B,Member,Credit Card,390.58
2024-03-28,A,Normal,Credit Card,156.07
2024-08-09,A,Member,E-wallet,233.16
2024-05-04,A,Normal,Credit Card,196.91
2024-08-28,B,Member,E-wallet,495.28
2024-08-15,B,Member,Cash,215.8
2024-12-25,A,Member,Cash,413.14
2024-06-04,A,Normal,E-wallet,55.28
2024-07-16,A,Member,E-wallet,306.88
2024-12-25,A,Normal,Cash,63.44
2024-08-25,A,Member,E-wallet,253.89
2025-02-04,A,Member,E-wallet,78.46
2024-04-06,B,Normal,Cash,35.28
2024-11-27,B,Normal,Cash,336.53
2024-11-28,A,Normal,Cash,155.7
2024-04-09,B,Member,Credit Card,390.93
2024-02-26,B,Member,Credit Card,350.89
2024-12-10,B,Normal,Credit Card,164.52
2024-03-01,B,Normal,E-wallet,230.93
2024-04-24,A,Member,Credit Card,204.15
2024-06-28,B,Member,Cash,335.67
2024-11-24,B,Member,Cash,316.81
2024-09-05,A,Normal,Credit Card,179.99
2024-04-30,A,Normal,E-wallet,239.11
2024-09-24,A,Normal,E-wallet,444.75
2024-12-17,B,Member,Cash,65.31
2024-05-15,B,Member,Credit Card,111.23
2024-08-06,A,Normal,E-wallet,118.9
2024-04-30,A,Member,Credit Card,50.05
2024-12-07,B,Member,Cash,114.04
2024-11-21,A,Member,Credit Card,148.4
2024-03-16,A,Normal,Credit Card,187.11
2024-02-13,A,Normal,Credit Card,43.87
2024-10-12,A,Normal,E-wallet,132.07
2024-10-05,B,Member,E-wallet,221.11
2024-05-28,A,Member,Credit Card,369.22
2024-06-15,A,Member,Cash,32.15
2024-09-30,A,Member,Cash,38.56
2024-09-28,A,Member,E-wallet,119.34
2024-12-11,A,Normal,Credit Card,322.69
2024-12-16,B,Member,Cash,57.49
2024-05-28,A,Member,Cash,418.87
2024-09-26,A,Normal,Credit Card,386.72
2024-02-12,A,Member,Credit Card,22.34
2024-02-29,A,Member,Credit Card,344.67
2024-11-02,A,Normal,E-wallet,289.19
2024-04-10,A,Member,E-wallet,276.36
2024-11-23,B,Member,Cash,336.86
2024-10-31,A,Normal,Cash,476.16
2024-10-04,B,Member,E-wallet,256.04
2024-04-22,A,Normal,E-wallet,135.87
2024-09-15,B,Normal,Credit Card,180.68
2024-03-13,A,Normal,Cash,155.29
2024-03-16,A,Member,E-wallet,408.6
2024-07-10,A,Member,E-wallet,367.43
2024-02-23,B,Member,Cash,406.42
2024-04-30,B,Normal,Cash,77.86
2024-02-16,A,Normal,Credit Card,280.12
2025-01-12,B,Member,Credit Card,310.55
2024-04-18,B,Member,E-wallet,96.47
2024-03-13,B,Normal,Cash,126.63
2024-12-21,A,Normal,Credit Card,262.79
2024-04-07,B,Normal,Credit Card,270.28
2024-07-22,B,Normal,Credit Card,362.97
2024-05-05,A,Member,Cash,306.75
2024-09-08,A,Member,E-wallet,217.73
2024-07-27,A,Normal,Credit Card,399.04
2024-03-19,B,Member,E-wallet,410.56
2024-10-29,B,Normal,Credit Card,396.99
2024-11-05,B,Normal,Credit Card,165.47
2024-08-14,A,Member,Credit Card,46.09
2024-07-25,B,Member,Cash,413.62
2024-12-15,A,Normal,Credit Card,32.67
2024-09-11,B,Member,Credit Card,199.79
2024-11-09,A,Normal,E-wallet,197.06
2024-04-26,A,Normal,Credit Card,313.97
2024-06-11,A,Normal,Credit Card,410.23
2024-06-28,B,Member,E-wallet,139.76
2025-01-18,A,Normal,E-wallet,486.37
2024-06-10,B,Normal,E-wallet,123.39
2024-03-15,A,Member,Credit Card,355.77
2024-05-02,A,Normal,Credit Card,100.99
2024-10-10,B,Member,Credit Card,384.07
2024-11-13,B,Normal,E-wallet,359.46
2024-03-27,A,Member,E-wallet,488.7
2024-10-02,A,Normal,Credit Card,371.22
2024-03-28,B,Member,Credit Card,407.59
2025-01-03,A,Member,Cash,186.22
2024-03-15,B,Normal,Credit Card,295.39
2024-03-09,B,Normal,Credit Card,367.59
2024-07-09,A,Normal,E-wallet,282.97
2024-11-13,A,Member,Credit Card,159.8
2024-03-11,A,Member,E-wallet,88.14
2024-04-20,A,Normal,Credit Card,37.82
2024-04-26,B,Member,E-wallet,248.95
2025-02-05,B,Normal,Credit Card,171.26
2024-07-15,B,Normal,Credit Card,259.8
2024-08-02,A,Member,Credit Card,453.27
2024-02-17,A,Member,E-wallet,362.86
2024-04-25,A,Normal,Cash,62.85
2024-04-22,B,Normal,E-wallet,359.14
2024-02-23,A,Normal,Credit Card,49.24
2024-03-21,B,Normal,E-wallet,239.42
2024-05-09,A,Normal,E-wallet,193.31
2024-10-17,B,Normal,E-wallet,250.08
2024-03-11,B,Member,E-wallet,445.87
2024-08-10,A,Member,Cash,69.62
2024-11-13,B,Member,Cash,222.15
2025-01-09,B,Normal,E-wallet,76.6
2024-04-15,A,Normal,E-wallet,359.94
2025-01-13,B,Member,E-wallet,116.92
2024-07-29,A,Member,E-wallet,71.86
2025-02-10,B,Member,E-wallet,236.98
2024-07-29,A,Normal,Credit Card,147.43
2024-12-14,A,Normal,Credit Card,105.88
2024-11-03,B,Normal,E-wallet,306.98
2024-06-13,A,Member,E-wallet,259.6
2024-08-22,B,Normal,Credit Card,400.48
2024-12-15,B,Normal,Cash,474.95
2024-09-13,A,Member,Credit Card,145.0
2024-02-15,B,Normal,Credit Card,473.59
2024-06-16,B,Normal,Cash,61.86
2024-11-01,A,Member,Cash,180.27
2024-12-08,A,Normal,Credit Card,126.03
2024-07-23,B,Member,Cash,34.41
2024-07-23,A,Member,Cash,279.11
2025-01-23,A,Normal,E-wallet,407.79
2025-01-02,A,Member,E-wallet,111.24
2024-07-06,A,Normal,Cash,87.26
2024-12-30,A,Normal,Cash,157.28
2024-10-29,A,Normal,Cash,248.96
2024-05-07,B,Member,Credit Card,443.34
2024-11-01,B,Member,Credit Card,400.64
2024-07-07,B,Member,Cash,81.14
2024-05-15,A,Normal,Credit Card,418.31
2024-07-14,B,Member,E-wallet,485.18
2024-07-12,B,Normal,Cash,149.31
2025-01-01,A,Normal,E-wallet,14.41
2024-09-13,A,Normal,E-wallet,229.36
2024-09-25,A,Normal,Credit Card,95.5
2024-04-17,A,Normal,Credit Card,45.42
2024-12-05,B,Normal,Credit Card,408.39
2024-09-02,B,Normal,Credit Card,499.89
2025-01-28,A,Normal,Credit Card,83.94
2024-11-01,A,Member,Credit Card,247.73
2024-09-27,A,Member,Cash,169.99
2024-02-19,A,Normal,Cash,259.77
2025-01-28,A,Member,E-wallet,107.45
2024-11-24,B,Normal,Cash,496.57
2024-06-22,B,Normal,Credit Card,358.27
2024-11-02,A,Normal,Credit Card,225.12
2024-10-10,A,Member,Cash,16.39
2024-12-10,B,Normal,Cash,484.52
2024-02-24,B,Normal,E-wallet,43.13
2024-03-20,A,Member,Credit Card,231.36
2024-07-12,A,Member,Credit Card,383.0
2024-08-14,B,Member,E-wallet,71.17
2025-01-01,A,Member,Cash,493.95
2024-03-11,A,Member,Credit Card,446.51
2024-12-04,B,Normal,Cash,444.03
2024-05-10,B,Member,E-wallet,481.49
2024-08-13,A,Member,Cash,45.69
2024-12-15,B,Normal,E-wallet,162.47
2024-12-02,B,Normal,E-wallet,239.22
2025-02-04,B,Member,Cash,390.14
2024-10-31,A,Normal,Cash,367.51
2024-02-15,A,Normal,Credit Card,267.25
2024-02-13,B,Normal,Cash,209.38
2024-07-17,B,Member,E-wallet,263.33
2024-05-28,A,Normal,Credit Card,84.43
2024-07-06,B,Normal,E-wallet,255.28
2024-07-01,A,Normal,Cash,130.21
2024-06-12,A,Normal,Cash,452.56
2024-07-13,B,Member,Credit Card,100.12
2024-06-17,B,Member,E-wallet,89.03
2024-02-15,B,Member,Credit Card,346.82
2024-11-11,A,Member,Cash,247.37
2024-02-28,B,Member,Cash,278.84
2024-06-14,B,Member,Cash,457.78
2025-01-02,A,Member,E-wallet,246.7
2024-03-22,A,Member,Credit Card,119.63
2024-10-06,A,Normal,E-wallet,355.84
2024-09-21,A,Member,E-wallet,164.6
2024-04-29,A,Normal,Credit Card,209.04
2024-09-06,B,Member,E-wallet,249.42
2024-05-01,A,Normal,Cash,439.35
2024-06-11,A,Normal,Cash,404.65
2024-02-29,A,Member,E-wallet,367.27
2024-11-09,B,Normal,Credit Card,359.31
2024-02-12,B,Normal,Cash,267.06
2024-10-06,A,Normal,Cash,100.02
2024-06-11,A,Member,Cash,178.21
2024-07-20,B,Member,E-wallet,326.31
2024-05-31,A,Member,Cash,395.49
2024-12-15,A,Normal,Cash,118.82
2024-04-29,B,Member,E-wallet,229.17
2024-10-13,A,Normal,Cash,232.42
2024-04-20,A,Normal,Credit Card,32.08
2024-06-23,B,Member,Cash,133.54
2024-06-25,B,Member,Cash,281.1
2024-07-16,A,Normal,Cash,44.55
2024-09-19,A,Member,Credit Card,40.28
2024-06-02,A,Normal,E-wallet,424.28
2024-03-29,B,Member,Cash,107.89
2025-01-05,B,Member,E-wallet,205.74
2024-11-16,B,Member,Cash,249.3
2024-11-11,B,Normal,E-wallet,141.3
2024-06-07,A,Normal,E-wallet,392.21
2024-08-11,A,Normal,Credit Card,412.76
2024-07-12,A,Normal,Cash,359.8
2024-04-01,B,Normal,E-wallet,161.79
2024-07-27,B,Normal,E-wallet,333.27
2024-08-12,B,Member,Credit Card,156.56
2024-08-27,B,Normal,Cash,371.41
2024-08-24,A,Member,E-wallet,394.31
2024-06-22,B,Member,Credit Card,74.85
2024-04-29,B,Member,Credit Card,245.97
2024-08-08,B,Member,Credit Card,264.66
2024-05-28,A,Normal,Cash,20.81
2024-02-15,A,Member,Credit Card,482.31
2024-11-01,B,Normal,Cash,92.98
2024-11-30,B,Normal,Cash,146.81
2024-03-29,B,Normal,Credit Card,406.22
2025-01-19,A,Normal,Cash,146.32
2025-01-29,A,Normal,E-wallet,375.08
2024-05-14,B,Member,Cash,479.32
2025-01-03,B,Member,Cash,391.51
2025-01-22,B,Member,Credit Card,78.09
2024-11-15,B,Member,E-wallet,46.95
2024-12-01,A,Normal,Cash,98.34
2024-12-02,B,Normal,E-wallet,336.91
2024-02-19,B,Member,E-wallet,59.37
2024-06-06,A,Member,Credit Card,452.78
2025-01-07,A,Member,Credit Card,420.24
2024-09-20,B,Normal,Cash,255.57
2024-08-03,A,Normal,Cash,193.78
2024-09-10,B,Member,Cash,224.04
2024-08-11,B,Member,Cash,208.46
2024-06-18,A,Member,Cash,488.67
2025-01-17,B,Normal,Cash,311.74
2024-03-16,B,Member,E-wallet,107.21
2024-10-19,B,Member,Cash,227.42
2024-03-09,A,Member,Credit Card,100.91
2024-02-16,B,Normal,Credit Card,10.89
2024-02-15,A,Normal,Cash,79.41
2024-07-25,A,Normal,Credit Card,107.52
2024-11-14,B,Member,Credit Card,169.44
2024-09-16,A,Normal,Cash,81.98
2024-06-03,A,Normal,E-wallet,172.07
2024-04-25,A,Normal,Cash,246.85
2024-04-29,B,Normal,E-wallet,81.15
2024-12-08,B,Normal,E-wallet,443.58
2024-10-17,A,Member,E-wallet,241.59
2024-07-18,B,Normal,E-wallet,358.39
2024-05-22,B,Member,E-wallet,417.58
2024-08-15,B,Normal,E-wallet,37.28
2024-03-07,B,Normal,Cash,252.35
2024-09-20,A,Member,Credit Card,371.3
2024-08-06,B,Member,Cash,277.11
2024-12-22,A,Member,Credit Card,397.77
2025-02-07,B,Member,E-wallet,50.01
2024-07-30,B,Member,Credit Card,335.08
2024-06-02,B,Member,E-wallet,424.23
2024-09-03,B,Normal,Cash,21.43
2025-01-07,A,Normal,Credit Card,328.07
2024-12-11,B,Member,E-wallet,396.81
2024-10-21,B,Normal,Credit Card,442.29
2024-03-11,B,Normal,E-wallet,63.51
2024-09-22,B,Member,Credit Card,49.96
2025-02-05,B,Member,Credit Card,108.85
2024-04-22,A,Member,E-wallet,491.34
2024-02-19,A,Normal,Cash,258.15
2024-04-25,B,Normal,Credit Card,443.74
2024-12-22,B,Member,E-wallet,269.88
2025-02-08,A,Member,Cash,23.75
2024-07-22,A,Normal,E-wallet,168.69
2024-04-02,A,Member,Credit Card,87.96
2025-01-07,B,Member,Cash,92.47
2024-11-12,A,Member,Credit Card,64.11
2024-12-06,B,Member,Credit Card,133.49
2025-01-16,B,Normal,Credit Card,353.03
2025-01-02,B,Member,Credit Card,349.08
2024-07-06,B,Normal,Credit Card,122.52
2024-08-21,B,Normal,Cash,287.71
2024-03-15,B,Normal,Credit Card,99.34
2024-06-12,B,Normal,Cash,456.92
2024-03-14,B,Member,Credit Card,124.15
2025-01-27,B,Member,Credit Card,87.1
2024-08-14,A,Member,E-wallet,154.86
2024-06-25,B,Member,Credit Card,479.88
2024-06-16,A,Normal,E-wallet,58.75
2024-07-18,B,Member,Credit Card,299.56
2024-03-11,B,Member,E-wallet,309.17
2024-06-13,B,Normal,Cash,452.08
2024-04-04,A,Member,Credit Card,116.8
2024-12-18,A,Member,Cash,17.5
2024-03-10,A,Member,E-wallet,201.11
2024-05-16,B,Normal,Cash,86.69
2024-10-07,B,Normal,E-wallet,446.8
2024-07-09,B,Normal,Cash,445.21
2025-01-14,A,Normal,Cash,140.89
2024-05-13,B,Member,Cash,491.75
2024-04-19,B,Normal,Cash,252.58
2024-06-25,A,Normal,Cash,164.1
2024-12-18,B,Member,E-wallet,115.33
2024-02-23,B,Member,E-wallet,244.19
2024-08-30,B,Normal,E-wallet,233.41
2024-12-28,B,Normal,Credit Card,492.66
2024-08-11,B,Member,Credit Card,137.71
2024-10-11,B,Normal,Cash,449.18
2024-03-20,B,Normal,E-wallet,331.79
2024-08-11,B,Member,Cash,168.3
2024-05-05,A,Normal,Cash,137.75
2024-03-20,A,Member,Credit Card,87.53
2024-05-30,B,Normal,Cash,441.38
2024-06-02,A,Normal,Cash,105.93
2024-02-16,B,Member,E-wallet,396.13
2024-02-29,A,Member,Cash,127.14
2025-01-18,B,Member,Credit Card,460.43
2024-05-21,A,Member,Cash,261.28
2024-04-12,B,Member,Credit Card,453.92
2024-03-16,B,Member,Credit Card,140.96
2024-03-08,A,Normal,Cash,392.48
2024-04-03,B,Normal,Credit Card,403.77
2024-06-04,A,Normal,Credit Card,162.78
2024-10-22,B,Member,Cash,128.44
2024-11-25,B,Normal,Cash,400.7
2024-11-23,A,Member,E-wallet,313.42
2024-03-16,A,Normal,Credit Card,223.38
2024-03-23,A,Normal,Credit Card,184.84
2024-04-29,A,Member,Cash,34.87
2025-01-07,A,Member,Cash,432.63
2024-12-08,B,Member,E-wallet,165.29
2024-05-21,B,Normal,Credit Card,147.09
2025-01-10,B,Normal,Credit Card,86.89
2024-12-28,A,Member,E-wallet,242.55
2024-12-15,A,Member,E-wallet,32.33
2024-12-29,B,Normal,E-wallet,224.3
2024-07-01,B,Normal,E-wallet,146.04
2024-08-24,A,Normal,Credit Card,322.48
2024-09-03,A,Member,Credit Card,34.01
2024-09-27,B,Member,E-wallet,367.59
2025-01-05,A,Member,Credit Card,13.52
2024-09-14,B,Normal,Credit Card,110.62
2024-07-24,A,Normal,Credit Card,458.58
2025-01-08,A,Member,Credit Card,341.01
2024-09-22,B,Member,Cash,29.65
2024-04-06,A,Member,Credit Card,108.54
2024-06-16,B,Normal,E-wallet,197.33
2024-07-29,B,Normal,Cash,419.15
2024-04-24,B,Member,Credit Card,437.02
2024-06-09,A,Normal,Credit Card,148.78
2024-12-16,B,Normal,E-wallet,69.04
2024-07-31,A,Member,E-wallet,404.52
2024-12-02,A,Member,Credit Card,398.92
2024-03-28,B,Normal,Cash,86.62
2024-12-10,B,Member,Credit Card,146.54
2024-08-09,B,Member,Credit Card,365.15
2024-11-25,A,Normal,Cash,203.7
2024-12-02,B,Member,E-wallet,317.68
2024-06-15,A,Member,E-wallet,180.41
2024-08-06,A,Normal,E-wallet,292.89
2024-07-29,B,Normal,Credit Card,458.72
2024-03-17,B,Normal,Credit Card,102.39
2024-07-13,A,Normal,Credit Card,435.69
2024-11-25,A,Normal,E-wallet,115.59
2024-05-03,A,Normal,E-wallet,217.56
2024-11-02,A,Member,Cash,252.94
2024-03-28,A,Normal,Credit Card,73.9
2024-04-17,B,Member,Credit Card,127.71
2024-05-31,B,Normal,Credit Card,266.56
2025-01-12,B,Normal,Cash,262.67
2024-02-23,A,Normal,Cash,154.43
2025-02-07,A,Member,Credit Card,287.19
2025-01-11,A,Normal,Credit Card,265.6
2024-10-06,B,Member,Credit Card,56.37
2024-03-22,A,Normal,Cash,177.96
2024-03-21,B,Member,Credit Card,401.2
2025-01-12,A,Normal,Credit Card,227.3
2024-12-02,A,Member,Credit Card,198.62
2024-10-24,B,Member,Credit Card,288.86
2024-12-31,B,Member,Credit Card,335.75
2024-04-03,B,Normal,Credit Card,496.66
2024-09-01,A,Member,Credit Card,278.14
2024-11-30,B,Member,Cash,235.8
2024-11-17,B,Normal,Credit Card,320.89
2024-02-14,B,Member,E-wallet,117.16
2024-11-07,A,Normal,Credit Card,399.04
2025-01-06,B,Member,Credit Card,312.32
2024-06-10,A,Normal,Credit Card,161.41
2024-12-04,B,Normal,Cash,322.76
2024-08-10,B,Normal,Credit Card,370.97
2024-06-09,A,Normal,E-wallet,28.42
2024-11-04,A,Member,E-wallet,38.81
2024-12-01,B,Member,Credit Card,177.5
2024-04-27,A,Normal,E-wallet,387.76
2024-11-02,A,Normal,Credit Card,409.49
2024-06-21,B,Member,Cash,430.98
2024-04-30,A,Normal,Credit Card,445.59
2024-02-22,B,Member,E-wallet,34.18
2024-10-30,B,Normal,Cash,398.98
2024-03-20,B,Normal,Cash,426.0
2024-08-19,A,Member,Credit Card,75.52
2024-11-08,A,Member,Cash,342.12
2024-12-24,A,Normal,Credit Card,479.48
2024-04-24,A,Member,Cash,294.38
2024-11-12,B,Member,E-wallet,385.98
2024-04-04,B,Normal,Cash,167.21
2024-11-15,A,Normal,E-wallet,243.83
2024-11-21,A,Member,Cash,28.91
2024-06-11,A,Normal,Credit Card,348.6
2024-09-24,A,Normal,Credit Card,216.11
2024-12-28,A,Normal,E-wallet,403.32
2024-12-10,B,Normal,Cash,195.52
2024-02-15,B,Normal,Credit Card,314.43
2024-02-19,A,Normal,E-wallet,38.97
2024-10-04,A,Member,Cash,31.21
2024-08-17,A,Normal,E-wallet,40.17
2024-10-08,B,Member,Credit Card,379.15
2024-11-26,A,Normal,Credit Card,71.24
2024-06-16,B,Normal,Credit Card,65.22
2024-08-25,B,Normal,Credit Card,315.06
2024-02-16,A,Member,E-wallet,72.11
2024-05-21,A,Member,E-wallet,54.05
2024-06-12,B,Normal,Cash,482.44
2024-09-06,A,Normal,Cash,342.81
2024-07-19,A,Normal,E-wallet,50.05
2024-05-01,A,Member,Credit Card,358.14
2025-01-19,B,Member,Credit Card,430.02
2024-07-14,A,Normal,Cash,189.08
2025-01-14,A,Member,Credit Card,151.36
2024-02-13,B,Normal,Credit Card,350.15
2024-11-08,A,Normal,Credit Card,374.43
2024-04-07,A,Member,Credit Card,437.34
2025-01-23,B,Normal,E-wallet,395.22
2024-10-11,A,Normal,Cash,423.96
2024-03-09,A,Normal,E-wallet,213.23
2024-04-09,B,Normal,Cash,465.14
2024-10-10,B,Member,Cash,312.26
2025-02-02,A,Normal,Cash,258.39
2024-04-19,B,Member,Credit Card,293.21
2024-04-15,A,Member,E-wallet,221.51
2024-08-25,B,Member,E-wallet,340.44
2024-09-28,A,Normal,Cash,474.79
2024-05-22,A,Member,Credit Card,289.77
2024-10-06,A,Normal,Credit Card,466.91
2024-08-02,B,Normal,E-wallet,16.09
2025-01-15,A,Member,E-wallet,169.68
2024-09-05,B,Member,E-wallet,356.02
2024-09-05,A,Normal,Credit Card,257.49
2024-02-28,A,Normal,E-wallet,496.49
2024-12-05,A,Normal,Credit Card,313.45
2024-11-05,A,Member,Cash,438.54
2024-04-07,A,Normal,E-wallet,77.12
2024-07-08,A,Member,Cash,463.0
2024-05-12,B,Normal,Credit Card,132.69
2024-12-02,B,Member,Credit Card,146.5
2024-10-06,B,Member,E-wallet,20.44
2024-10-14,B,Normal,E-wallet,353.98
2024-12-13,B,Member,Cash,253.08
2025-01-23,A,Normal,E-wallet,343.22
2024-05-06,B,Member,Cash,182.01
2024-07-25,B,Normal,Cash,16.3
2024-09-15,B,Member,E-wallet,130.05
2024-09-26,A,Member,Credit Card,26.51
2024-02-20,A,Normal,E-wallet,20.61
2024-05-27,B,Member,Cash,305.58
2024-04-16,A,Normal,Credit Card,122.84
2024-10-18,A,Normal,E-wallet,21.82
2024-04-06,B,Normal,Cash,205.92
2024-06-01,B,Member,Credit Card,283.81
2024-08-06,A,Normal,Credit Card,49.24
2024-12-25,A,Normal,Credit Card,139.02
2024-08-10,B,Member,E-wallet,461.63
2024-06-12,B,Normal,Cash,409.57
2024-03-01,B,Member,Cash,57.89
2024-06-17,B,Member,Credit Card,418.26
2024-02-26,A,Member,Cash,489.97
2024-06-18,B,Member,Credit Card,16.61
2024-12-01,B,Normal,E-wallet,317.82
2024-06-22,A,Normal,E-wallet,137.21
2024-08-18,B,Member,Cash,412.8
2024-08-09,A,Member,E-wallet,105.02
2024-03-28,B,Member,E-wallet,372.78
2024-05-09,A,Member,Cash,383.62
2024-08-14,A,Member,Credit Card,361.16
2024-10-14,A,Member,Credit Card,345.25
2025-01-28,B,Normal,Cash,111.63
2024-12-09,B,Normal,Credit Card,293.1
2024-06-09,A,Member,E-wallet,84.87
2024-10-06,B,Member,Cash,447.81
2024-09-11,A,Member,Credit Card,201.7
2024-07-06,B,Normal,Credit Card,95.69
2024-03-17,B,Member,Credit Card,482.28
2024-09-07,B,Normal,E-wallet,12.81
2024-08-24,B,Member,Cash,249.16
2024-04-01,B,Normal,E-wallet,142.74
2025-02-03,A,Member,Credit Card,89.88
2024-07-10,B,Member,E-wallet,442.95
2024-07-21,B,Normal,Credit Card,177.52
2024-12-11,B,Member,Cash,68.54
2024-12-26,A,Member,Credit Card,121.72
2024-05-20,A,Member,E-wallet,274.21
2024-09-14,A,Normal,E-wallet,406.77
2024-12-10,A,Member,Credit Card,141.07
2024-05-28,A,Normal,Cash,206.39
2024-12-07,A,Normal,E-wallet,137.73
2024-06-03,A,Member,Cash,452.14
2024-10-23,A,Member,E-wallet,99.09
2024-06-23,B,Normal,Credit Card,279.65
2025-02-01,B,Normal,Credit Card,376.62
2024-10-17,B,Member,Credit Card,482.77
2024-03-24,B,Normal,Cash,422.64
2024-12-30,B,Normal,Credit Card,328.41
2024-08-25,B,Member,E-wallet,352.16
2024-05-22,A,Member,E-wallet,372.62
2025-02-11,B,Member,Cash,113.36
2024-09-09,B,Normal,E-wallet,383.04
2024-03-04,B,Member,E-wallet,393.12
2024-04-28,B,Normal,E-wallet,461.53
2024-07-20,A,Normal,Credit Card,56.74
2024-03-24,B,Member,Cash,13.96
2024-07-05,B,Normal,E-wallet,49.16
2024-09-08,B,Member,Credit Card,494.71
2024-03-03,A,Member,Credit Card,387.18
2024-08-25,B,Normal,Cash,455.18
2025-01-24,A,Normal,E-wallet,109.88
2024-05-18,B,Normal,Cash,95.75
2024-10-25,B,Normal,Credit Card,275.61
2024-07-13,A,Normal,Cash,29.51
2024-06-21,B,Normal,Cash,94.22
2024-11-01,B,Member,Credit Card,246.96
2025-01-19,B,Member,E-wallet,473.52
2024-10-19,B,Normal,Credit Card,369.32
2024-07-11,A,Member,Cash,379.11
2024-10-05,B,Normal,E-wallet,262.47
2024-09-26,B,Member,Cash,242.5
2024-07-01,A,Member,Cash,364.63
2024-12-20,B,Member,Credit Card,37.74
2024-09-04,B,Normal,E-wallet,228.15
2024-05-09,B,Normal,Credit Card,449.23
2025-02-02,B,Normal,Cash,333.07
2024-07-21,A,Member,E-wallet,470.84
2024-08-17,B,Member,E-wallet,477.57
2024-07-22,B,Normal,Cash,404.24
2024-04-02,B,Member,Credit Card,189.52
2024-10-26,A,Normal,Credit Card,389.47
2024-05-18,B,Normal,Credit Card,256.54
2024-07-25,A,Member,Credit Card,115.02
2024-04-25,B,Member,Cash,477.38
2024-10-29,A,Normal,Credit Card,190.94
2024-12-30,A,Normal,E-wallet,116.61
2024-05-21,A,Normal,E-wallet,404.41
2024-02-25,A,Member,E-wallet,315.03
2024-12-19,A,Member,Credit Card,49.66
2024-03-17,A,Member,E-wallet,96.36
2024-02-14,A,Normal,Credit Card,115.56
2025-01-17,B,Normal,Credit Card,413.39
2024-06-10,B,Normal,Cash,230.95
2024-07-18,A,Normal,E-wallet,68.9
2024-08-04,A,Member,E-wallet,208.28
2024-10-22,A,Member,Credit Card,371.28
2024-03-24,B,Normal,Cash,249.87
2024-03-25,A,Normal,E-wallet,99.7
2024-05-07,B,Normal,Credit Card,385.25
2024-07-28,A,Member,Cash,148.75
2024-04-26,A,Member,E-wallet,454.49
2024-06-30,B,Member,Credit Card,93.47
2024-10-17,B,Normal,Credit Card,12.96
2024-12-23,B,Normal,Credit Card,390.18
2024-10-11,B,Normal,E-wallet,115.33
2024-09-18,A,Member,Credit Card,11.58
2024-05-30,A,Normal,Cash,260.31
2024-07-26,B,Member,Cash,347.11
2024-03-28,B,Normal,Cash,300.53
2024-08-08,A,Member,Cash,180.32
2024-10-08,B,Member,Cash,10.04
2024-12-03,B,Normal,Cash,463.15
2024-10-03,B,Normal,E-wallet,454.11
2024-06-24,B,Member,Cash,451.1
2024-08-12,A,Member,E-wallet,275.17
2024-12-02,A,Member,Cash,338.71
2024-06-19,A,Member,Cash,293.43
2024-03-16,A,Member,E-wallet,242.12
2024-11-12,A,Normal,E-wallet,374.62
2025-02-06,B,Member,Cash,474.94
2024-04-26,A,Normal,E-wallet,454.27
2025-01-04,B,Member,E-wallet,497.06
2024-05-31,A,Normal,E-wallet,414.32
2024-03-18,B,Member,Cash,312.06
2024-05-07,B,Normal,Cash,129.48
2024-11-13,A,Normal,Cash,438.22
2024-03-19,A,Normal,Credit Card,375.24
2024-10-16,A,Normal,Credit Card,380.52
2024-09-11,B,Normal,E-wallet,42.14
2024-12-25,B,Normal,E-wallet,78.48
2024-07-13,A,Member,Cash,316.79
2024-08-01,B,Normal,Credit Card,164.48
2024-03-13,A,Normal,E-wallet,206.58
2024-08-24,A,Normal,E-wallet,142.51
2025-01-05,A,Member,Cash,493.71
2024-12-10,A,Member,E-wallet,220.34
2024-08-20,B,Normal,E-wallet,331.04
2024-03-31,A,Member,Cash,78.31
2024-02-14,A,Normal,Credit Card,316.06
2024-08-31,A,Normal,E-wallet,261.56
2025-01-18,A,Normal,E-wallet,473.84
2024-11-10,A,Member,Credit Card,18.37
2024-05-04,A,Normal,Credit Card,178.09
2024-02-23,A,Normal,Cash,156.88
2025-02-09,B,Normal,E-wallet,44.37
2024-10-17,A,Normal,E-wallet,25.66
2024-05-19,B,Member,Cash,112.55
2024-04-19,A,Normal,Cash,479.29
2024-11-17,B,Normal,E-wallet,363.99
2024-05-29,A,Normal,Cash,361.38
2024-12-07,B,Normal,E-wallet,99.44
2024-10-25,B,Normal,Credit Card,11.29
2024-07-23,B,Member,Credit Card,160.53
2024-05-27,B,Normal,Credit Card,457.71
2025-01-03,B,Normal,Credit Card,89.72
2024-05-23,A,Normal,E-wallet,406.22
2024-06-05,A,Normal,Cash,398.98
2024-09-07,B,Normal,Cash,408.33
2024-09-18,A,Member,Credit Card,298.36
2024-07-26,A,Member,Cash,128.8
2024-12-08,B,Normal,Cash,91.03
2024-10-30,B,Normal,E-wallet,429.7
2024-10-18,A,Normal,Credit Card,329.31
2024-08-30,A,Member,Credit Card,222.99
2024-09-03,B,Member,Credit Card,48.41
2024-08-12,B,Normal,Credit Card,387.61
2024-02-20,A,Member,Credit Card,348.48
2024-10-18,B,Member,Cash,54.24
2024-07-23,B,Member,Credit Card,492.61
2024-07-16,B,Normal,E-wallet,42.44
2024-03-11,B,Normal,Cash,213.77
2024-11-05,B,Normal,E-wallet,22.07
2024-12-22,A,Normal,E-wallet,67.93
2024-11-08,B,Member,Cash,119.9
2024-08-18,A,Normal,E-wallet,268.0
2024-08-07,A,Normal,E-wallet,475.12
2024-08-19,B,Normal,Cash,119.03
2025-01-27,B,Member,E-wallet,122.02
2024-09-25,A,Member,Cash,353.36
2024-12-31,A,Member,Cash,261.18
2024-06-03,B,Normal,Credit Card,151.9
2024-06-12,B,Member,E-wallet,343.57
2024-12-10,A,Normal,Cash,118.69
2024-03-27,B,Normal,Cash,32.47
2024-12-16,A,Member,E-wallet,152.15
2024-12-26,A,Normal,Cash,148.83
2024-07-16,A,Member,E-wallet,465.23
2024-07-16,B,Member,E-wallet,221.39
2024-05-29,A,Member,Credit Card,248.74
2024-12-15,B,Normal,E-wallet,449.08
2024-07-06,A,Member,Cash,250.41
2024-03-22,B,Member,E-wallet,496.44
2024-08-14,A,Member,Cash,180.31
2024-08-02,A,Normal,Cash,386.52
2024-04-15,A,Member,Cash,23.53
2024-07-19,B,Member,E-wallet,142.31
2024-05-08,A,Normal,Cash,125.94
2024-10-30,B,Normal,Credit Card,460.62
2024-11-20,A,Normal,Credit Card,271.6
2025-02-01,B,Member,Credit Card,199.43
2024-08-09,A,Normal,Credit Card,127.6
2024-09-21,B,Member,Cash,127.71
2025-01-30,A,Member,Cash,176.24
2024-05-14,A,Normal,Credit Card,11.17
2024-10-18,A,Member,E-wallet,426.76
2024-10-01,A,Member,Credit Card,41.81
2024-08-30,B,Member,E-wallet,287.78
2024-08-25,B,Member,Credit Card,290.44
2025-01-19,A,Member,Cash,95.64
2024-03-12,B,Member,Cash,73.45
2024-09-25,B,Member,E-wallet,422.32
2024-05-15,B,Member,Cash,374.11
2024-07-03,A,Member,Credit Card,330.35
2025-01-08,B,Member,E-wallet,139.49
2024-06-08,B,Member,Cash,352.09
2024-05-26,A,Normal,Credit Card,215.64
2024-08-08,A,Normal,Credit Card,444.82
2024-05-19,B,Member,E-wallet,143.04
2024-04-11,B,Member,E-wallet,236.78
2024-07-21,A,Member,Credit Card,298.0
2025-02-09,B,Normal,Credit Card,77.18
2025-02-04,A,Member,E-wallet,303.99
2024-03-18,A,Member,Credit Card,490.72
2025-01-10,A,Member,Credit Card,247.48
2024-02-14,B,Normal,Cash,425.07
2024-04-18,B,Normal,E-wallet,180.71
2024-03-20,B,Member,E-wallet,427.65
2024-05-28,A,Member,E-wallet,153.41
2024-02-26,B,Normal,Cash,259.42
2024-07-02,A,Member,Credit Card,345.12
2024-08-07,B,Member,Cash,65.26
2024-02-18,B,Member,E-wallet,424.15
2024-06-06,A,Normal,Cash,163.67
2024-06-15,B,Normal,Cash,64.27
2024-05-09,B,Member,E-wallet,275.3
2024-08-02,B,Normal,E-wallet,358.3
2025-01-16,B,Member,E-wallet,243.64
2024-09-16,B,Normal,Cash,353.78
2024-09-08,A,Normal,Credit Card,442.88
2024-03-30,B,Member,Cash,246.22
2024-04-16,B,Member,Credit Card,338.47
2024-07-07,A,Member,Cash,344.93
2024-03-26,A,Member,Cash,143.34
2024-11-07,B,Normal,Credit Card,153.3
2024-10-22,A,Normal,E-wallet,27.57
2024-11-22,A,Member,Cash,198.91
2024-08-09,B,Member,Cash,299.74
2024-05-09,A,Member,E-wallet,62.89
2024-07-10,B,Normal,Credit Card,124.64
2024-04-28,B,Member,Cash,337.64
2024-09-12,B,Member,Credit Card,81.05
2024-05-29,B,Normal,Credit Card,101.34
2024-06-24,A,Normal,Credit Card,74.47
2024-07-15,A,Member,Credit Card,448.45
2025-01-20,B,Normal,E-wallet,375.56
2025-02-07,A,Normal,Credit Card,372.7
2024-03-26,B,Normal,Cash,112.18
2024-11-07,A,Member,E-wallet,169.41
2025-01-16,B,Member,Cash,30.51
2024-09-26,A,Member,Cash,313.81
2024-12-18,A,Normal,E-wallet,285.89
2024-02-17,A,Normal,Cash,146.56
2024-11-25,A,Normal,E-wallet,408.31
2024-04-09,A,Member,Cash,219.88
2025-01-22,B,Normal,Credit Card,433.22
2024-09-20,A,Member,Cash,366.37
2024-04-11,A,Normal,E-wallet,296.2
2024-08-11,B,Normal,E-wallet,302.09
2024-12-30,B,Member,E-wallet,138.59
2024-11-28,A,Member,Credit Card,478.99
2024-08-12,B,Normal,Credit Card,49.21
2024-03-17,B,Member,E-wallet,334.13
2024-09-16,A,Member,Cash,497.86
2024-03-06,B,Member,Cash,122.23
2024-02-20,A,Member,Cash,13.58
2024-06-06,B,Member,Credit Card,365.79
2024-08-29,B,Member,E-wallet,159.49
2025-02-02,A,Normal,Cash,96.13
2024-09-01,A,Member,Credit Card,368.39
2024-12-26,A,Normal,Credit Card,332.83
2024-09-02,A,Member,E-wallet,36.97
2025-01-15,B,Normal,Credit Card,208.02
2024-06-03,A,Member,E-wallet,391.11
2024-03-24,A,Normal,Cash,56.22
2024-07-25,B,Member,Cash,394.36
2024-08-29,B,Normal,Credit Card,69.65
2025-02-09,A,Normal,E-wallet,97.78
2024-08-16,B,Member,Credit Card,493.55
2025-01-14,B,Member,E-wallet,34.38
2024-07-09,B,Member,Credit Card,88.77
2024-03-13,A,Member,Credit Card,219.85
2024-07-16,B,Normal,Cash,193.43
2024-03-20,B,Member,E-wallet,14.83
2024-09-04,B,Member,Cash,484.91
2025-01-24,A,Member,Credit Card,33.9
2024-08-09,B,Member,E-wallet,324.39
2025-02-08,B,Normal,E-wallet,224.25
2024-10-15,A,Member,Credit Card,484.91
2024-06-07,B,Member,Credit Card,202.99
2024-12-10,B,Normal,Credit Card,133.19
2024-08-05,B,Member,E-wallet,121.63
2024-12-19,A,Normal,Cash,310.67
2024-12-10,B,Member,E-wallet,435.48
2024-05-07,B,Member,E-wallet,253.78
2024-04-29,B,Normal,Cash,197.08
2024-09-18,B,Member,E-wallet,357.8
2024-05-31,B,Normal,E-wallet,432.28
2024-07-20,B,Normal,Credit Card,88.76
2025-02-04,B,Normal,E-wallet,280.27
2024-04-01,A,Normal,E-wallet,219.55
2024-06-02,B,Member,Credit Card,494.94
2024-07-11,B,Member,E-wallet,327.13
2024-09-26,B,Member,Cash,370.13
2024-03-13,A,Member,Credit Card,129.65
2024-09-09,A,Member,Cash,245.5
2025-01-13,B,Normal,Cash,437.7
2024-07-20,B,Normal,Cash,453.31
2024-06-29,B,Member,Cash,234.37
2024-11-01,A,Member,Cash,86.26
2024-07-20,B,Normal,Credit Card,334.12
2024-05-17,B,Normal,E-wallet,230.47
2024-02-12,A,Member,Cash,498.59
2024-08-22,B,Normal,Credit Card,461.82
2024-10-02,A,Member,Credit Card,261.73
2024-05-11,A,Member,Cash,239.95
2024-11-20,B,Member,Cash,466.42
2024-12-27,A,Normal,Cash,385.61
2025-01-18,B,Normal,Credit Card,30.5
2024-12-03,A,Normal,E-wallet,234.62
2024-12-26,A,Member,Cash,56.2
2024-03-22,A,Member,Credit Card,344.65
2024-12-25,B,Normal,E-wallet,388.19
2024-11-11,B,Normal,E-wallet,211.37
2024-12-11,A,Normal,E-wallet,140.55
2024-06-05,A,Normal,E-wallet,42.69
2024-09-03,A,Normal,Cash,386.8
2024-09-21,A,Normal,E-wallet,141.98
2024-08-31,A,Member,E-wallet,275.62
2024-06-16,B,Normal,Cash,195.42
2024-02-25,B,Member,E-wallet,356.67
2024-12-18,A,Member,Cash,89.16
2024-09-17,A,Member,Cash,359.88
2024-10-22,B,Normal,Credit Card,76.16
2024-04-30,B,Normal,Credit Card,85.53
2024-05-09,B,Member,E-wallet,162.54
2024-11-12,B,Normal,E-wallet,240.23
2024-04-17,B,Member,Cash,223.17
2024-08-18,A,Member,E-wallet,114.5
2024-04-10,A,Normal,E-wallet,232.28
2025-01-19,A,Normal,Cash,92.23
2025-02-09,B,Normal,Credit Card,163.25
2024-10-28,A,Member,Cash,104.12
2025-02-11,A,Normal,Cash,316.67
2024-10-08,A,Normal,E-wallet,396.68
2024-12-19,B,Member,Cash,206.1
2024-05-20,A,Member,Cash,463.55
2024-06-27,A,Normal,E-wallet,412.7
2024-07-08,A,Normal,Cash,169.35
2024-07-21,A,Normal,Credit Card,399.11
2025-01-25,A,Normal,Credit Card,66.27
2024-11-24,B,Member,E-wallet,378.52
2024-09-08,B,Normal,E-wallet,470.06
2024-03-09,B,Normal,E-wallet,281.76
2024-05-02,B,Normal,E-wallet,464.45
2024-08-18,A,Normal,Credit Card,108.94
2024-07-30,B,Member,Cash,98.34
2024-04-29,A,Normal,E-wallet,417.82
2024-04-10,B,Normal,Cash,356.38
2024-02-28,B,Normal,Cash,164.49
2024-05-02,A,Member,Credit Card,261.69
2024-03-17,A,Member,Cash,411.64
2024-11-20,B,Normal,Cash,202.58
2025-01-12,B,Member,Credit Card,270.18
2024-05-22,B,Normal,Cash,251.06
2024-09-04,B,Normal,Credit Card,179.36
2024-12-28,A,Normal,Cash,147.99
2024-07-24,B,Normal,E-wallet,214.5
2024-06-24,A,Normal,Cash,64.35
2024-04-19,A,Normal,Credit Card,29.58
2024-06-14,A,Normal,Credit Card,407.98
2024-07-01,B,Normal,Cash,127.98
2024-07-16,A,Normal,E-wallet,44.74
2024-05-13,B,Normal,Cash,12.44
2024-02-21,B,Normal,Credit Card,60.44
2024-03-05,A,Member,Credit Card,409.81
2024-02-14,B,Normal,Cash,428.39
2024-03-03,A,Normal,E-wallet,213.21
2024-05-25,A,Normal,Cash,240.52
2024-09-19,A,Member,Credit Card,144.58
2024-02-20,A,Normal,E-wallet,398.53
2024-02-21,B,Member,Credit Card,171.93
2024-09-29,A,Normal,E-wallet,298.28
2024-04-16,A,Normal,Cash,111.64
2024-09-01,B,Normal,Cash,208.4
2024-02-18,B,Member,E-wallet,440.97
2024-05-28,B,Member,Credit Card,424.52
2024-12-11,B,Normal,Cash,193.94
2024-12-08,B,Normal,E-wallet,265.45
2025-01-25,A,Normal,E-wallet,93.82
2024-09-23,A,Normal,Cash,338.18
2025-01-05,A,Normal,Cash,407.98
2024-10-26,A,Member,Credit Card,229.35
2024-11-16,B,Member,Credit Card,151.65
2025-01-04,B,Normal,Cash,212.11
2024-05-04,A,Normal,E-wallet,252.35
2024-07-04,A,Member,Credit Card,250.59
2024-11-04,B,Member,Credit Card,259.58
2025-01-01,B,Member,Credit Card,314.25
2024-07-25,B,Member,Credit Card,242.75
2024-10-30,A,Normal,Credit Card,345.64
2025-01-21,A,Normal,Credit Card,273.98
2024-11-01,A,Normal,E-wallet,246.74
2024-12-31,B,Normal,E-wallet,424.45
2024-03-15,A,Normal,Credit Card,357.77
2024-06-20,B,Member,E-wallet,454.56
2024-06-10,B,Normal,Cash,373.11
2024-06-05,B,Normal,E-wallet,245.83
2024-06-19,A,Normal,Cash,266.04
2024-07-23,B,Normal,Credit Card,445.79
2025-01-11,A,Member,E-wallet,455.18
2025-01-01,B,Normal,Credit Card,16.94
2024-09-13,B,Member,Cash,247.94
2024-02-16,A,Member,Credit Card,456.36
2025-01-07,A,Normal,Credit Card,165.89
2024-05-21,A,Normal,Credit Card,100.73
2024-03-04,B,Member,Credit Card,283.26
2024-05-21,A,Normal,Credit Card,448.16
2024-09-26,A,Member,Cash,207.07
2024-06-19,B,Member,Credit Card,102.14
2024-11-17,A,Member,Credit Card,440.67
2024-07-23,A,Normal,Cash,151.22
2025-01-08,A,Normal,Credit Card,436.99
2024-04-10,B,Member,E-wallet,20.7
2024-11-10,B,Member,Cash,29.7
2024-03-12,A,Member,Credit Card,258.26
2024-04-02,A,Normal,E-wallet,252.13
2024-12-23,A,Member,Cash,180.81
2025-02-06,A,Normal,E-wallet,245.97
2025-01-03,B,Normal,E-wallet,385.1
2025-01-18,B,Member,E-wallet,122.17
2024-12-10,A,Member,Credit Card,175.58
2024-05-06,B,Member,E-wallet,298.18
2025-02-06,A,Normal,Cash,160.65
2024-05-07,A,Normal,E-wallet,12.3
2025-01-17,B,Member,E-wallet,477.67
2024-09-02,A,Normal,Cash,79.11
2025-01-09,B,Normal,Credit Card,39.09
2025-02-11,A,Normal,Credit Card,84.15
2024-12-26,B,Member,E-wallet,69.98
2025-01-05,B,Member,Cash,370.37
2024-12-16,B,Member,Cash,466.59
2024-05-19,A,Member,Credit Card,379.33
2025-02-02,A,Normal,E-wallet,131.25
2024-03-05,B,Member,E-wallet,41.96
2025-01-25,A,Member,E-wallet,283.4
2025-01-09,A,Normal,E-wallet,272.04
2024-06-25,A,Member,Cash,359.02
2024-11-24,A,Normal,Credit Card,77.57
2024-08-12,A,Normal,Credit Card,59.33
2024-02-25,A,Member,Credit Card,118.44
2025-01-10,A,Normal,Cash,489.46
2024-02-27,A,Member,Cash,102.75
2024-07-19,A,Normal,Credit Card,139.25
2024-07-28,A,Member,Credit Card,73.15
2024-06-29,A,Normal,Credit Card,91.0
2024-07-18,A,Normal,Cash,324.67
2025-02-07,A,Member,Cash,14.84
2024-03-08,A,Normal,E-wallet,95.03
2024-10-07,B,Normal,Credit Card,73.5
2024-06-17,B,Member,E-wallet,223.38
2024-12-23,B,Member,Cash,302.93
2024-02-13,A,Member,E-wallet,240.07
2025-01-13,B,Member,Credit Card,497.33
2025-01-14,A,Member,Credit Card,415.38
2024-05-27,A,Member,Cash,316.56
2024-10-30,B,Normal,E-wallet,489.12
2024-08-21,A,Normal,Cash,21.87
2024-10-08,B,Normal,Credit Card,90.03
2024-04-15,A,Member,E-wallet,463.61
2024-05-02,A,Member,Cash,447.61
2024-07-30,A,Member,E-wallet,128.23
2024-03-12,A,Member,E-wallet,281.22
2024-03-16,A,Normal,Credit Card,329.1
2024-05-06,B,Normal,E-wallet,258.87
2024-02-20,A,Normal,Cash,144.32
2024-09-25,B,Member,E-wallet,458.23
2024-10-05,A,Normal,E-wallet,186.03
2024-05-26,A,Normal,Cash,374.09
2024-04-19,B,Normal,Cash,335.94
2024-09-25,A,Normal,Cash,84.31
2025-01-24,B,Normal,E-wallet,255.24
2024-09-02,B,Member,E-wallet,213.87
2024-06-08,A,Normal,Credit Card,262.38
2024-06-02,B,Normal,E-wallet,350.25
2024-02-24,A,Normal,Credit Card,206.81
2024-08-24,A,Member,E-wallet,38.43
2024-11-12,A,Member,Credit Card,167.89
2024-05-22,A,Member,Cash,238.25
2024-03-14,A,Normal,Cash,389.83
2024-10-11,B,Member,Cash,230.77
2024-03-19,A,Normal,E-wallet,466.66
2024-04-18,B,Normal,Credit Card,250.1
2024-12-28,A,Member,Cash,159.72
2024-06-14,B,Member,Credit Card,17.68
2024-08-26,A,Normal,E-wallet,80.47
2024-06-13,A,Normal,Credit Card,368.24
2024-11-15,A,Normal,Credit Card,58.81
2024-08-25,B,Normal,E-wallet,223.14
2024-07-19,B,Normal,Cash,94.02
2024-12-14,B,Normal,Credit Card,339.99
2025-01-02,B,Normal,E-wallet,433.77
2024-04-16,B,Normal,Cash,439.13
2024-05-22,A,Normal,Credit Card,63.59
2024-05-19,A,Member,Cash,155.21
2024-10-30,A,Normal,Credit Card,124.01
2024-12-24,A,Normal,Cash,157.74
2024-05-05,A,Member,Cash,355.36
2025-01-20,B,Normal,Cash,263.81
2025-02-06,A,Normal,Credit Card,384.99
2025-01-16,B,Normal,Cash,265.74
2024-12-31,A,Normal,Cash,391.07
2024-06-16,A,Member,Cash,116.72
2024-05-07,B,Member,Cash,160.59
2024-04-21,B,Member,Cash,331.42
2024-08-06,A,Member,E-wallet,121.36
2024-09-27,B,Normal,Credit Card,35.79
2024-09-29,A,Normal,Cash,304.69
2024-04-13,B,Normal,E-wallet,17.23
2024-10-17,B,Member,Credit Card,398.55
2024-09-15,A,Normal,Cash,197.27
2024-08-31,B,Member,Cash,398.98
2025-02-10,A,Member,Credit Card,260.91
2024-04-09,A,Normal,E-wallet,326.68
2024-02-19,B,Member,E-wallet,193.79
2024-12-02,B,Member,Credit Card,229.84
2024-11-18,A,Normal,Credit Card,156.25
2024-02-25,B,Member,E-wallet,64.33
2024-05-05,A,Member,E-wallet,30.31
2025-01-12,B,Member,E-wallet,87.15
2025-01-08,A,Normal,Credit Card,271.9
2025-01-31,A,Member,Credit Card,304.16
2024-06-23,A,Member,E-wallet,281.0
2024-11-19,A,Member,Cash,129.97
2025-02-08,B,Member,E-wallet,387.59
2024-08-08,B,Member,Cash,183.49
2024-07-31,A,Member,Credit Card,476.44
2025-02-04,B,Normal,Credit Card,269.42
2024-06-12,B,Member,Credit Card,207.77
2024-07-25,A,Normal,Credit Card,393.22
2024-09-24,A,Member,E-wallet,170.94
2024-12-09,A,Normal,E-wallet,369.04
2024-12-01,A,Normal,E-wallet,265.7
2024-03-18,B,Normal,E-wallet,82.78
2024-03-08,B,Normal,E-wallet,185.93
2024-07-27,A,Normal,Cash,241.72
2024-07-13,B,Normal,E-wallet,328.94
2024-12-18,A,Normal,Credit Card,261.37
2024-09-02,A,Normal,Cash,258.9
2024-08-31,B,Member,Cash,271.54
2024-09-25,A,Normal,E-wallet,483.19
2024-03-10,B,Normal,E-wallet,210.39
2024-12-17,A,Member,Credit Card,472.09
2024-05-08,A,Member,Credit Card,257.84
2024-08-16,B,Member,E-wallet,370.36
2024-05-29,A,Normal,Cash,76.72
2024-05-29,A,Normal,E-wallet,484.48
2024-12-24,B,Normal,Cash,437.81
2024-04-29,B,Member,Credit Card,242.18
2024-11-30,A,Member,E-wallet,270.25
2024-12-08,A,Member,Cash,424.69
2024-11-28,A,Member,Credit Card,308.82
2024-05-04,A,Member,Credit Card,154.87
2024-03-14,A,Normal,Cash,304.39
2024-08-03,B,Member,E-wallet,161.44
2025-01-31,A,Normal,Credit Card,342.36
2024-06-06,A,Member,Cash,497.3
2024-10-22,A,Normal,E-wallet,386.64
2024-04-27,A,Normal,Cash,307.48
2024-11-14,B,Member,E-wallet,35.24
2025-01-21,A,Normal,Credit Card,352.64
2024-09-24,B,Normal,Credit Card,499.58
2024-07-15,A,Member,E-wallet,283.92
2025-01-07,A,Member,Cash,412.84
2024-09-16,B,Normal,Credit Card,279.3
2024-02-14,B,Member,Cash,77.38
2025-01-16,A,Normal,E-wallet,37.29
2024-08-22,B,Normal,Credit Card,387.2
2024-08-08,A,Normal,Cash,328.29
2024-08-18,B,Member,Credit Card,194.48
2024-10-05,A,Member,Cash,206.6
2024-12-08,B,Normal,E-wallet,184.25
2024-11-03,B,Normal,E-wallet,67.69
2025-02-09,A,Normal,Credit Card,230.28
2024-10-27,B,Member,Cash,16.55
2024-11-01,B,Normal,Cash,248.44
2024-02-14,B,Member,Cash,43.63
2024-03-01,B,Member,E-wallet,358.55
2024-09-29,B,Normal,Credit Card,292.32
2024-09-10,B,Normal,E-wallet,167.47
2024-07-14,A,Normal,E-wallet,406.95
2024-03-22,B,Normal,Credit Card,57.97
2024-12-24,A,Normal,Credit Card,133.23
2024-09-01,B,Normal,E-wallet,75.04
2024-11-16,B,Normal,Credit Card,182.46
2024-10-17,A,Normal,E-wallet,289.85
2024-12-14,A,Normal,Credit Card,26.3
2024-07-21,B,Member,Cash,225.73
2024-02-23,A,Member,E-wallet,291.46
2025-02-04,B,Normal,Credit Card,334.84
2024-10-04,A,Normal,Credit Card,316.15
2024-09-03,A,Normal,E-wallet,449.68
2024-08-17,B,Member,Cash,233.62
2024-04-22,A,Member,Credit Card,423.83
2024-10-12,A,Normal,Credit Card,473.42
2024-10-05,A,Member,Cash,100.08
2024-08-25,B,Normal,E-wallet,423.91
2024-07-08,A,Member,Credit Card,172.43
2024-04-03,B,Member,Credit Card,281.76
2024-12-24,B,Normal,E-wallet,156.48
2024-12-10,A,Member,Credit Card,153.61
2025-01-27,A,Normal,E-wallet,98.62
2024-12-26,B,Member,Cash,22.55
2024-06-06,B,Member,Cash,485.83
2024-06-17,B,Normal,Credit Card,437.62
2024-11-02,B,Normal,Cash,388.8
2024-06-27,B,Normal,Cash,377.7
2024-04-09,B,Member,Cash,215.16
2024-05-06,A,Normal,Cash,346.04
2024-08-08,A,Member,Credit Card,53.06
2024-10-15,B,Member,Cash,200.85
2024-08-19,A,Normal,Cash,200.45
2024-07-30,A,Normal,Cash,453.86
2024-04-19,A,Normal,E-wallet,70.98
2024-03-29,B,Member,Credit Card,183.44
2024-10-17,B,Member,Cash,491.5
2024-04-11,A,Normal,E-wallet,279.37
2024-04-17,B,Member,Cash,80.56
2024-08-23,B,Normal,Cash,64.82
2025-01-27,B,Member,Credit Card,268.39
2024-03-14,A,Normal,E-wallet,69.99
2024-06-06,B,Normal,E-wallet,280.79
2024-11-02,A,Normal,Credit Card,490.01
2025-01-19,A,Member,Cash,428.96
2025-01-05,A,Member,Credit Card,10.47
2024-09-24,A,Member,Cash,188.83
2025-02-11,B,Normal,Cash,311.35
2024-06-09,A,Member,Credit Card,255.19
2024-11-25,B,Member,Cash,224.34
2025-01-02,B,Member,E-wallet,432.64
2024-08-24,A,Normal,E-wallet,286.0
2024-10-06,B,Normal,E-wallet,284.33
2025-01-25,B,Member,Credit Card,467.57
2025-01-20,A,Member,E-wallet,396.59
2024-07-21,A,Normal,Cash,186.78
2024-08-06,B,Member,Cash,476.38
2024-05-25,A,Normal,Cash,462.45
2024-04-20,B,Member,Cash,290.49
2024-05-24,A,Member,E-wallet,371.78
2024-03-17,A,Member,Credit Card,104.49
2024-02-29,A,Member,Cash,154.09
2025-02-06,B,Normal,Cash,320.48
2024-06-11,B,Normal,Credit Card,336.88
2024-08-27,B,Member,Credit Card,473.17
2024-05-18,B,Normal,E-wallet,396.11
2024-08-23,A,Member,E-wallet,251.64
2024-06-12,A,Normal,Cash,443.1
2024-03-05,B,Member,Cash,78.3
2024-08-26,B,Member,Credit Card,373.27
2024-03-18,A,Member,E-wallet,368.44
2024-06-20,A,Member,Credit Card,273.54
2024-05-10,A,Normal,Credit Card,391.41
2024-06-13,B,Normal,E-wallet,28.15
2024-08-20,B,Member,Credit Card,168.27
2024-07-10,A,Normal,Credit Card,58.85
2024-11-09,B,Member,E-wallet,269.51
2024-11-09,B,Member,Cash,261.48
2024-04-14,A,Normal,Cash,65.67
2024-05-22,A,Normal,E-wallet,68.24
2024-02-28,A,Normal,Credit Card,30.68
2024-08-24,B,Member,Credit Card,464.57
2024-09-20,B,Member,E-wallet,60.2
2024-06-09,A,Normal,E-wallet,371.96
2024-10-17,B,Member,E-wallet,459.32
2024-11-03,A,Normal,Credit Card,83.23
2024-12-03,B,Normal,Cash,159.59
2024-11-05,A,Member,Credit Card,163.57
2024-11-30,A,Normal,Cash,46.36
2024-10-25,B,Member,Credit Card,130.9
2024-11-08,B,Member,Cash,243.94
2024-03-12,B,Member,E-wallet,115.03
2024-04-27,B,Member,Cash,364.1
2025-01-29,B,Member,Credit Card,154.93
2024-07-31,B,Normal,Credit Card,240.39
2024-10-21,B,Member,E-wallet,110.93
2024-12-03,B,Member,E-wallet,177.31
2024-04-07,A,Normal,Credit Card,72.75
2024-12-27,A,Normal,Credit Card,468.9
2024-03-08,B,Normal,Cash,346.78
2024-09-09,A,Normal,Cash,14.27
2024-07-15,A,Member,Credit Card,278.33
2024-12-09,B,Normal,Cash,357.57
2024-05-10,A,Member,Credit Card,243.99
2024-07-24,A,Member,Cash,371.25
2024-09-20,A,Normal,E-wallet,80.3
2025-01-20,A,Member,Credit Card,267.47
2024-06-05,B,Member,Cash,318.16
2024-04-06,B,Member,Cash,338.59
2024-05-21,A,Member,Credit Card,30.82
2024-03-01,B,Normal,Credit Card,93.28
2024-06-03,B,Normal,Cash,117.78
2024-08-22,A,Normal,Credit Card,21.96
2024-12-14,B,Member,Cash,337.72
2024-04-16,A,Member,Cash,74.14
2024-11-08,B,Normal,Cash,392.87
2024-09-20,A,Member,E-wallet,97.31
2025-02-10,B,Member,Cash,319.86
2024-09-04,A,Normal,E-wallet,212.97
2024-11-23,A,Member,E-wallet,68.51
2024-05-27,B,Member,E-wallet,332.95
2024-06-14,B,Member,E-wallet,268.16
2024-11-16,A,Normal,Cash,118.65
2024-03-06,A,Member,Cash,385.57
2024-06-16,B,Member,Cash,258.7
2024-07-30,A,Normal,Cash,156.82
2025-01-07,B,Member,E-wallet,370.55
2024-03-30,B,Normal,Credit Card,327.44
2024-08-02,B,Member,E-wallet,61.04
2025-01-05,B,Normal,Credit Card,399.04
2024-06-19,B,Normal,Cash,51.66
2024-06-12,A,Member,Cash,414.36
2024-12-14,B,Normal,Cash,192.18
2024-03-24,A,Normal,Credit Card,165.92
2024-09-04,A,Normal,Cash,159.81
2024-07-07,B,Member,Cash,494.06
2025-01-05,A,Member,Cash,440.64
2024-05-18,B,Member,Credit Card,482.15
2024-11-20,A,Member,E-wallet,55.0
2024-03-25,A,Normal,Credit Card,430.47
2024-11-13,A,Member,Credit Card,166.58
2024-05-05,B,Member,Cash,230.16
2024-07-23,A,Member,Cash,207.33
2025-01-15,B,Normal,Cash,354.9
2025-01-01,B,Normal,Credit Card,434.86
2024-05-29,B,Normal,E-wallet,335.02
2024-10-01,B,Member,Cash,172.06
2024-05-23,A,Member,Credit Card,24.19
2025-02-05,B,Normal,E-wallet,83.1
2025-01-16,A,Normal,Cash,498.03
2024-05-21,A,Member,Credit Card,311.21
2024-09-30,B,Member,Cash,183.84
2024-04-06,A,Member,Cash,384.56
2024-09-11,B,Member,E-wallet,173.84
2024-10-16,A,Normal,E-wallet,175.48
2024-02-28,A,Normal,Cash,294.47
2024-10-29,B,Member,Cash,481.87
2024-11-22,A,Normal,E-wallet,262.17
2024-06-09,B,Member,E-wallet,222.56
2024-11-20,A,Normal,E-wallet,100.03
2024-12-29,A,Member,E-wallet,93.5
2024-07-22,B,Normal,Credit Card,114.09
2024-05-02,A,Normal,Cash,286.01
2024-11-23,A,Member,E-wallet,309.86
2024-05-09,A,Member,Credit Card,106.12
2024-02-20,B,Normal,Credit Card,69.23
2024-12-07,B,Member,E-wallet,169.6
2024-11-17,A,Normal,Cash,176.49
2024-11-14,B,Normal,E-wallet,274.6
2024-03-27,B,Normal,Credit Card,391.58
2025-01-13,B,Member,Credit Card,354.31
2024-03-05,B,Normal,Credit Card,345.59
2024-05-06,A,Member,Cash,230.52
2024-12-23,B,Normal,E-wallet,352.24
2024-04-12,A,Normal,E-wallet,113.42
2024-08-14,B,Normal,Cash,467.23
2024-02-29,B,Normal,Credit Card,118.16
2024-02-12,B,Member,E-wallet,412.29
2024-03-29,A,Normal,Credit Card,378.54
2024-04-29,B,Normal,Credit Card,234.83
2024-09-05,B,Normal,Cash,138.94
2025-01-18,B,Member,Cash,292.38
2024-03-15,B,Normal,Credit Card,153.89
2024-03-09,A,Member,Cash,170.61
2024-10-09,B,Member,Credit Card,215.52
2024-08-08,B,Member,Credit Card,235.88
2024-02-27,A,Normal,E-wallet,375.81
2024-09-23,A,Normal,Credit Card,43.6
2024-09-21,B,Normal,E-wallet,370.7
2024-10-19,B,Normal,Credit Card,180.78
2024-07-18,B,Normal,Cash,260.3
2024-02-13,A,Member,Credit Card,380.62
2024-10-02,B,Member,Credit Card,241.89
2024-02-27,A,Member,Credit Card,60.69
2024-02-26,B,Member,E-wallet,68.52
2024-11-22,A,Member,Cash,122.34
2024-10-23,A,Normal,E-wallet,402.64
2024-07-01,A,Normal,Cash,401.27
2025-01-09,B,Member,E-wallet,165.36
2024-11-08,B,Member,E-wallet,470.34
2024-09-30,A,Normal,Credit Card,184.7
2024-08-11,B,Normal,Credit Card,154.72
2024-11-17,B,Normal,Cash,26.29
2024-07-18,A,Member,Credit Card,389.01
2024-12-27,B,Member,E-wallet,121.39
2024-04-29,B,Member,Cash,227.36
2024-03-19,A,Member,Cash,445.71
2024-11-14,B,Normal,Cash,212.97
2024-08-26,B,Member,E-wallet,462.1
2024-06-10,B,Member,Cash,60.12
2024-07-29,A,Member,E-wallet,114.14
2024-04-16,B,Normal,Cash,254.42
2025-01-02,A,Member,Credit Card,296.09
2024-11-07,B,Normal,Credit Card,131.46
2024-02-16,B,Normal,E-wallet,166.97
2024-04-11,A,Normal,E-wallet,347.44
2025-01-06,A,Normal,E-wallet,183.01
2024-05-21,A,Member,E-wallet,319.62
2024-02-20,A,Normal,E-wallet,240.22
2024-12-25,A,Normal,E-wallet,207.34
2024-09-29,B,Member,Credit Card,267.62
2024-07-27,A,Normal,E-wallet,488.91
2024-04-16,B,Member,E-wallet,366.52
2024-02-18,A,Member,Cash,346.06
2024-08-30,B,Member,Cash,363.13
2024-05-09,A,Member,Cash,165.76
2024-04-08,A,Member,Cash,277.39
2024-11-30,B,Normal,Credit Card,149.23
2024-11-08,B,Member,E-wallet,292.96
2024-11-01,B,Normal,E-wallet,216.49
2024-06-19,B,Member,E-wallet,363.75
2024-06-01,A,Normal,E-wallet,283.48
2024-06-04,B,Normal,Cash,436.51
2024-09-03,A,Member,E-wallet,400.9
2024-04-21,B,Normal,E-wallet,63.5
2024-12-04,B,Normal,Credit Card,54.71
2025-01-18,A,Member,Cash,438.92
2025-01-15,A,Member,Credit Card,237.95
2024-04-03,B,Member,Cash,78.96
2024-05-17,A,Member,E-wallet,137.63
2024-03-04,A,Normal,Cash,24.62
2024-10-09,B,Member,Cash,404.6
2024-08-19,B,Normal,E-wallet,268.1
2024-02-12,A,Normal,Credit Card,178.29
2024-08-17,A,Normal,Cash,229.45
2024-06-17,B,Normal,E-wallet,359.35
2025-01-31,A,Normal,Credit Card,81.14
2024-05-11,A,Normal,Cash,256.22
2024-10-17,A,Normal,Cash,402.58
2025-01-24,A,Member,Cash,212.53
2024-06-16,A,Normal,Credit Card,365.96
2024-04-23,A,Member,E-wallet,305.7
2024-08-20,B,Member,Credit Card,222.7
2024-12-25,A,Normal,Cash,111.47
2024-09-22,A,Member,Cash,51.64
2024-03-16,A,Normal,Cash,105.2
2024-11-23,B,Member,Credit Card,201.39
2024-05-20,A,Member,E-wallet,280.19
2024-04-22,A,Normal,Credit Card,59.39
2024-11-28,A,Normal,E-wallet,360.18
2024-04-23,B,Member,Credit Card,170.48
2024-05-14,A,Normal,Cash,217.29
2024-10-18,A,Member,Cash,160.61
2024-06-06,B,Member,Credit Card,298.14
2024-06-07,A,Member,E-wallet,468.71
2024-10-03,A,Member,Cash,472.81
2024-04-15,B,Member,Cash,295.28
2024-06-03,B,Member,Cash,32.61
2024-03-11,B,Member,Credit Card,120.9
2024-06-08,A,Normal,Credit Card,210.0
2025-01-19,B,Member,E-wallet,105.05
2024-07-25,B,Normal,Cash,72.66
2024-09-05,A,Member,E-wallet,316.03
2024-05-09,A,Normal,E-wallet,165.1
2024-11-07,A,Member,E-wallet,213.46
2024-03-14,B,Member,Cash,361.5
2024-07-14,A,Member,E-wallet,396.01
2024-09-17,A,Member,Credit Card,363.08
2024-07-31,B,Member,E-wallet,189.43
2024-07-05,B,Member,Credit Card,453.54
2024-11-10,B,Member,E-wallet,344.13
2024-04-04,B,Normal,Credit Card,343.61
2025-01-05,A,Member,Cash,143.13
2024-12-28,A,Normal,E-wallet,259.32
2025-01-04,B,Normal,Credit Card,45.81
2024-03-30,A,Member,E-wallet,36.06
2025-01-22,A,Normal,Credit Card,479.41
2024-08-14,A,Normal,Credit Card,104.68
2024-04-11,A,Member,Credit Card,391.88
2024-09-24,A,Normal,Cash,431.82
2024-10-16,B,Normal,Credit Card,55.03
2024-12-03,A,Normal,E-wallet,311.31
2024-12-28,A,Member,E-wallet,38.92
2025-02-04,B,Member,Cash,197.44
2024-05-23,A,Normal,Credit Card,103.95
2025-01-05,A,Normal,Credit Card,489.45
2024-05-12,B,Normal,E-wallet,110.55
2025-01-22,A,Member,Cash,37.63
2024-12-15,A,Normal,Cash,257.3
2024-10-05,B,Normal,Credit Card,337.72
2025-01-19,A,Normal,Credit Card,406.01
2024-02-22,A,Normal,E-wallet,18.0
2025-01-30,B,Normal,Cash,405.14
2025-01-04,A,Normal,Credit Card,453.41
2024-09-29,B,Member,Credit Card,183.28
2024-09-21,B,Normal,E-wallet,256.51
2024-03-20,B,Member,E-wallet,10.79
2024-12-23,A,Member,Cash,399.6
2025-01-22,B,Member,Cash,385.99
2024-08-05,A,Normal,Credit Card,297.7
2024-12-13,B,Normal,Credit Card,400.65
2024-09-17,A,Member,Cash,19.69
2024-08-01,A,Member,Cash,284.74
2024-08-21,B,Normal,E-wallet,349.44
2025-01-23,B,Member,Cash,18.17
2025-01-29,B,Member,Credit Card,333.61
2024-05-09,B,Member,E-wallet,256.58
2024-12-06,A,Normal,Cash,297.16
2024-07-25,B,Member,E-wallet,259.81
2024-06-18,B,Normal,Credit Card,201.69
2024-07-07,B,Member,Cash,494.55
2024-09-06,A,Member,Cash,248.81
2024-10-02,A,Normal,Cash,424.57
2024-10-01,A,Normal,Credit Card,41.22
2024-04-11,A,Member,Cash,214.07
2024-05-21,A,Member,Credit Card,222.36
2025-02-06,A,Member,E-wallet,401.82
2024-02-14,B,Normal,E-wallet,305.58
2025-01-31,A,Normal,E-wallet,176.56
2025-01-12,B,Normal,Cash,190.14
2024-02-18,A,Normal,Cash,293.99
2024-06-03,B,Member,E-wallet,56.37
2024-04-23,A,Member,E-wallet,92.92
2024-08-19,B,Normal,Cash,432.03
2024-07-28,B,Normal,Credit Card,223.41
2025-01-06,B,Member,E-wallet,343.45
2025-01-26,B,Normal,Credit Card,264.83
2024-04-07,B,Normal,E-wallet,294.04
2024-03-27,A,Member,Credit Card,476.15
2024-08-01,B,Member,Credit Card,448.55
2024-04-10,B,Normal,E-wallet,454.42
2024-11-01,B,Member,Credit Card,182.07
2024-05-13,A,Member,E-wallet,492.33
2024-10-05,B,Member,Credit Card,241.42
2024-09-17,B,Member,Cash,326.74
2024-02-16,B,Normal,E-wallet,322.26
2024-07-25,A,Member,Cash,309.67
2024-12-20,A,Normal,Credit Card,297.07
2024-08-17,A,Normal,E-wallet,473.55
2024-04-18,B,Member,E-wallet,73.68
2024-07-28,B,Normal,Credit Card,282.68
2024-03-24,A,Normal,E-wallet,422.76
2024-09-03,B,Member,E-wallet,447.68
2025-01-15,A,Member,E-wallet,467.06
2025-01-02,B,Member,Cash,35.15
2025-02-05,A,Member,Cash,289.94
2024-12-21,A,Member,Credit Card,276.87
2024-12-10,A,Member,Cash,218.91
2025-02-06,B,Normal,Credit Card,349.84
2024-07-29,A,Member,Cash,476.53
2024-05-21,B,Member,Cash,464.45
2025-01-30,B,Member,Credit Card,298.2
2024-07-26,B,Normal,E-wallet,99.58
2024-04-09,B,Normal,Cash,120.02
2024-09-10,A,Normal,Credit Card,261.41
2024-05-17,B,Normal,Credit Card,184.21
2024-05-24,B,Member,E-wallet,263.69
2024-02-12,B,Member,Credit Card,48.99
2024-08-26,B,Member,Cash,209.62
2024-02-23,A,Normal,Credit Card,234.56
2024-10-21,B,Normal,E-wallet,237.84
2024-05-18,B,Normal,Cash,201.35
2024-04-25,A,Normal,Cash,464.3
2024-10-01,B,Member,Cash,54.15
2024-10-26,A,Member,Cash,69.87
2024-05-21,A,Member,E-wallet,403.66
2024-06-17,A,Normal,Cash,66.07
2024-05-12,A,Normal,E-wallet,19.94
2025-02-04,B,Normal,E-wallet,447.7
2024-02-26,B,Normal,Cash,121.26
2025-01-07,B,Normal,Cash,455.4
2024-04-10,A,Member,Cash,294.93
2025-01-01,B,Member,E-wallet,191.45
2025-01-09,A,Member,Credit Card,160.01
2024-07-25,A,Normal,Cash,22.39
2024-11-13,A,Member,E-wallet,58.17
2024-06-11,A,Normal,Credit Card,321.6
2025-01-27,B,Member,Cash,474.72
2024-06-20,A,Member,E-wallet,101.16
2024-10-04,B,Normal,Cash,453.59
2024-03-28,B,Normal,Cash,164.9
2024-05-31,B,Member,Credit Card,409.23
2025-01-31,B,Member,Cash,302.48
2024-07-26,B,Member,Cash,25.53
2024-10-15,B,Normal,E-wallet,222.77
2024-09-26,B,Member,E-wallet,74.36
2024-08-14,B,Normal,Cash,197.7
2025-01-12,A,Normal,E-wallet,78.96
2024-06-28,A,Member,E-wallet,454.55
2025-01-31,B,Normal,Cash,172.68
2024-03-24,B,Normal,E-wallet,201.45
2024-02-23,B,Normal,Cash,269.58
2024-11-07,A,Member,E-wallet,114.69
2024-11-01,B,Normal,E-wallet,470.09
2024-08-15,B,Member,Credit Card,350.53
2025-02-02,B,Normal,Cash,81.71
2024-05-19,B,Member,Credit Card,156.04
2024-08-16,A,Member,Cash,326.71
2024-06-02,A,Normal,Cash,250.17
2024-03-05,A,Normal,E-wallet,316.04
2025-01-13,A,Normal,E-wallet,451.77
2024-11-22,B,Normal,Credit Card,109.16
2025-01-27,B,Normal,Cash,488.33
2024-06-24,A,Member,Cash,84.23
2024-04-16,B,Normal,Credit Card,384.78
2025-01-11,A,Normal,Cash,78.7
2024-08-23,A,Member,Cash,292.87
2024-08-25,A,Member,Cash,437.12
2024-05-22,B,Member,Credit Card,182.78
2024-08-13,B,Normal,E-wallet,180.76
2024-05-04,A,Normal,E-wallet,204.83
2024-03-30,B,Member,Credit Card,278.53
2024-09-08,B,Normal,Credit Card,135.68
2024-06-09,B,Normal,E-wallet,343.2
2025-01-17,B,Member,E-wallet,464.99
2024-08-29,B,Member,Cash,56.8
2024-12-08,A,Normal,E-wallet,290.29
2024-04-01,B,Member,E-wallet,192.41
2024-02-14,B,Normal,Credit Card,184.06
2024-04-06,A,Normal,Cash,431.04
2024-09-26,B,Normal,E-wallet,108.51
2024-10-06,A,Member,Cash,411.77
2024-07-12,A,Normal,Cash,359.89
2024-10-07,A,Normal,Cash,230.02
2024-09-23,B,Normal,Cash,359.66
2024-02-19,A,Member,Credit Card,328.06
2024-02-14,B,Normal,Cash,125.5
2024-09-27,B,Normal,Cash,226.8
2024-10-27,A,Normal,Credit Card,49.7
2024-05-04,A,Normal,Credit Card,373.13
2024-11-20,A,Member,Credit Card,416.21
2024-02-29,B,Normal,E-wallet,309.18
2024-04-07,B,Member,Credit Card,358.65
2024-09-03,B,Member,Cash,378.74
2024-10-18,A,Normal,Cash,219.42
2024-04-24,A,Normal,Credit Card,230.06
2024-03-02,B,Member,E-wallet,156.59
2024-04-07,B,Member,Credit Card,104.82
2024-06-28,B,Member,E-wallet,226.11
2024-03-28,A,Normal,E-wallet,454.73
2024-09-30,B,Member,Credit Card,397.74
2024-04-25,A,Member,E-wallet,137.9
2024-11-19,B,Member,E-wallet,92.1
2025-01-01,A,Normal,Cash,126.79
2024-09-05,B,Normal,E-wallet,458.92
2024-07-31,B,Member,Cash,219.16
2024-02-12,B,Normal,Cash,63.12
2024-06-10,B,Member,E-wallet,407.78
2025-01-20,A,Member,E-wallet,330.05
2024-07-18,B,Normal,E-wallet,447.9
2024-07-28,A,Member,Cash,152.71
2024-03-12,A,Normal,Credit Card,316.53
2024-11-26,B,Member,Cash,40.97
2024-04-12,A,Normal,Cash,416.01
2024-03-20,B,Member,Credit Card,16.23
2024-03-25,A,Normal,Credit Card,41.85
2024-11-07,A,Normal,Cash,40.7
2024-08-11,A,Member,Cash,498.04
2025-01-16,A,Member,Cash,488.28
2024-03-14,B,Member,Credit Card,422.06
2024-08-07,B,Member,Credit Card,309.1
2025-01-04,A,Member,Credit Card,329.04
2025-01-28,B,Member,Credit Card,301.29
2024-05-25,B,Normal,Cash,243.43
2024-03-27,B,Normal,E-wallet,157.66
2024-06-16,B,Member,Cash,183.75
2024-08-28,B,Member,Credit Card,102.35
2024-05-17,B,Normal,E-wallet,46.1
2025-01-01,B,Member,Cash,323.78
2024-09-25,B,Member,E-wallet,470.27
2024-04-12,A,Member,E-wallet,122.62
2024-12-28,B,Normal,Cash,66.5
2025-01-05,B,Normal,Credit Card,432.66
2024-08-24,B,Normal,Credit Card,491.96
2024-03-02,B,Normal,Cash,219.55
2024-04-18,B,Member,Credit Card,328.95
2024-07-10,B,Member,Credit Card,73.04
2024-05-24,B,Normal,E-wallet,61.73
2024-07-25,B,Normal,Credit Card,361.1
2024-07-06,A,Normal,Cash,376.3
2025-02-03,B,Normal,Cash,283.57
2024-10-20,A,Normal,Credit Card,248.81
2024-05-12,A,Member,Cash,318.38
2024-03-05,B,Normal,Credit Card,225.48
2024-07-08,A,Normal,E-wallet,176.64
2024-04-13,A,Member,Cash,88.37
2024-05-13,B,Normal,E-wallet,162.43
2025-02-04,A,Member,E-wallet,404.65
2024-09-30,B,Normal,Credit Card,106.18
2024-12-26,A,Member,E-wallet,452.87
2024-08-15,B,Member,Cash,369.65
2025-02-03,A,Member,E-wallet,322.43
2024-09-17,A,Member,Cash,272.79
2024-11-08,B,Member,E-wallet,288.61
2024-06-21,B,Normal,E-wallet,86.59
2024-03-11,A,Normal,Cash,416.02
2024-07-10,B,Member,E-wallet,191.93
2024-09-15,A,Normal,E-wallet,437.34
2024-02-19,B,Normal,Credit Card,298.44
2025-01-16,B,Member,Cash,254.26
2024-12-06,A,Member,E-wallet,462.78
2024-06-12,B,Member,Cash,459.2
2025-02-08,A,Member,Cash,199.88
2024-06-04,B,Member,E-wallet,401.84
2024-08-10,B,Normal,Credit Card,254.97
2024-10-21,A,Member,Cash,403.74
2025-02-11,A,Member,Cash,29.04
2025-02-03,A,Normal,Cash,203.57
2024-12-17,A,Member,Cash,364.31
2024-05-02,B,Member,Credit Card,341.45
2024-06-06,B,Normal,E-wallet,462.82
2024-09-17,A,Normal,Credit Card,170.75
2024-07-27,B,Member,E-wallet,161.29
2024-09-02,A,Normal,Credit Card,358.92
2024-10-02,B,Member,Cash,157.5
2024-09-12,A,Normal,Credit Card,430.52
2024-08-26,B,Member,Cash,223.21
2024-04-16,A,Member,Credit Card,396.46
2024-04-23,B,Member,E-wallet,236.39
2024-11-28,B,Member,E-wallet,304.06
2024-11-11,A,Normal,E-wallet,227.7
2024-11-24,B,Member,E-wallet,78.6
2024-06-19,B,Member,Credit Card,264.46
2024-09-20,B,Member,E-wallet,278.45
2024-08-22,A,Normal,Credit Card,14.81
2024-08-31,A,Normal,E-wallet,348.83
2024-11-09,B,Member,Cash,458.62
2025-01-13,A,Member,Credit Card,171.81
2024-02-23,A,Normal,E-wallet,361.18
2024-06-20,B,Member,E-wallet,439.3
2025-01-11,B,Normal,E-wallet,312.28
2024-04-14,B,Normal,Cash,467.48
2024-06-01,B,Member,Cash,217.12
2024-04-30,B,Member,E-wallet,213.39
2024-02-18,B,Member,Cash,420.88
2025-01-06,B,Member,Cash,396.58
2024-09-12,B,Normal,Credit Card,248.09
2024-08-03,B,Member,Credit Card,475.05
2024-10-27,A,Member,Cash,438.84
2024-02-13,A,Member,E-wallet,265.21
2024-04-12,A,Normal,Cash,361.89
2025-01-02,A,Normal,Credit Card,46.25
2024-07-24,A,Normal,Credit Card,131.97
2024-12-25,B,Normal,Credit Card,112.64
2024-10-29,A,Normal,Cash,485.37
2024-03-06,A,Member,Cash,437.77
2024-05-23,A,Normal,Cash,208.87
2024-07-13,B,Normal,Credit Card,430.76
2025-02-09,B,Member,Credit Card,191.23
2025-01-17,B,Normal,Credit Card,335.66
2024-02-22,A,Normal,Cash,187.96
2024-02-12,B,Member,E-wallet,435.85
2024-09-07,A,Normal,Credit Card,131.3
2024-04-17,B,Member,E-wallet,229.38
2024-07-28,A,Normal,Credit Card,82.5
2025-01-02,A,Member,Credit Card,358.22
2024-05-03,B,Normal,Credit Card,280.64
2024-03-03,A,Normal,E-wallet,318.36
2024-09-21,B,Member,Credit Card,244.28
2024-03-11,A,Member,E-wallet,94.94
2024-05-11,A,Normal,Cash,408.19
2024-07-12,A,Member,E-wallet,278.33
2024-07-05,B,Normal,Cash,472.23
2024-06-01,A,Member,Credit Card,281.86
2024-06-04,B,Normal,Cash,384.62
2024-08-24,A,Normal,Credit Card,489.5
2024-10-20,B,Normal,Credit Card,388.03
2024-10-20,A,Member,Cash,11.13
2024-07-30,B,Member,Credit Card,315.65
2024-09-11,A,Member,E-wallet,112.31
2024-07-08,B,Normal,Credit Card,51.66
2024-11-15,A,Member,Credit Card,298.54
2024-11-13,B,Member,Cash,430.53
2024-07-15,A,Normal,Cash,452.38
2025-01-28,B,Member,Credit Card,279.87
2024-04-02,B,Member,E-wallet,167.89
2024-02-15,B,Member,E-wallet,276.2
2024-08-19,A,Member,E-wallet,329.32
2024-12-25,A,Normal,Credit Card,331.12
2024-05-22,B,Member,E-wallet,442.36
2024-10-21,A,Normal,Cash,73.85
2025-01-30,B,Normal,Credit Card,197.04
2025-01-28,A,Normal,E-wallet,235.2
2024-10-22,A,Member,Credit Card,386.19
2024-12-18,B,Member,Cash,437.11
2024-08-26,B,Normal,Cash,321.01
2024-03-20,A,Normal,Cash,281.88
2024-03-18,B,Member,Cash,82.08
2024-06-11,A,Normal,Cash,43.38
2024-03-01,B,Member,E-wallet,478.85
2025-01-23,B,Member,E-wallet,339.46
2024-02-21,A,Normal,Credit Card,64.57
2024-05-18,A,Member,E-wallet,110.69
2024-10-12,B,Normal,Credit Card,473.89
2025-01-31,B,Normal,E-wallet,392.96
2024-11-02,B,Member,Credit Card,458.72
2024-08-01,B,Normal,Credit Card,243.28
2024-09-25,B,Normal,Cash,65.73
2024-09-30,A,Normal,Credit Card,281.34
2024-05-23,B,Member,Credit Card,407.65
2024-09-09,A,Member,Cash,208.43
2024-06-22,B,Normal,Credit Card,259.96
2024-06-21,B,Member,Credit Card,207.48
2025-02-09,B,Member,Cash,302.9
2025-01-11,A,Member,E-wallet,378.11
2024-08-09,B,Normal,E-wallet,349.41
2025-01-16,A,Normal,E-wallet,296.47
2024-07-16,A,Member,Cash,398.87
2024-03-19,A,Normal,Cash,449.26
2024-02-27,A,Normal,Cash,19.42
2024-11-30,B,Member,E-wallet,66.9
2024-06-18,B,Member,E-wallet,52.64
2025-02-05,A,Member,E-wallet,382.07
2024-06-12,A,Member,E-wallet,73.49
2025-01-23,B,Member,E-wallet,301.12
2024-09-09,A,Normal,Credit Card,31.79
2024-09-01,A,Member,E-wallet,271.1
2024-02-14,B,Normal,E-wallet,440.36
2024-05-22,A,Member,Credit Card,122.27
2024-11-16,B,Normal,E-wallet,238.38
2024-07-14,B,Normal,Cash,186.42
2024-12-13,A,Member,Credit Card,415.51
2024-11-28,A,Member,Credit Card,105.94
2024-05-30,A,Member,Cash,391.62
2024-07-01,B,Normal,E-wallet,44.34
2024-10-31,B,Member,E-wallet,361.44
2024-07-25,B,Normal,Credit Card,413.68
2024-07-12,B,Normal,Credit Card,266.03
2024-09-20,A,Normal,Credit Card,350.14
2025-01-29,A,Normal,Credit Card,208.65
2025-01-25,B,Normal,E-wallet,12.47
2024-10-24,A,Member,E-wallet,33.62
2025-01-30,B,Member,Cash,302.82
2024-09-09,B,Member,Cash,197.13
2024-04-18,A,Member,Credit Card,454.17
2025-01-02,A,Member,Cash,136.1
2024-07-06,A,Member,Cash,418.27
2024-07-03,B,Normal,E-wallet,174.05
2025-02-10,A,Normal,Cash,166.93
2024-06-12,A,Normal,E-wallet,433.9
2024-06-12,A,Normal,Credit Card,400.95
2024-03-29,A,Normal,Cash,109.42
2024-09-08,A,Normal,Cash,75.23
2024-04-12,A,Normal,Credit Card,178.38
2024-12-01,B,Member,Cash,224.93
2024-02-19,A,Member,Cash,150.43
2024-06-13,B,Member,E-wallet,263.07
2024-12-29,A,Normal,Cash,88.81
2024-07-11,B,Member,E-wallet,409.18
2024-08-06,A,Member,Cash,490.75
2025-02-05,A,Member,Credit Card,243.1
2025-01-16,B,Member,Cash,433.31
2025-01-08,B,Normal,Credit Card,350.79
2025-01-19,A,Normal,Cash,36.05
2024-02-26,A,Normal,E-wallet,229.91
2024-08-16,B,Normal,Cash,428.97
2024-05-04,B,Normal,E-wallet,316.68
2024-11-29,B,Member,Cash,138.42
2024-07-05,B,Member,Credit Card,141.02
2025-01-17,B,Normal,E-wallet,362.32
2024-10-01,A,Normal,E-wallet,143.57
2025-02-05,B,Normal,Cash,98.4
2024-05-14,B,Normal,Cash,456.59
2025-01-17,B,Normal,Credit Card,370.76
2024-05-01,B,Member,Cash,456.12
2024-02-17,A,Member,Cash,158.56
2024-10-30,A,Member,Cash,386.78
2024-04-13,B,Member,E-wallet,480.64
2024-08-31,B,Member,Cash,417.12
2024-08-30,B,Member,E-wallet,150.33
2024-10-05,B,Member,Credit Card,476.32
2025-02-04,A,Member,Credit Card,244.26
2024-11-28,A,Normal,Credit Card,410.56
2024-04-27,B,Normal,E-wallet,272.91
2024-02-15,A,Member,Credit Card,182.72
2024-12-20,B,Member,Cash,292.89
2024-09-28,B,Member,E-wallet,195.41
2024-05-27,A,Normal,Credit Card,203.64
2024-02-24,A,Normal,Credit Card,34.29
2025-01-04,A,Member,Cash,186.41
2024-08-20,B,Member,Credit Card,487.05
2024-11-05,B,Member,E-wallet,150.76
2025-01-17,B,Member,Credit Card,400.95
2024-09-22,A,Member,E-wallet,299.19
2025-02-06,A,Normal,Credit Card,44.04
2024-10-19,A,Member,E-wallet,334.2
2024-11-04,A,Member,Cash,239.08
2024-06-17,B,Normal,Cash,434.96
2024-12-21,A,Member,Cash,297.83
2024-02-17,A,Normal,Credit Card,26.79
2024-03-11,A,Normal,Cash,499.45
2024-04-13,A,Normal,Cash,266.23
2024-09-07,B,Member,E-wallet,86.9
2024-11-25,B,Member,Credit Card,286.58
2024-04-27,B,Member,Cash,498.27
2024-05-18,A,Normal,E-wallet,405.63
2024-11-01,B,Normal,Cash,123.09
2024-10-08,B,Normal,Cash,108.56
2024-03-01,B,Member,E-wallet,240.54
2024-03-06,B,Member,Credit Card,279.07
2025-02-03,A,Member,Cash,445.57
2024-11-21,A,Normal,Credit Card,132.47
2024-09-11,A,Member,E-wallet,46.25
2024-03-25,A,Member,E-wallet,204.01
2024-03-13,A,Normal,E-wallet,148.27
2024-03-20,B,Normal,Cash,325.03
2024-03-02,B,Member,Credit Card,141.15
2024-05-19,B,Member,Cash,202.22
2025-02-10,A,Member,Credit Card,97.06
2024-11-06,B,Member,E-wallet,474.06
2024-06-28,A,Member,Cash,245.89
2024-05-25,A,Member,Cash,231.3
2024-03-28,A,Member,E-wallet,81.68
2024-02-12,A,Normal,Cash,486.7
2024-03-29,A,Normal,E-wallet,50.38
2024-12-04,B,Normal,E-wallet,204.37
2024-09-12,B,Normal,E-wallet,218.19
2025-02-04,A,Member,E-wallet,375.31
2024-07-12,B,Normal,Credit Card,390.91
2024-08-05,B,Member,Cash,147.78
2024-11-23,A,Normal,E-wallet,152.41
2024-05-30,B,Member,Cash,98.45
2024-07-25,A,Normal,E-wallet,124.42
2024-12-22,A,Member,E-wallet,159.92
2024-12-04,A,Member,Cash,223.36
2024-02-19,A,Normal,Credit Card,205.18
2024-03-16,B,Normal,Credit Card,35.95
2024-09-26,B,Member,Credit Card,498.54
2024-07-12,B,Normal,Cash,159.86
2024-04-05,B,Member,Credit Card,96.77
2024-05-22,A,Normal,Cash,379.41
2024-05-18,A,Normal,E-wallet,233.37
2024-11-13,B,Normal,Cash,430.75
2024-05-28,A,Member,Credit Card,291.79
2024-11-13,A,Member,E-wallet,439.07
2024-07-23,B,Member,Cash,417.88
2024-05-26,A,Member,Cash,489.01
2024-02-13,B,Member,Credit Card,403.72
2024-04-29,B,Normal,E-wallet,14.19
2024-09-16,A,Normal,E-wallet,95.41
2024-03-05,A,Member,E-wallet,322.4
2024-04-10,A,Normal,Cash,498.92
2025-01-23,A,Member,E-wallet,285.63
2024-03-02,B,Normal,Cash,268.08
2024-03-31,B,Normal,Credit Card,279.67
2024-05-19,A,Member,Credit Card,486.26
2024-06-24,B,Member,Cash,24.72
2024-09-21,B,Member,Credit Card,177.42
2024-11-21,B,Member,Credit Card,396.34
2025-01-30,B,Member,Cash,425.48
2024-06-23,A,Member,Credit Card,196.01
2024-04-23,B,Member,E-wallet,117.86
2024-11-06,B,Member,Cash,296.46
2024-02-27,B,Normal,Credit Card,381.47
2024-06-28,B,Member,Credit Card,156.67
2024-07-19,B,Normal,E-wallet,242.51
2024-10-02,A,Normal,Cash,406.53
2024-11-14,A,Normal,E-wallet,433.5
2025-01-05,B,Normal,E-wallet,451.03
2024-08-29,A,Member,Credit Card,62.57
2024-04-03,B,Normal,E-wallet,89.23
2025-01-06,A,Member,E-wallet,394.98
2025-01-31,A,Normal,Cash,239.11
2024-09-05,A,Member,Credit Card,212.75
2024-04-16,B,Normal,Cash,418.78
2024-03-28,B,Member,Credit Card,343.24
2024-08-14,B,Normal,E-wallet,132.87
2024-06-22,B,Member,Cash,380.36
2024-04-25,A,Member,E-wallet,275.94
2025-01-14,A,Normal,E-wallet,154.54
2025-02-04,A,Normal,Cash,395.81
2024-08-08,B,Normal,E-wallet,389.45
2024-02-17,B,Member,E-wallet,271.86
2024-10-28,B,Member,Cash,186.86
2024-02-14,B,Member,Credit Card,76.49
2024-12-13,B,Member,Cash,139.82
2024-06-19,A,Normal,E-wallet,165.41
2024-09-25,B,Member,E-wallet,91.21
2024-09-16,B,Normal,Credit Card,262.76
2024-02-17,B,Member,E-wallet,296.5
2024-12-04,B,Member,Credit Card,300.9
2025-02-07,B,Member,Credit Card,385.47
2024-03-29,B,Member,E-wallet,143.11
2025-02-02,A,Member,Cash,213.11
2024-11-18,B,Normal,E-wallet,334.18
2024-04-19,B,Normal,Cash,76.36
2024-07-26,A,Member,Credit Card,471.49
2024-03-26,B,Normal,Credit Card,255.41
2025-01-24,A,Member,E-wallet,455.69
2024-09-06,A,Member,Cash,483.32
2024-04-18,A,Member,E-wallet,98.3
2024-05-08,A,Member,Cash,174.59
2024-10-13,A,Member,Credit Card,378.33
2024-03-29,A,Member,Cash,37.51
2024-05-12,B,Member,Credit Card,245.95
2024-09-10,A,Normal,Cash,342.08
2024-04-07,A,Normal,E-wallet,66.56
2024-08-25,A,Normal,E-wallet,89.97
2024-06-02,A,Normal,E-wallet,205.05
2024-09-24,B,Normal,Credit Card,369.45
2024-10-12,A,Member,Cash,275.82
2024-08-11,A,Member,Cash,29.42
2024-08-13,A,Member,Cash,113.78
2024-04-13,A,Normal,E-wallet,36.71
2025-01-20,A,Member,Cash,353.23
2024-04-27,A,Member,Cash,297.02
2024-09-28,A,Normal,Cash,303.06
2024-10-03,B,Normal,Cash,328.36
2025-01-10,A,Normal,E-wallet,22.92
2024-05-22,A,Member,Cash,63.82
2024-07-20,A,Member,Cash,289.08
2024-11-13,A,Normal,Credit Card,209.39
2024-02-13,A,Normal,E-wallet,261.94
2024-03-12,B,Normal,Cash,345.46
2024-12-22,B,Normal,E-wallet,223.4
2024-06-08,A,Normal,Cash,411.88
2024-12-13,A,Member,E-wallet,138.21
2024-09-22,B,Member,E-wallet,449.88
2024-09-19,B,Member,Cash,237.85
2024-04-27,A,Member,Credit Card,336.51
2024-05-20,A,Member,Cash,440.68
2024-12-13,A,Member,Credit Card,419.98
2025-01-31,A,Normal,Cash,262.8
2024-10-23,A,Normal,Credit Card,20.06
2024-10-14,A,Member,E-wallet,140.86
2024-05-11,A,Normal,Cash,96.0
2024-03-09,B,Normal,Cash,170.93
2024-07-25,A,Normal,Cash,366.39
2024-12-30,B,Member,Credit Card,41.35
2024-05-27,B,Normal,Cash,394.45
2024-10-15,B,Normal,Credit Card,232.83
2024-12-10,A,Normal,Cash,211.11
2024-07-01,B,Member,Cash,84.5
2024-04-25,B,Normal,Credit Card,316.16
2025-02-09,A,Normal,E-wallet,352.97
2025-01-04,B,Normal,Credit Card,409.43
2024-07-08,B,Normal,Credit Card,24.11
2025-02-05,A,Member,Cash,228.58
2024-10-04,B,Member,E-wallet,432.89
2024-10-16,B,Normal,Cash,455.68
2024-06-16,B,Member,E-wallet,126.89
2024-03-04,B,Normal,Credit Card,165.3
2025-02-05,A,Member,Cash,412.04
2024-04-05,A,Normal,E-wallet,77.76
2024-05-29,A,Member,Cash,322.18
2025-02-10,B,Normal,Cash,108.04
2024-02-26,A,Normal,Credit Card,350.9
2024-06-23,A,Normal,Cash,209.18
2025-02-10,A,Member,E-wallet,50.37
2024-10-13,B,Member,E-wallet,372.22
2024-05-04,B,Normal,Credit Card,497.47
2024-10-02,B,Normal,Credit Card,458.09
2024-05-17,A,Normal,E-wallet,352.75
2024-03-04,A,Member,E-wallet,375.72
2024-10-16,A,Normal,Credit Card,19.66
2024-02-22,A,Normal,E-wallet,16.1
2024-08-09,B,Member,Credit Card,341.13
2024-04-21,B,Normal,Credit Card,488.35
2024-08-23,B,Member,Credit Card,43.17
2024-11-02,B,Member,Credit Card,333.09
2024-03-09,A,Normal,Credit Card,33.58
2024-03-23,A,Member,Credit Card,471.43
2024-08-02,B,Member,E-wallet,271.55
2024-07-21,B,Member,Credit Card,283.73
2024-06-08,B,Member,E-wallet,212.24
2024-05-10,B,Member,Cash,259.34
2024-03-07,A,Member,Cash,135.32
2024-08-21,A,Member,Credit Card,308.57
2025-02-03,B,Normal,Cash,193.64
2024-11-06,B,Normal,E-wallet,30.54
2024-08-10,B,Normal,E-wallet,413.38
2024-05-29,A,Normal,E-wallet,316.56
2024-04-23,A,Member,E-wallet,262.6
2024-04-30,B,Member,Credit Card,405.08
2024-03-13,A,Normal,Cash,193.45
2024-12-05,A,Member,E-wallet,365.02
2024-06-11,B,Normal,Cash,67.47
2025-01-13,A,Normal,E-wallet,237.3
2024-10-11,A,Normal,Credit Card,310.47
2024-06-18,A,Member,Cash,415.59
2024-06-09,A,Member,E-wallet,192.04
2024-09-12,A,Normal,E-wallet,271.57
2024-07-24,B,Member,Cash,335.11
2024-07-28,A,Member,Credit Card,418.5
2024-12-19,A,Normal,Cash,351.44
2024-04-08,B,Member,Cash,16.11
2024-10-30,A,Member,E-wallet,448.34
2024-10-13,B,Member,Cash,252.15
2024-06-10,A,Member,Credit Card,152.0
2024-03-24,B,Normal,Credit Card,178.0
2024-06-23,A,Normal,E-wallet,307.89
2024-11-14,B,Member,Cash,322.25
2024-08-24,B,Normal,Cash,281.16
2024-11-19,A,Normal,E-wallet,250.9
2024-12-13,A,Member,Credit Card,208.58
2024-11-10,A,Normal,E-wallet,304.64
2024-03-12,B,Normal,Cash,432.69
2024-02-19,B,Normal,Cash,497.53
2025-02-02,A,Normal,Credit Card,24.57
2024-12-01,A,Member,Credit Card,461.73
2024-02-15,B,Member,E-wallet,160.34
2024-05-19,B,Member,Cash,73.46
2024-08-28,A,Member,E-wallet,33.44
2024-12-11,B,Member,Credit Card,28.97
2024-04-14,A,Normal,Credit Card,269.94
2024-03-27,B,Member,E-wallet,199.02
2024-11-08,B,Member,E-wallet,496.08
2024-03-30,A,Member,Credit Card,328.92
2024-11-25,B,Member,E-wallet,318.65
2024-07-02,B,Normal,Cash,30.75
2024-07-29,A,Normal,Cash,465.34
2024-03-31,A,Normal,E-wallet,75.36
2024-10-18,B,Normal,Credit Card,407.11
2024-12-23,A,Member,Credit Card,83.74
2024-04-02,B,Normal,E-wallet,260.48
2024-08-30,A,Member,E-wallet,474.92
2024-09-17,B,Member,Credit Card,179.56
2024-04-19,B,Member,Cash,39.64
2024-06-02,A,Member,Cash,291.84
2024-02-13,B,Normal,Credit Card,496.18
2024-10-29,B,Normal,E-wallet,200.18
2024-05-29,B,Member,E-wallet,498.46
2024-02-25,B,Normal,Cash,119.09
2024-08-23,B,Member,E-wallet,499.92
2024-09-25,B,Normal,Credit Card,48.23
2024-05-02,A,Member,Cash,118.84
2024-03-18,B,Normal,E-wallet,14.99
2025-01-11,A,Normal,Cash,284.01
2024-06-26,B,Normal,Credit Card,20.23
2024-07-26,A,Normal,Credit Card,10.43
2024-07-22,B,Member,E-wallet,495.23
2024-10-12,B,Normal,Credit Card,143.14
2024-04-04,B,Normal,E-wallet,71.32
2024-12-10,B,Member,Credit Card,92.09
2024-11-19,A,Normal,E-wallet,479.37
2024-10-03,A,Member,E-wallet,96.49
2024-05-21,A,Member,Credit Card,177.45
2024-08-18,B,Normal,E-wallet,11.18
2024-09-11,B,Member,Cash,340.17
2025-01-02,A,Normal,Cash,119.65
2024-03-30,A,Normal,E-wallet,45.88
2024-09-06,A,Normal,E-wallet,280.44
2024-10-09,B,Normal,E-wallet,128.38
2024-10-30,A,Member,Cash,455.58
2024-07-12,B,Normal,Cash,202.16
2025-01-10,A,Member,E-wallet,266.61
2024-11-20,B,Normal,E-wallet,268.11
2024-04-05,A,Normal,Credit Card,435.12
2024-06-09,B,Member,Credit Card,243.07
2024-05-31,A,Normal,Credit Card,446.35
2024-10-29,B,Normal,E-wallet,300.3
2024-12-06,A,Normal,Credit Card,139.1
2024-09-04,B,Normal,Credit Card,457.85
2024-10-01,B,Normal,Cash,88.42
2024-04-05,A,Normal,Credit Card,89.61
2024-12-07,A,Normal,Credit Card,179.31
2024-03-01,A,Normal,E-wallet,22.56
2025-01-15,A,Member,E-wallet,328.25
2024-12-22,A,Member,E-wallet,444.8
2024-02-18,A,Normal,Credit Card,160.25
2024-06-11,A,Normal,E-wallet,28.69
2024-11-10,A,Member,Credit Card,383.17
2025-02-09,B,Member,Credit Card,475.6
2024-04-02,B,Normal,E-wallet,490.67
2024-04-08,A,Member,E-wallet,138.31
2024-05-21,A,Normal,Credit Card,476.91
2025-02-10,B,Member,Cash,26.53
2024-05-15,A,Member,Cash,358.34
2024-06-27,B,Normal,Cash,142.5
2025-01-05,B,Member,E-wallet,182.73
2024-04-03,B,Member,Credit Card,192.28
2024-12-07,A,Member,E-wallet,87.69
2025-01-21,B,Normal,Cash,268.36
2024-03-04,B,Member,Credit Card,185.54
2024-09-20,B,Normal,E-wallet,416.42
2024-04-27,A,Normal,Cash,186.11
2025-01-06,B,Normal,E-wallet,121.28
2024-03-21,A,Member,E-wallet,41.59
2024-05-19,A,Normal,E-wallet,459.96
2025-01-26,A,Normal,E-wallet,150.63
2024-08-26,A,Member,Credit Card,280.93
2024-06-09,A,Normal,E-wallet,317.75
2024-09-26,A,Member,E-wallet,414.32
2024-03-31,B,Member,Credit Card,260.55
2025-01-28,A,Member,E-wallet,306.08
2024-07-31,A,Normal,Credit Card,272.34
2024-04-29,A,Member,Cash,237.79
2024-11-16,B,Member,E-wallet,116.37
2024-12-22,A,Normal,Cash,369.87
2024-04-20,A,Member,E-wallet,151.92
2024-07-02,A,Normal,E-wallet,470.56
2024-10-13,A,Member,Credit Card,321.12
2025-01-26,A,Normal,E-wallet,342.1
2024-06-03,B,Member,Cash,177.08
2024-09-07,A,Normal,E-wallet,227.47
2024-04-27,A,Normal,Credit Card,260.58
2024-08-28,B,Member,Cash,485.97
2025-01-13,B,Member,Credit Card,449.52
2024-09-03,A,Normal,Credit Card,369.4
2024-11-26,A,Normal,E-wallet,306.87
2024-12-14,A,Normal,Credit Card,37.41
2024-09-16,A,Normal,E-wallet,494.23
2024-12-05,A,Normal,E-wallet,498.46
2024-02-23,A,Normal,Credit Card,411.2
2024-10-28,A,Normal,Credit Card,328.34
2024-04-13,B,Member,E-wallet,66.17
2024-05-20,A,Member,Credit Card,139.68
2024-11-07,B,Member,E-wallet,93.87
2024-06-11,B,Normal,E-wallet,362.44
2024-03-11,A,Normal,E-wallet,489.75
2024-10-31,A,Member,Credit Card,164.26
2024-04-15,A,Member,Credit Card,485.27
2024-03-15,A,Normal,Credit Card,50.74
2025-01-05,B,Normal,E-wallet,348.79
2024-08-13,B,Member,E-wallet,37.84
2024-08-05,A,Member,Credit Card,252.43
2024-02-12,B,Normal,E-wallet,61.74
2024-12-19,A,Member,E-wallet,70.24
2024-11-04,A,Normal,E-wallet,485.13
2024-06-04,B,Normal,Cash,46.85
2024-11-05,A,Normal,Credit Card,40.02
2025-02-02,B,Normal,Cash,240.09
2024-03-13,B,Normal,E-wallet,408.95
2024-07-29,B,Member,Credit Card,397.48
2025-02-02,A,Normal,Credit Card,376.7
2024-12-17,B,Normal,Cash,26.58
2024-10-31,A,Member,E-wallet,419.48
2024-10-30,B,Member,Cash,467.03
2024-11-19,B,Member,E-wallet,292.61
2024-05-22,A,Normal,E-wallet,461.52
2024-04-04,B,Normal,Cash,231.85
2024-02-16,A,Member,Credit Card,489.83
2024-06-28,B,Normal,Credit Card,228.84
2024-05-31,A,Member,E-wallet,485.76
2025-01-18,B,Member,E-wallet,245.53
2024-06-09,B,Normal,Credit Card,261.09
2024-11-23,A,Member,E-wallet,151.5
2024-12-02,A,Normal,Cash,81.91
2024-12-22,A,Normal,E-wallet,253.86
2024-07-02,A,Member,E-wallet,455.01
2025-01-22,B,Normal,E-wallet,161.27
2024-06-19,A,Member,E-wallet,176.4
2024-02-28,B,Member,Cash,145.12
2024-12-28,A,Normal,Credit Card,146.4
2024-10-24,A,Member,Credit Card,465.83
2024-02-16,A,Normal,Credit Card,110.38
2025-01-04,B,Normal,E-wallet,171.87
2024-05-30,B,Member,E-wallet,92.64
2024-02-26,A,Member,Credit Card,492.71
2024-04-05,A,Member,Credit Card,311.21
2024-04-08,B,Member,Credit Card,123.03
2024-03-26,B,Normal,E-wallet,379.14
2024-04-06,A,Normal,Cash,171.1
2024-12-24,A,Normal,Credit Card,156.25
2024-12-16,A,Normal,E-wallet,242.47
2024-10-13,A,Normal,E-wallet,359.93
2024-03-18,B,Member,E-wallet,375.09
2024-12-13,A,Normal,Credit Card,395.06
2024-04-06,A,Normal,Cash,419.35
2024-04-23,A,Member,E-wallet,379.01
2024-04-04,A,Normal,E-wallet,323.66
2024-04-24,B,Normal,Cash,368.49
2024-10-03,B,Member,E-wallet,169.04
2024-06-21,B,Normal,Cash,226.68
2024-09-10,A,Member,Credit Card,456.77
2024-11-29,A,Normal,Cash,13.01
2024-10-10,B,Member,E-wallet,439.45
2024-02-27,A,Normal,Credit Card,292.5
2024-07-05,B,Normal,Credit Card,149.6
2024-02-16,A,Normal,Cash,489.14
2025-01-29,A,Normal,Cash,264.13
2024-02-19,A,Normal,Cash,148.48
2024-06-23,B,Member,Credit Card,251.33
2024-05-27,B,Member,Cash,358.25
2025-01-14,B,Normal,Cash,267.71
2024-04-03,B,Member,E-wallet,136.08
2024-07-29,B,Normal,Credit Card,394.64
2025-01-11,A,Member,Cash,264.33
2024-02-28,B,Member,Cash,347.42
2025-01-10,A,Normal,E-wallet,68.63
2024-09-08,A,Normal,E-wallet,221.14
2024-06-07,B,Member,E-wallet,448.52
2024-02-28,A,Normal,E-wallet,68.19
2024-03-24,B,Normal,E-wallet,142.66
2025-02-04,B,Normal,Credit Card,31.91
2024-05-18,A,Normal,Cash,27.32
2024-05-03,A,Normal,Credit Card,429.35
2025-01-17,B,Member,E-wallet,235.42
2024-08-09,B,Member,Cash,244.31
2024-11-07,B,Member,Cash,174.9
2025-02-08,A,Member,E-wallet,493.06
2025-01-22,A,Normal,Cash,407.83
2024-12-19,A,Member,E-wallet,416.26
2024-04-30,B,Member,E-wallet,56.17
2024-08-11,B,Member,Cash,137.63
2024-11-26,B,Normal,Cash,245.9
2025-02-02,A,Normal,Credit Card,338.99
2024-05-22,A,Member,E-wallet,99.7
2024-08-03,B,Normal,Cash,292.97
2025-02-02,A,Member,Cash,479.44
2024-11-23,B,Member,Credit Card,438.36
2024-11-26,A,Member,E-wallet,209.17
2024-07-21,B,Member,Cash,425.65
2025-01-07,B,Member,E-wallet,489.79
2024-12-16,A,Member,E-wallet,173.35
2024-05-02,A,Member,Credit Card,478.42
2025-01-25,B,Normal,Cash,403.69
2024-05-13,B,Member,E-wallet,466.66
2024-05-27,A,Member,E-wallet,302.83
2024-10-26,A,Normal,Cash,71.35
2024-04-06,B,Member,E-wallet,158.47
2024-07-30,B,Member,Cash,309.59
2024-09-27,A,Normal,Credit Card,416.79
2024-05-20,B,Normal,E-wallet,347.29
2024-08-05,B,Member,E-wallet,350.75
2024-06-23,A,Normal,Cash,359.12
2024-05-26,B,Member,Cash,467.88
2024-03-06,A,Normal,Credit Card,417.27
2024-07-27,A,Member,Credit Card,51.16
2024-04-05,B,Member,Cash,208.74
2024-09-07,A,Member,E-wallet,57.74
2024-07-14,A,Member,E-wallet,480.08
2024-11-14,A,Member,Cash,330.46
2024-06-27,A,Normal,Cash,388.95
2024-03-08,B,Normal,Cash,30.43
2024-10-13,A,Member,Credit Card,61.38
2024-03-13,B,Normal,Credit Card,425.87
2024-09-03,A,Normal,Credit Card,150.84
2024-11-02,B,Member,Credit Card,337.73
2024-05-23,A,Member,Credit Card,141.14
2024-12-29,A,Member,Cash,107.15
2024-08-20,A,Normal,Cash,196.51
2024-02-16,A,Normal,Credit Card,184.03
2025-01-31,B,Member,E-wallet,52.54
2024-03-10,A,Member,Cash,448.03
2024-05-05,A,Normal,E-wallet,301.41
2024-10-20,B,Member,Cash,496.41
2024-10-27,A,Member,Cash,320.69
2024-10-11,B,Normal,Credit Card,118.58
2024-12-06,B,Member,E-wallet,31.17
2024-05-03,A,Normal,E-wallet,33.14
2024-10-28,A,Normal,E-wallet,326.85
2024-06-24,A,Member,E-wallet,401.09
2024-03-22,B,Normal,Credit Card,443.68
2024-02-21,A,Member,Cash,493.13
2024-03-21,B,Normal,E-wallet,221.52
2025-01-14,A,Member,Cash,444.37
2024-11-24,A,Member,E-wallet,76.93
2024-11-13,A,Member,Cash,318.09
2024-08-12,A,Normal,Credit Card,121.55
2024-12-09,B,Normal,E-wallet,40.93
2024-04-24,A,Normal,E-wallet,92.75
2024-09-09,B,Member,Credit Card,408.35
2024-06-23,A,Member,Credit Card,176.97
2024-05-16,B,Member,Cash,60.19
2024-06-15,A,Member,Credit Card,222.64
2024-09-19,B,Normal,E-wallet,339.59
2024-08-13,A,Member,E-wallet,152.2
2024-03-19,A,Member,E-wallet,266.1
2024-11-06,A,Member,Credit Card,237.47
2024-04-01,B,Normal,Cash,74.13
2024-03-23,A,Normal,E-wallet,310.26
2024-09-17,B,Member,E-wallet,183.9
2025-01-07,B,Normal,Cash,172.78
2024-11-07,A,Normal,Credit Card,493.39
2024-12-01,A,Member,Cash,230.8
2024-09-29,A,Normal,Credit Card,147.43
2024-06-12,B,Member,Credit Card,73.2
2024-11-25,B,Normal,Credit Card,352.26
2024-06-29,B,Member,E-wallet,376.87
2024-02-13,A,Member,E-wallet,296.13
2024-10-07,B,Normal,E-wallet,422.34
2024-05-23,A,Normal,E-wallet,259.83
2024-03-18,B,Member,Credit Card,181.65
2024-09-18,B,Member,Cash,13.45
2025-02-06,A,Member,E-wallet,300.77
2024-02-13,A,Member,E-wallet,246.84
2024-12-03,B,Normal,Credit Card,412.63
2024-03-02,A,Member,Cash,300.79
2024-02-28,A,Member,Cash,400.17
2024-02-29,B,Member,Cash,152.6
2024-10-20,B,Member,Cash,409.72
2024-11-22,A,Normal,Cash,32.53
2024-12-13,A,Normal,Cash,457.5
2024-09-18,A,Normal,Credit Card,176.52
2024-04-29,B,Normal,E-wallet,397.2
2024-03-17,A,Member,E-wallet,219.98
2024-11-23,A,Member,Credit Card,222.74
2024-04-01,B,Member,Credit Card,420.59
2024-09-23,A,Normal,Credit Card,376.77
2024-04-10,B,Member,E-wallet,437.32
2024-12-25,A,Member,Cash,375.95
2024-10-07,A,Member,Cash,461.97
2024-06-19,A,Member,E-wallet,202.74
2024-03-13,A,Member,E-wallet,196.1
2024-06-13,A,Normal,Cash,286.74
2025-01-15,B,Member,E-wallet,131.78
2024-06-17,B,Member,Cash,487.77
2024-09-14,B,Member,Credit Card,168.21
2024-07-01,A,Normal,E-wallet,405.52
2024-07-03,A,Normal,E-wallet,487.82
2025-02-05,A,Member,E-wallet,115.14
2024-07-21,B,Normal,Credit Card,336.31
2024-07-04,B,Normal,Cash,383.75
2024-03-31,A,Normal,Credit Card,250.26
2024-05-05,A,Normal,Credit Card,274.49
2024-04-20,A,Normal,Credit Card,370.28
2025-01-04,A,Normal,Credit Card,145.34
2024-07-08,B,Normal,Credit Card,132.71
2025-02-11,B,Member,Credit Card,46.84
2025-01-22,B,Normal,Cash,235.53
2025-01-11,B,Member,Credit Card,423.89
2025-01-30,A,Normal,Cash,471.15
2024-11-29,A,Member,E-wallet,360.17
2025-01-16,A,Normal,E-wallet,431.16
2024-06-19,B,Member,Credit Card,108.21
2025-01-10,B,Member,Credit Card,222.38
2024-03-24,A,Normal,E-wallet,478.23
2024-09-21,A,Member,E-wallet,68.46
2024-11-05,B,Member,Credit Card,181.03
2024-07-09,A,Member,E-wallet,38.83
2024-12-23,B,Normal,Cash,172.39
2024-08-18,B,Member,E-wallet,364.0
2024-11-07,B,Member,E-wallet,304.19
2024-04-21,A,Normal,E-wallet,408.66
2025-02-02,B,Member,E-wallet,189.19
2024-05-04,B,Member,E-wallet,246.76
2024-07-17,B,Normal,E-wallet,237.12
2025-01-19,B,Member,Credit Card,170.7
2025-01-04,A,Member,Cash,112.42
2024-10-05,B,Member,Cash,469.14
2024-06-28,B,Member,E-wallet,419.25
2024-06-11,A,Member,Cash,212.61
2025-02-10,A,Member,Cash,437.44
2024-02-19,B,Member,Credit Card,306.89
2024-12-06,B,Member,Cash,52.23
2024-11-27,A,Normal,Credit Card,282.44
2024-09-30,A,Normal,E-wallet,190.01
2024-07-08,B,Normal,E-wallet,230.52
2024-06-06,B,Normal,Credit Card,185.81
2025-01-16,B,Normal,E-wallet,468.93
2024-03-04,B,Member,Cash,361.03
2024-12-16,B,Normal,Credit Card,329.29
2024-10-23,B,Normal,Credit Card,121.26
2024-09-12,A,Member,Cash,111.02
2024-05-17,B,Member,Cash,93.5
2024-10-02,B,Normal,E-wallet,189.82
2024-07-19,B,Normal,Credit Card,43.18
2024-09-28,B,Normal,Credit Card,449.0
2024-08-17,B,Member,E-wallet,432.27
2024-06-15,B,Normal,E-wallet,457.82
2024-08-15,B,Normal,Cash,171.39
2025-02-08,B,Normal,E-wallet,479.98
2025-01-15,B,Normal,Cash,242.46
2024-08-01,A,Normal,E-wallet,193.53
2024-11-16,A,Member,E-wallet,31.91
2024-09-01,B,Normal,Credit Card,186.05
2024-05-16,B,Normal,Credit Card,104.98
2024-04-18,A,Member,Cash,295.39
2024-06-06,B,Normal,Credit Card,125.83
2024-07-09,B,Normal,E-wallet,272.97
2024-08-07,B,Normal,Cash,182.03
2024-05-27,A,Normal,Cash,316.26
2024-03-31,A,Member,Cash,477.02
2024-05-30,A,Member,E-wallet,22.05
2024-04-20,B,Member,Cash,36.23
2024-11-04,A,Member,Cash,385.65
2025-01-30,A,Member,E-wallet,351.2
2024-11-08,A,Normal,Credit Card,433.38
2024-04-20,B,Member,E-wallet,489.11
2024-08-22,A,Normal,Credit Card,438.97
2024-09-22,A,Member,Cash,433.11
2024-11-04,A,Normal,Credit Card,109.34
2024-06-18,B,Member,Credit Card,391.0
2025-01-16,B,Normal,E-wallet,141.09
2024-12-06,A,Member,E-wallet,403.59
2024-09-29,B,Member,Cash,287.33
2024-11-16,A,Normal,Cash,320.65
2025-01-21,B,Normal,E-wallet,18.26
2024-02-15,B,Normal,Credit Card,264.97
2024-03-16,B,Normal,E-wallet,90.64
2024-11-25,B,Normal,Credit Card,499.21
2024-06-07,B,Normal,E-wallet,450.81
2025-02-03,B,Normal,Cash,174.96
2024-10-06,B,Member,Credit Card,368.54
2024-08-11,B,Member,Cash,385.0
2024-10-12,B,Member,Credit Card,48.44
2024-02-28,A,Normal,Cash,441.16
2024-04-21,B,Normal,Cash,101.64
2024-07-28,B,Normal,E-wallet,459.19
2024-09-08,B,Normal,E-wallet,499.65
2024-11-02,A,Normal,Cash,43.94
2024-05-10,B,Member,Credit Card,490.95
2024-07-23,A,Member,E-wallet,156.43
2024-09-01,B,Normal,Credit Card,444.26
2024-02-26,A,Member,E-wallet,376.31
2024-04-21,A,Normal,Cash,281.78
2024-09-17,A,Normal,Credit Card,288.09
2024-03-14,B,Member,Credit Card,123.57
2025-01-24,A,Normal,Cash,136.32
2024-02-21,A,Member,Cash,40.97
2024-09-12,B,Normal,Cash,181.53
2024-04-26,B,Member,Cash,36.56
2024-11-22,A,Normal,Cash,110.48
2024-10-07,B,Normal,Cash,47.21
2024-07-25,A,Member,Cash,36.97
2025-01-21,A,Member,Credit Card,444.18
2024-03-07,B,Normal,Credit Card,320.45
2024-11-21,A,Member,Credit Card,258.37
2024-08-15,B,Normal,Credit Card,490.19
2024-12-25,A,Normal,Credit Card,300.06
2024-03-14,A,Member,E-wallet,32.93
2024-10-31,A,Member,Cash,161.5
2024-05-14,B,Member,Credit Card,362.99
2024-04-27,B,Member,Credit Card,495.1
2024-07-03,B,Member,Cash,499.97
2024-05-24,B,Normal,Credit Card,175.84
2024-12-19,A,Member,E-wallet,240.08
2024-08-19,B,Member,E-wallet,200.78
2024-11-19,B,Normal,Credit Card,113.41
2024-10-04,B,Member,Cash,444.67
2024-11-22,B,Member,E-wallet,426.39
2025-01-12,A,Normal,E-wallet,411.0
2024-11-04,B,Normal,Credit Card,195.02
2025-02-04,B,Normal,Credit Card,32.84
2024-07-01,B,Member,E-wallet,305.07
2024-12-05,B,Normal,Credit Card,205.38
2024-03-22,B,Member,Cash,282.35
2025-01-28,A,Member,E-wallet,63.58
2024-09-13,A,Normal,E-wallet,450.84
2024-05-01,A,Member,Cash,393.28
2024-09-22,A,Normal,E-wallet,188.23
2024-08-01,A,Member,E-wallet,296.73
2024-03-22,A,Normal,Credit Card,44.31
2024-10-11,A,Member,Cash,257.31
2024-10-27,B,Member,Credit Card,203.72
2024-11-29,A,Member,E-wallet,186.64
2024-05-26,B,Member,E-wallet,136.17
2024-06-07,B,Normal,E-wallet,437.02
2024-07-17,B,Member,E-wallet,96.41
2024-09-26,B,Normal,E-wallet,401.07
2024-03-28,A,Normal,E-wallet,215.18
2024-05-30,B,Member,Credit Card,240.78
2024-03-21,A,Member,E-wallet,42.4
2024-09-19,B,Normal,Credit Card,224.79
2024-05-08,B,Member,Credit Card,91.7
2024-07-13,B,Normal,E-wallet,493.34
2024-04-06,A,Normal,Credit Card,250.99
2024-03-18,A,Member,Credit Card,327.32
2024-02-26,B,Normal,E-wallet,240.35
2024-10-02,B,Member,E-wallet,29.31
2024-03-23,B,Normal,Cash,464.2
2024-06-23,B,Normal,Cash,243.09
2024-03-10,B,Member,E-wallet,172.2
2024-09-05,B,Member,Cash,183.54
2024-10-11,B,Member,Credit Card,275.8
2024-08-29,B,Normal,E-wallet,339.92
2024-03-22,B,Member,E-wallet,60.56
2024-03-11,A,Normal,Credit Card,222.49
2024-04-09,B,Member,Credit Card,493.28
2024-06-03,A,Normal,Credit Card,282.14
2024-05-02,B,Normal,E-wallet,18.85
2024-12-06,B,Normal,Credit Card,210.59
2024-04-11,B,Normal,Credit Card,207.5
2024-07-01,B,Member,Cash,410.07
2024-08-11,A,Normal,Cash,426.71
2025-01-15,B,Member,E-wallet,489.03
2024-02-14,B,Member,Cash,243.93
2024-06-29,A,Normal,E-wallet,262.38
2024-04-28,A,Member,Credit Card,241.77
2025-01-23,B,Normal,Credit Card,499.55
2024-06-08,B,Member,E-wallet,119.39
2024-09-03,A,Normal,Cash,361.38
2024-10-23,A,Normal,Credit Card,376.94
2024-08-06,B,Member,E-wallet,402.05
2024-04-13,A,Normal,Cash,115.23
2025-02-04,A,Normal,Cash,439.87
2024-05-21,A,Normal,Credit Card,316.77
2024-02-27,B,Member,E-wallet,55.82
2024-04-25,B,Normal,Credit Card,244.83
2024-04-30,A,Member,Cash,324.79
2024-06-21,A,Member,E-wallet,150.55
2024-11-19,A,Normal,E-wallet,315.66
2024-09-08,A,Normal,E-wallet,254.53
2024-12-30,A,Normal,Cash,377.14
2024-07-22,B,Member,Cash,474.37
2024-09-07,A,Normal,Cash,429.57
2024-08-15,B,Normal,E-wallet,313.98
2024-02-29,A,Member,Credit Card,392.9
2024-09-07,A,Normal,Cash,126.21
2024-09-28,B,Member,E-wallet,78.74
2024-05-22,A,Member,Cash,112.05
2024-09-29,A,Member,Cash,51.85
2024-03-12,B,Normal,Credit Card,300.03
2024-09-19,B,Normal,E-wallet,245.38
2024-09-25,A,Normal,E-wallet,130.21
2024-04-25,B,Normal,Cash,64.57
2025-02-03,B,Member,Credit Card,131.73
2024-07-03,B,Normal,Credit Card,351.05
2024-11-21,B,Normal,Cash,238.76
2024-07-12,A,Member,Cash,107.7
2024-09-30,B,Member,Cash,12.19
2024-07-17,A,Normal,Cash,490.34
2024-11-01,A,Normal,E-wallet,165.77
2024-09-26,A,Normal,Credit Card,77.67
2024-11-29,A,Normal,E-wallet,62.84
2024-02-20,B,Normal,Cash,94.22
2024-08-23,A,Normal,E-wallet,250.93
2025-01-31,B,Normal,Cash,69.47
2024-02-16,A,Member,Cash,39.87
2024-12-19,B,Normal,Cash,359.02
2024-06-12,B,Normal,E-wallet,134.34
2024-04-04,B,Member,E-wallet,281.5
2024-08-03,A,Member,Credit Card,277.06
2024-04-20,A,Normal,Cash,418.36
2024-06-01,A,Normal,E-wallet,296.91
2024-10-19,B,Normal,E-wallet,425.05
2025-01-21,A,Member,E-wallet,397.8
2024-11-03,B,Normal,E-wallet,300.35
2024-02-20,A,Member,E-wallet,443.43
2024-03-28,B,Member,E-wallet,258.61
2024-03-06,B,Normal,Credit Card,255.98
2024-02-29,B,Member,E-wallet,170.66
2024-09-12,A,Member,Cash,476.93
2024-11-02,B,Normal,Credit Card,411.51
2024-06-23,B,Normal,Cash,174.27
2024-06-15,B,Member,Cash,280.13
2024-03-17,B,Member,E-wallet,189.12
2024-08-12,A,Normal,Cash,340.87
2024-02-26,A,Normal,E-wallet,431.53
2024-07-20,B,Member,Cash,287.51
2024-02-16,B,Member,Cash,270.64
2024-04-02,A,Normal,Credit Card,456.73
2024-05-25,B,Member,E-wallet,314.24
2024-09-29,A,Member,Cash,438.75
2025-02-01,A,Member,E-wallet,374.74
2024-03-26,B,Member,Cash,74.41
2024-09-21,A,Member,Cash,484.29
2024-09-11,A,Member,Credit Card,156.37
2025-02-02,B,Normal,E-wallet,322.27
2024-12-25,B,Normal,E-wallet,329.41
2024-06-26,B,Normal,E-wallet,153.47
2024-10-16,B,Member,Cash,328.41
2024-07-31,A,Member,Credit Card,397.65
2024-03-25,A,Normal,Credit Card,249.06
2024-10-08,A,Member,Cash,175.47
2025-01-04,B,Member,E-wallet,495.65
2024-03-10,B,Member,Credit Card,467.22
2024-05-17,B,Member,Cash,107.72
2024-08-06,B,Normal,Credit Card,126.71
2024-06-09,A,Member,Credit Card,30.68
2024-09-05,A,Member,Credit Card,343.95
2024-11-02,B,Member,Credit Card,77.07
2024-07-24,B,Member,Cash,95.51
2024-03-01,A,Normal,E-wallet,445.42
2024-12-10,A,Normal,Cash,482.83
2024-12-11,B,Member,Credit Card,27.94
2024-06-13,B,Member,Cash,223.86
2024-06-06,A,Normal,Credit Card,137.14
2025-01-29,B,Member,E-wallet,343.44
2024-06-27,A,Member,E-wallet,82.89
2024-06-23,A,Normal,E-wallet,205.34
2024-04-19,B,Member,E-wallet,461.41
2024-07-30,B,Normal,Cash,306.72
2024-09-21,B,Normal,Credit Card,270.84
2024-06-22,A,Normal,Cash,132.28
2024-09-24,A,Member,Credit Card,493.78
2024-04-23,A,Member,Cash,181.43
2024-02-12,A,Normal,Cash,193.89
2024-04-11,B,Member,Cash,29.67
2024-08-27,A,Normal,Credit Card,84.74
2024-05-09,B,Member,E-wallet,70.26
2024-02-17,A,Member,Credit Card,110.02
2024-03-06,B,Normal,Credit Card,164.95
2024-06-08,A,Normal,Cash,389.32
2024-10-18,B,Normal,Cash,497.55
2024-11-12,B,Member,Cash,433.97
2025-01-29,A,Normal,E-wallet,321.3
2024-11-10,B,Member,Cash,289.86
2024-07-01,B,Normal,E-wallet,224.54
2025-01-09,A,Normal,Cash,372.5
2024-06-23,B,Member,Cash,253.18
2025-02-06,A,Normal,Cash,88.56
2024-12-03,A,Normal,E-wallet,197.61
2024-09-13,B,Normal,Credit Card,418.5
2025-02-11,B,Normal,Credit Card,120.55
2024-10-04,B,Normal,E-wallet,11.91
2025-02-03,B,Normal,Credit Card,286.85
2024-12-16,B,Normal,Cash,407.74
2024-02-28,B,Normal,E-wallet,393.19
2024-09-10,A,Member,E-wallet,344.07
2024-05-24,A,Member,E-wallet,407.64
2024-08-25,B,Member,E-wallet,479.49
2024-08-06,B,Normal,E-wallet,469.71
2024-12-14,B,Normal,Cash,451.12
2025-02-07,B,Normal,Cash,168.72
2024-12-02,A,Normal,Cash,139.86
2024-12-09,B,Normal,E-wallet,114.71
2024-11-10,A,Normal,Credit Card,117.86
2024-08-05,B,Normal,Cash,494.23
2024-06-16,A,Member,E-wallet,288.17
2024-05-22,B,Member,Credit Card,131.87
2024-04-01,A,Member,Cash,347.08
2024-11-12,A,Member,Credit Card,272.37
2024-02-17,B,Normal,Credit Card,411.82
2024-07-30,B,Member,Cash,17.91
2024-07-24,A,Member,E-wallet,478.18
2024-10-08,A,Normal,Credit Card,54.78
2024-06-18,A,Normal,Credit Card,313.37
2025-01-31,A,Normal,Cash,390.6
2024-05-26,A,Member,Cash,457.28
2024-03-21,A,Normal,Cash,116.29
2024-10-12,B,Member,Cash,486.56
2024-08-29,B,Member,Cash,227.93
2024-08-18,B,Normal,Cash,361.86
2024-10-04,B,Member,Cash,349.01
2024-12-05,A,Normal,Cash,273.35
2024-12-08,B,Member,Cash,457.0
2024-09-01,B,Normal,E-wallet,374.0
2025-01-15,B,Normal,Credit Card,338.1
2024-07-27,B,Member,Credit Card,151.19
2024-12-04,A,Member,Cash,461.22
2024-04-11,A,Normal,Cash,65.44
2024-05-17,B,Normal,Credit Card,22.27
2024-03-17,B,Member,E-wallet,105.45
2025-01-28,B,Normal,Credit Card,432.76
2024-05-01,A,Member,E-wallet,165.93
2025-01-12,B,Member,Cash,74.15
2024-11-04,A,Normal,Cash,107.85
2024-04-20,B,Member,E-wallet,32.93
2024-10-14,A,Member,Credit Card,54.03
2025-02-04,A,Member,Cash,308.3
2024-04-25,B,Member,Cash,488.51
2024-03-17,A,Member,E-wallet,397.35
2025-02-07,B,Normal,Cash,495.45
2024-05-15,B,Normal,E-wallet,401.55
2024-03-12,B,Normal,Cash,304.61
2025-01-12,B,Normal,Credit Card,270.17
2024-11-04,B,Normal,Credit Card,83.2
2025-01-22,B,Normal,E-wallet,442.27
2024-04-01,A,Normal,E-wallet,488.09
2024-09-10,A,Member,Credit Card,479.24
2024-05-26,A,Normal,Credit Card,107.36
2024-11-27,B,Normal,Cash,167.34
2024-09-23,A,Normal,Credit Card,424.42
2024-04-24,A,Normal,Cash,450.89
2024-11-27,B,Normal,Credit Card,190.7
2024-02-13,B,Normal,Cash,23.11
2024-09-09,B,Member,Cash,45.5
2024-05-03,A,Normal,E-wallet,285.64
2024-12-29,A,Member,Credit Card,428.84
2024-07-03,B,Member,Cash,385.52
2024-10-23,A,Normal,Cash,72.61
2024-09-12,A,Normal,Cash,385.01
2024-03-24,A,Normal,Credit Card,388.24
2024-11-19,B,Member,E-wallet,79.77
2024-08-04,B,Member,E-wallet,313.33
2024-09-26,A,Member,Cash,439.17
2024-04-17,B,Member,E-wallet,84.54
2025-01-01,B,Member,Credit Card,96.34
2024-06-13,B,Member,Credit Card,214.3
2025-01-29,B,Normal,Cash,131.3
2024-02-25,B,Member,E-wallet,379.95
2024-05-26,B,Member,Cash,473.85
2024-03-07,A,Normal,Cash,276.43
2024-08-27,B,Normal,Credit Card,274.46
2024-04-06,A,Normal,Credit Card,182.22
2024-08-03,B,Normal,Credit Card,15.68
2024-04-27,B,Member,Credit Card,292.6
2024-05-23,B,Member,Credit Card,125.8
2024-07-26,B,Normal,Cash,266.82
2024-06-03,A,Normal,Credit Card,494.93
2025-01-15,A,Member,E-wallet,222.94
2025-02-03,A,Member,E-wallet,87.3
2024-09-28,A,Member,E-wallet,18.76
2024-10-18,B,Member,Cash,276.12
2024-08-30,A,Member,Credit Card,220.35
2024-09-09,A,Normal,Credit Card,22.36
2024-08-31,B,Member,Cash,306.02
2024-08-07,B,Member,E-wallet,341.9
2024-06-17,B,Member,Credit Card,339.13
2024-10-14,A,Normal,Cash,167.7
2024-05-12,A,Member,Credit Card,112.41
2024-10-24,A,Member,Cash,347.67
2024-03-19,A,Member,Credit Card,444.39
2024-02-15,B,Member,Cash,473.56
2024-09-30,A,Normal,Credit Card,157.68
2024-08-07,A,Normal,E-wallet,263.08
2024-09-19,B,Member,Cash,138.34
2024-08-05,A,Member,E-wallet,332.06
2024-08-07,A,Member,E-wallet,231.98
2024-10-07,B,Normal,Cash,443.41
2024-06-25,B,Member,E-wallet,380.9
2024-10-16,B,Member,Cash,244.28
2024-02-14,A,Normal,Cash,309.84
2024-03-20,B,Normal,E-wallet,77.41
2024-03-26,A,Normal,E-wallet,105.22
2024-06-04,A,Member,Credit Card,410.93
2024-09-22,B,Normal,Cash,145.59
2024-03-06,B,Normal,E-wallet,447.22
2025-02-05,A,Normal,Cash,485.78
2025-02-04,A,Member,Cash,203.72
2024-07-12,B,Member,Cash,148.07
2024-02-18,A,Member,Cash,311.54
2025-01-22,B,Normal,E-wallet,460.11
2024-08-04,A,Member,E-wallet,372.52
2024-10-11,A,Normal,Credit Card,434.48
2024-05-10,B,Member,E-wallet,300.18
2024-04-18,B,Member,E-wallet,169.5
2024-03-16,A,Normal,Credit Card,167.9
2024-05-26,B,Member,Credit Card,234.22
2024-09-27,B,Normal,Credit Card,377.19
2024-10-18,B,Normal,E-wallet,228.85
2024-02-14,B,Member,Credit Card,379.14
2025-01-12,A,Normal,E-wallet,124.88
2024-04-08,A,Member,Cash,305.42
2024-05-25,B,Member,Cash,241.0
2024-04-03,A,Normal,Cash,458.22
2024-07-04,B,Member,Cash,46.58
2024-10-20,B,Member,Credit Card,206.25
2024-06-14,B,Member,Cash,106.37
2024-11-29,B,Normal,Cash,157.69
2024-12-01,B,Member,Cash,229.56
2025-01-30,A,Normal,E-wallet,169.96
2024-11-15,A,Normal,Credit Card,202.31
2025-01-10,B,Member,Credit Card,127.73
2024-05-27,A,Member,Credit Card,307.56
2024-05-09,A,Member,Credit Card,366.58
2024-12-19,B,Member,Credit Card,271.47
2024-05-08,A,Normal,Cash,337.78
2024-12-21,B,Normal,E-wallet,360.98
2024-04-11,B,Member,Cash,79.0
2024-07-24,B,Member,Cash,249.77
2024-05-18,B,Normal,Cash,492.36
2024-02-25,A,Member,Cash,251.96
2024-11-19,B,Normal,E-wallet,151.57
2024-12-11,B,Normal,Cash,293.94
2024-03-07,B,Member,Cash,207.52
2024-11-18,B,Normal,Cash,488.67
2024-05-21,B,Member,Cash,429.78
2024-05-19,A,Member,Cash,113.51
2025-01-13,B,Member,Credit Card,115.37
2024-07-26,A,Member,Cash,357.45
2024-04-27,B,Normal,Credit Card,58.7
2024-08-18,A,Member,E-wallet,36.67
2024-12-30,A,Normal,Credit Card,465.32
2024-07-01,B,Normal,Cash,337.39
2024-03-26,A,Normal,E-wallet,87.77
2024-04-16,A,Member,Cash,109.11
2025-02-08,A,Normal,Credit Card,485.32
2024-06-11,B,Normal,Credit Card,481.65
2024-10-08,B,Normal,E-wallet,342.25
2024-07-29,B,Member,E-wallet,244.93
2024-05-07,A,Member,Cash,151.77
2024-02-14,A,Member,Cash,430.88
2024-08-29,A,Member,Credit Card,38.31
2024-08-08,B,Normal,E-wallet,409.06
2024-05-20,B,Member,E-wallet,118.09
2024-10-10,A,Normal,E-wallet,308.42
2024-08-21,A,Normal,Cash,344.3
2024-03-03,B,Normal,Credit Card,24.95
2025-02-07,B,Member,Cash,276.62
2024-05-29,A,Normal,E-wallet,242.53
2024-03-01,B,Member,Credit Card,244.63
2024-03-23,B,Member,E-wallet,263.96
2024-03-30,A,Normal,Cash,498.25
2024-07-03,A,Normal,Credit Card,247.76
2024-09-20,A,Normal,Credit Card,155.54
2024-11-02,A,Member,Credit Card,399.86
2024-04-16,B,Normal,E-wallet,366.33
2024-05-02,A,Member,Credit Card,454.75
2024-12-21,A,Member,Cash,197.42
2024-06-28,A,Member,Cash,141.34
2024-09-20,A,Normal,E-wallet,268.83
2024-10-26,A,Normal,Cash,168.69
2024-11-21,A,Normal,E-wallet,186.26
2024-09-22,A,Normal,E-wallet,123.15
2025-01-09,B,Normal,Credit Card,254.28
2024-06-15,A,Member,Cash,110.2
2024-11-10,B,Member,Cash,283.33
2024-06-28,B,Member,E-wallet,175.51
2025-01-21,B,Member,Credit Card,249.07
2024-08-26,A,Member,Cash,117.59
2024-12-24,B,Member,E-wallet,304.59
2024-04-07,B,Normal,Cash,487.61
2024-03-10,B,Normal,Credit Card,424.58
2024-06-12,B,Member,Cash,21.47
2024-07-23,A,Normal,E-wallet,169.65
2024-06-20,A,Member,Credit Card,254.69
2024-10-24,B,Member,E-wallet,242.36
2024-09-05,A,Normal,Credit Card,490.21
2024-12-21,A,Normal,E-wallet,413.8
2024-04-18,B,Normal,Credit Card,55.71
2025-01-15,B,Normal,E-wallet,347.97
2024-04-13,A,Normal,Cash,226.84
2024-03-23,B,Member,E-wallet,328.03
2024-09-27,B,Member,Credit Card,96.74
2024-06-13,B,Normal,Credit Card,275.81
2024-12-01,B,Member,E-wallet,142.66
2024-08-12,A,Member,Cash,51.98
2024-04-15,A,Normal,Credit Card,75.49
2024-10-19,A,Member,E-wallet,88.02
2024-04-18,A,Member,Credit Card,151.39
2024-02-18,A,Member,Credit Card,490.39
2024-03-10,B,Member,E-wallet,463.93
2024-07-04,A,Member,E-wallet,446.35
2025-01-21,A,Normal,Credit Card,379.87
2025-01-21,A,Normal,Credit Card,131.14
2024-08-20,A,Member,Credit Card,158.89
2024-06-17,B,Member,Cash,319.51
2024-08-10,B,Normal,E-wallet,127.08
2024-08-16,B,Member,Cash,323.86
2024-10-16,B,Member,Cash,344.12
2024-12-30,A,Member,E-wallet,125.25
2024-10-11,B,Normal,Cash,134.99
2024-04-20,B,Member,Credit Card,224.79
2024-08-21,B,Member,Credit Card,488.98
2024-11-08,A,Normal,Cash,101.19
2024-09-19,A,Member,Cash,467.0
2024-11-17,A,Member,Credit Card,223.47
2024-08-27,A,Normal,E-wallet,160.3
2024-02-15,B,Member,Cash,115.64
2024-09-11,B,Normal,Credit Card,138.85
2024-06-29,A,Member,Cash,131.11
2024-05-10,B,Member,Cash,279.84
2024-09-12,A,Normal,E-wallet,221.4
2024-12-07,B,Normal,E-wallet,43.69
2024-04-06,B,Normal,Credit Card,403.91
2025-01-28,B,Member,E-wallet,143.53
2024-03-07,A,Member,Cash,361.69
2024-12-27,A,Member,Cash,137.26
2024-06-16,B,Member,Credit Card,174.17
2024-06-23,B,Member,Cash,351.18
2024-07-31,B,Member,Credit Card,293.49
2024-07-10,A,Normal,Cash,314.71
2024-04-26,A,Normal,Cash,135.38
2024-04-20,B,Normal,Credit Card,462.83
2025-01-28,B,Member,E-wallet,278.92
2024-08-08,A,Normal,Credit Card,461.04
2025-01-02,A,Member,E-wallet,147.49
2024-11-25,B,Normal,E-wallet,461.73
2024-04-06,B,Member,Credit Card,157.44
2024-06-07,A,Member,Credit Card,242.5
2024-09-28,B,Member,Cash,81.87
2024-03-31,A,Member,Credit Card,428.22
2024-09-15,B,Member,Credit Card,234.3
2025-01-21,A,Normal,Cash,480.1
2024-07-30,B,Normal,Cash,24.01
2024-11-11,B,Normal,Credit Card,295.94
2024-02-18,A,Member,E-wallet,190.78
2024-04-22,A,Member,Credit Card,100.81
2024-09-05,B,Normal,Credit Card,241.54
2024-06-28,B,Member,Cash,261.3
2024-09-18,A,Normal,E-wallet,87.68
2024-12-23,A,Member,E-wallet,149.56
2024-11-07,B,Normal,E-wallet,13.55
2024-02-26,B,Member,Cash,407.63
2024-07-08,A,Member,Credit Card,105.92
2025-01-09,B,Normal,E-wallet,288.12
2024-08-10,A,Normal,Credit Card,387.23
2024-12-04,A,Member,Credit Card,34.98
2024-11-21,A,Member,Cash,257.76
2024-08-27,B,Member,Cash,226.29
2024-05-16,B,Normal,E-wallet,261.16
2024-05-13,A,Member,E-wallet,160.26
2024-09-18,A,Member,E-wallet,289.42
2025-01-03,B,Member,Cash,169.18
2025-01-22,B,Normal,Credit Card,256.94
2024-08-25,A,Normal,Cash,194.61
2024-08-01,B,Member,Credit Card,499.27
2024-08-09,A,Normal,Cash,345.43
2025-01-23,A,Member,Cash,339.86
2024-08-20,B,Normal,E-wallet,51.5
2024-11-30,B,Member,Cash,195.59
2024-10-16,B,Normal,E-wallet,139.3
2024-04-03,A,Member,E-wallet,302.55
2024-10-20,A,Member,E-wallet,302.13
2024-08-31,A,Normal,Credit Card,425.26
2024-12-25,B,Normal,Credit Card,370.25
2024-11-27,B,Normal,E-wallet,426.3
2024-03-05,A,Normal,E-wallet,409.63
2024-02-20,A,Member,Credit Card,107.75
2024-06-27,B,Member,Credit Card,290.91
2024-07-22,A,Normal,Credit Card,330.26
2024-08-06,A,Normal,E-wallet,401.72
2024-12-28,A,Normal,E-wallet,429.22
2024-10-27,B,Normal,Cash,205.52
2024-12-31,A,Member,Cash,468.3
2024-07-30,B,Normal,Credit Card,360.24
2025-02-02,B,Member,Cash,372.88
2025-02-03,B,Normal,E-wallet,375.07
2024-03-10,A,Normal,Credit Card,299.22
2024-06-08,B,Normal,E-wallet,81.17
2024-07-28,A,Normal,Cash,261.1
2024-02-28,A,Normal,Cash,394.58
2024-11-22,A,Normal,Credit Card,451.54
2024-03-10,A,Normal,Cash,189.92
2024-03-10,A,Normal,E-wallet,67.36
2024-10-18,A,Normal,Credit Card,59.91
2024-10-04,B,Normal,Cash,409.25
2024-12-01,B,Member,E-wallet,229.54
2025-01-20,B,Normal,Cash,497.16
2024-10-23,A,Normal,Credit Card,331.51
2024-02-19,B,Member,E-wallet,170.05
2024-05-24,B,Member,E-wallet,410.96
2024-02-29,B,Member,E-wallet,55.95
2025-01-15,B,Normal,E-wallet,179.34
2024-10-04,A,Normal,Credit Card,281.27
2024-06-07,B,Member,E-wallet,211.45
2024-03-12,A,Normal,Credit Card,189.92
2024-05-09,B,Normal,Cash,231.54
2024-10-29,A,Normal,Cash,85.32
2024-04-16,A,Normal,Cash,228.89
2024-05-23,B,Member,E-wallet,305.09
2024-04-13,B,Member,E-wallet,166.57
2024-02-27,A,Member,E-wallet,85.76
2024-04-28,B,Member,E-wallet,128.33
2024-04-03,A,Normal,Cash,465.53
2024-11-11,B,Member,E-wallet,361.83
2024-11-22,B,Normal,Cash,402.41
2024-07-27,B,Normal,Cash,130.07
2024-08-07,B,Normal,Credit Card,411.94
2024-09-06,B,Member,E-wallet,134.16
2024-09-09,B,Normal,Cash,53.27
2024-11-13,B,Member,E-wallet,230.19
2024-11-11,B,Normal,Credit Card,467.42
2024-07-07,A,Member,Credit Card,450.26
2024-12-06,A,Member,E-wallet,414.06
2024-02-21,B,Member,E-wallet,10.43
2024-08-20,B,Member,Cash,217.58
2024-07-18,A,Member,Cash,471.05
2024-07-20,B,Normal,Credit Card,363.02
2024-08-02,B,Normal,E-wallet,140.81
2024-06-30,B,Normal,Credit Card,224.37
2024-09-01,B,Normal,Credit Card,418.07
2024-12-23,B,Member,Credit Card,68.85
2024-06-04,B,Member,E-wallet,334.19
2025-01-18,B,Normal,Cash,431.53
2025-01-16,A,Normal,Credit Card,220.4
2024-10-27,B,Member,Cash,163.22
2024-07-09,A,Member,Cash,87.52
2024-04-23,B,Normal,E-wallet,395.3
2024-10-05,A,Member,Credit Card,81.13
2024-12-18,B,Member,Credit Card,85.37
2024-09-17,B,Member,E-wallet,25.32
2024-06-30,B,Normal,Cash,123.3
2024-12-28,B,Member,Credit Card,373.9
2024-12-03,B,Member,Cash,122.96
2025-01-13,A,Member,Cash,32.81
2025-01-12,B,Normal,Credit Card,444.08
2024-11-15,A,Member,E-wallet,271.18
2024-02-12,A,Normal,Cash,17.13
2024-09-01,B,Member,Cash,20.11
2025-02-02,A,Member,E-wallet,107.79
2024-12-31,A,Member,E-wallet,61.06
2025-01-03,B,Member,E-wallet,445.16
2024-11-19,B,Member,Cash,244.38
2024-02-19,B,Member,E-wallet,342.14
2025-01-24,A,Member,E-wallet,373.13
2024-09-29,B,Normal,E-wallet,433.51
2025-01-22,B,Member,Cash,94.79
2024-12-03,A,Member,Cash,38.12
2024-06-01,A,Normal,Credit Card,178.8
2024-09-23,B,Normal,E-wallet,447.38
2024-12-24,A,Normal,Cash,214.78
2024-11-14,A,Normal,E-wallet,64.81
2024-04-09,B,Member,E-wallet,339.53
2025-01-19,A,Member,E-wallet,234.2
2024-06-13,A,Member,Credit Card,116.17
2024-07-31,A,Normal,E-wallet,354.09
2025-01-05,A,Normal,E-wallet,486.73
2024-08-09,B,Normal,Cash,154.9
2024-07-17,A,Normal,Cash,490.99
2024-09-19,B,Normal,Cash,78.26
2024-03-01,A,Member,Credit Card,89.75
2024-08-09,A,Normal,Credit Card,96.9
2024-12-14,A,Normal,E-wallet,261.59
2024-02-13,B,Normal,Cash,41.69
2024-04-25,A,Normal,Cash,317.76
2025-02-05,A,Member,Cash,403.47
2024-11-26,B,Normal,Credit Card,220.8
2025-01-29,A,Normal,Credit Card,16.65
2024-11-25,A,Member,E-wallet,200.28
2024-12-05,B,Normal,E-wallet,177.19
2024-10-29,A,Normal,E-wallet,186.5
2024-07-30,B,Normal,Credit Card,162.06
2024-03-11,A,Normal,Cash,75.14
2024-06-21,B,Member,E-wallet,274.63
2024-03-15,B,Normal,E-wallet,309.64
2024-03-12,A,Normal,Cash,434.09
2024-04-29,A,Member,Cash,13.25
2024-10-20,A,Member,Cash,382.39
2025-01-13,A,Member,Credit Card,389.17
2024-09-29,B,Member,Credit Card,105.35
2024-12-26,B,Member,Cash,417.2
2024-05-19,B,Member,Cash,337.46
2024-12-06,B,Member,Credit Card,193.33
2024-06-07,B,Member,E-wallet,493.25
2024-05-03,A,Member,E-wallet,39.35
2025-01-10,B,Member,Cash,350.63
2024-12-05,A,Normal,E-wallet,422.77
2024-10-20,A,Normal,E-wallet,196.68
2024-05-09,A,Normal,Cash,435.59
2025-01-11,B,Normal,Credit Card,434.96
2024-05-21,B,Normal,Credit Card,188.75
2024-05-09,A,Member,Credit Card,187.26
2024-03-21,B,Normal,E-wallet,129.75
2024-06-27,A,Normal,Credit Card,431.8
2024-05-24,B,Normal,E-wallet,142.68
2024-11-10,A,Member,E-wallet,197.94
2024-02-12,A,Normal,E-wallet,273.08
2024-12-28,B,Normal,E-wallet,240.14
2024-09-19,B,Normal,Credit Card,444.9
2024-06-21,B,Member,E-wallet,10.72
2025-01-13,A,Normal,Cash,357.7
2024-08-16,A,Normal,E-wallet,344.79
2024-03-11,A,Member,Cash,386.77
2024-12-08,B,Member,Credit Card,280.3
2024-10-12,B,Member,E-wallet,286.19
2024-08-25,B,Normal,Cash,285.31
2024-04-30,A,Normal,E-wallet,469.54
2024-06-04,A,Member,E-wallet,72.89
2024-11-11,B,Normal,Cash,282.41
2024-02-23,A,Normal,Credit Card,489.42
2024-11-27,B,Member,Credit Card,458.03
2025-01-25,A,Member,Credit Card,93.68
2024-12-14,A,Member,Credit Card,387.68
2024-05-02,A,Normal,Credit Card,447.96
2024-04-20,A,Normal,Cash,173.64
2024-08-27,B,Member,E-wallet,155.07
2024-09-18,A,Member,Cash,452.33
2024-07-14,B,Member,E-wallet,482.49
2024-04-14,A,Normal,Credit Card,344.13
2025-02-06,A,Member,Credit Card,245.24
2024-03-10,A,Normal,Cash,359.04
2024-09-28,A,Normal,Cash,226.9
2024-11-01,A,Member,E-wallet,290.22
2024-02-19,A,Normal,Credit Card,485.61
2024-12-25,A,Member,Cash,180.73
2024-10-04,A,Normal,E-wallet,277.26
2024-07-14,B,Member,Cash,394.73
2024-03-08,A,Normal,Cash,201.08
2024-07-26,A,Normal,Cash,457.56
2024-02-18,B,Normal,Credit Card,381.28
2024-02-15,A,Normal,Cash,42.23
2024-03-10,A,Normal,Cash,224.24
2024-07-06,A,Member,E-wallet,234.23
2024-10-06,A,Normal,Cash,437.18
2024-09-06,A,Member,Credit Card,352.58
2024-07-30,B,Member,Credit Card,330.72
2025-01-21,B,Member,Credit Card,336.62
2024-07-26,B,Member,Credit Card,186.31
2024-12-22,A,Member,Credit Card,54.26
2024-10-10,B,Normal,E-wallet,421.65
2024-11-03,B,Member,Credit Card,297.73
2025-02-09,B,Normal,E-wallet,193.42
2024-04-23,B,Member,Credit Card,57.14
2024-03-28,A,Member,E-wallet,465.9
2024-12-28,A,Member,Credit Card,43.92
2024-04-06,B,Member,Credit Card,225.48
2024-02-26,B,Member,Cash,209.1
2024-03-31,A,Normal,Cash,248.93
2024-08-25,A,Member,Credit Card,129.44
2025-01-18,B,Normal,Credit Card,314.48
2024-03-28,B,Normal,Cash,305.82
2025-01-16,A,Normal,Cash,453.68
2024-10-02,B,Member,Credit Card,487.91
2024-07-23,A,Normal,Credit Card,263.72
2024-03-13,B,Member,Cash,258.17
2025-01-13,B,Normal,Cash,253.65
2025-01-27,B,Normal,E-wallet,296.54
2025-01-14,B,Normal,Cash,66.02
2024-05-06,B,Normal,Credit Card,304.07
2024-03-31,A,Normal,Credit Card,226.9
2024-09-17,A,Normal,E-wallet,232.52
2024-03-03,A,Member,Credit Card,429.51
2024-12-06,A,Member,E-wallet,231.6
2024-12-01,B,Normal,E-wallet,460.75
2024-05-19,B,Member,E-wallet,431.96
2024-03-22,A,Normal,Cash,156.03
2024-07-17,A,Member,Credit Card,134.18
2024-04-10,B,Normal,Credit Card,66.9
2024-06-22,B,Member,Cash,460.66
2024-12-24,B,Member,Credit Card,446.22
2024-11-15,A,Normal,E-wallet,358.03
2024-05-06,A,Member,Cash,181.36
2024-06-19,B,Normal,Cash,263.71
2024-07-24,A,Normal,Credit Card,332.39
2024-02-19,A,Normal,Credit Card,41.1
2024-10-06,B,Normal,Credit Card,186.85
2024-10-06,A,Member,Credit Card,367.87
2024-07-11,B,Member,Cash,55.18
2024-02-23,A,Normal,Cash,44.23
2024-12-14,B,Normal,Cash,459.92
2024-07-29,B,Normal,E-wallet,371.33
2024-02-16,B,Normal,Cash,471.37
2024-07-12,A,Normal,Credit Card,343.63
2024-09-23,B,Member,Cash,272.36
2024-03-05,A,Normal,Credit Card,142.01
2025-02-06,A,Member,Credit Card,236.25
2024-09-30,B,Normal,E-wallet,135.73
2025-02-05,A,Normal,Credit Card,188.85
2024-02-14,B,Normal,E-wallet,180.38
2024-11-24,B,Member,E-wallet,44.58
2024-09-25,B,Normal,E-wallet,403.73
2024-02-15,A,Member,E-wallet,293.06
2024-05-11,A,Member,E-wallet,496.52
2025-01-11,A,Normal,Cash,186.14
2024-07-10,A,Normal,Credit Card,316.19
2024-12-26,A,Member,Cash,427.39
2024-04-09,A,Member,Cash,111.39
2024-12-26,A,Normal,Credit Card,461.34
2024-02-25,B,Member,Cash,23.25
2024-11-29,B,Normal,Cash,98.54
2024-08-25,B,Member,Credit Card,357.03
2024-10-01,B,Normal,Credit Card,37.34
2024-12-06,B,Member,Cash,251.82
2024-08-07,A,Member,Cash,177.91
2024-12-02,B,Normal,E-wallet,370.44
2024-12-07,A,Member,Cash,496.34
2024-10-15,A,Normal,Cash,67.21
2024-11-24,B,Normal,Credit Card,421.13
2024-12-13,B,Normal,E-wallet,91.11
2025-01-26,B,Member,Credit Card,220.8
2024-02-23,B,Normal,E-wallet,201.66
2025-01-24,A,Member,E-wallet,95.01
2024-10-25,B,Member,Cash,201.54
2025-01-20,A,Member,Credit Card,254.2
2024-10-24,A,Normal,E-wallet,179.26
2024-08-22,B,Normal,Cash,434.17
2024-03-29,A,Member,E-wallet,145.23
2024-05-28,B,Normal,Credit Card,174.12
2024-10-09,B,Normal,Cash,91.64
2024-10-19,B,Member,Cash,48.45
2024-10-09,B,Normal,Credit Card,266.01
2025-01-24,B,Member,E-wallet,426.07
2025-02-11,B,Member,Cash,108.22
2024-06-25,B,Normal,Credit Card,304.56
2024-02-24,A,Member,Credit Card,117.93
2024-02-23,B,Member,E-wallet,483.85
2024-11-12,A,Normal,E-wallet,91.45
2024-10-02,A,Member,Credit Card,111.49
2024-12-05,A,Member,E-wallet,337.01
2025-02-11,A,Member,Credit Card,97.95
2024-08-16,B,Normal,Credit Card,180.49
2024-11-08,A,Normal,Credit Card,392.2
2024-05-05,A,Normal,Credit Card,484.0
2024-04-16,A,Member,Credit Card,345.37
2024-08-19,A,Member,E-wallet,428.73
2024-05-26,A,Normal,E-wallet,454.58
2024-04-29,B,Member,Cash,334.78
2024-09-14,B,Member,E-wallet,58.17
2024-09-20,B,Normal,Credit Card,338.01
2024-05-20,B,Normal,Cash,77.72
2024-09-17,B,Member,Cash,247.63
2024-04-28,A,Normal,E-wallet,83.79
2024-09-25,B,Member,Cash,459.7
2024-08-06,B,Member,Cash,229.6
2025-02-01,A,Normal,Credit Card,404.01
2024-10-01,A,Normal,Credit Card,282.22
2024-07-24,A,Member,E-wallet,248.34
2024-08-24,B,Normal,Cash,335.22
2024-09-16,B,Normal,Cash,86.59
2024-06-21,B,Normal,Cash,26.77
2024-09-23,B,Member,Cash,17.29
2024-08-14,B,Member,Credit Card,152.56
2024-10-16,B,Normal,Cash,320.64
2024-12-25,A,Member,Cash,61.46
2024-03-06,B,Member,E-wallet,150.93
2025-01-10,B,Normal,E-wallet,340.92
2024-07-03,B,Member,Credit Card,37.3
2024-03-25,B,Member,Credit Card,117.4
2024-05-27,A,Normal,Cash,153.83
2024-05-16,A,Member,Cash,79.4
2024-09-17,A,Normal,Credit Card,194.1
2025-02-11,A,Member,E-wallet,325.12
2025-01-06,B,Normal,Credit Card,37.11
2024-08-29,B,Normal,Credit Card,117.11
2024-10-07,B,Member,Cash,409.91
2024-03-02,B,Member,Credit Card,271.98
2024-08-03,B,Member,E-wallet,259.81
2024-03-01,B,Member,Credit Card,26.06
2024-07-03,B,Member,Cash,142.31
2024-03-23,B,Member,Cash,330.27
2024-09-27,A,Member,E-wallet,271.42
2024-06-15,A,Member,E-wallet,475.31
2024-04-10,A,Normal,E-wallet,394.79
2024-06-28,B,Normal,Cash,342.86
2025-01-18,B,Member,E-wallet,232.67
2025-02-02,A,Member,Cash,477.0
2024-06-20,A,Normal,Cash,415.41
2024-05-11,B,Normal,Cash,425.2
2025-01-29,A,Member,E-wallet,402.68
2024-12-15,A,Normal,Credit Card,271.03
2024-10-16,A,Normal,E-wallet,246.86
2024-04-20,A,Member,Credit Card,230.64
2024-11-02,B,Member,Credit Card,97.8
2024-12-31,A,Normal,Cash,92.92
2024-03-31,B,Member,Credit Card,383.88
2025-01-08,A,Member,Cash,417.35
2024-09-01,B,Member,E-wallet,269.08
2024-06-20,B,Member,Credit Card,493.55
2024-11-28,A,Normal,E-wallet,436.25
2024-06-27,A,Normal,Cash,224.28
2024-06-04,A,Normal,Credit Card,260.48
2024-06-01,B,Normal,Cash,179.18
2024-07-02,A,Member,Credit Card,423.36
2024-12-06,B,Member,Cash,17.81
2024-12-18,B,Normal,Cash,264.69
2024-10-17,B,Member,Credit Card,487.21
2025-01-17,B,Normal,E-wallet,16.66
2024-06-07,A,Normal,Cash,122.1
2024-07-08,A,Member,Credit Card,331.73
2024-09-01,A,Member,E-wallet,14.49
2024-11-10,A,Member,E-wallet,387.92
2024-03-09,A,Normal,E-wallet,44.28
2024-03-25,A,Member,E-wallet,492.85
2024-08-28,A,Normal,E-wallet,73.72
2025-01-05,B,Normal,Credit Card,311.86
2024-03-24,A,Member,Cash,298.99
2024-08-04,A,Normal,Cash,66.11
2024-07-27,A,Normal,Credit Card,127.17
2025-01-12,A,Member,Credit Card,76.91
2024-08-13,A,Member,Cash,314.36
2024-11-02,A,Normal,Credit Card,340.23
2024-10-30,B,Normal,Cash,45.15
2024-07-30,B,Normal,Cash,140.61
2024-03-10,A,Normal,E-wallet,322.34
2024-10-16,A,Normal,E-wallet,274.08
2025-01-01,B,Member,E-wallet,51.63
2024-05-24,B,Normal,Cash,355.49
2024-05-17,B,Normal,Credit Card,34.04
2024-09-08,B,Normal,Cash,253.32
2024-06-29,A,Member,Credit Card,463.77
2024-10-24,B,Member,E-wallet,107.51
2025-01-29,B,Member,E-wallet,222.94
2024-04-11,B,Member,Cash,307.24
2024-07-27,A,Member,Credit Card,395.51
2025-01-31,B,Normal,Credit Card,62.97
2024-07-05,B,Normal,Credit Card,376.58
2024-08-02,A,Normal,Cash,133.18
2024-05-26,B,Normal,Cash,228.81
2024-03-19,B,Member,Credit Card,447.86
2025-01-24,B,Normal,Cash,315.58
2024-09-16,A,Normal,Credit Card,358.31
2024-04-27,A,Normal,Credit Card,488.26
2024-09-05,B,Member,Cash,354.13
2024-03-02,B,Member,Cash,477.03
2024-04-20,B,Member,Cash,42.67
2024-08-02,B,Member,Credit Card,446.45
2024-12-31,B,Member,Credit Card,227.91
2024-09-17,A,Member,Cash,115.19
2024-06-24,B,Member,Cash,421.36
2024-02-18,B,Member,Credit Card,12.11
2024-06-03,B,Member,Cash,256.39
2024-11-05,A,Member,E-wallet,440.53
2024-11-21,A,Normal,Credit Card,209.38
2024-09-18,B,Member,Cash,338.4
2024-12-26,A,Member,E-wallet,24.05
2024-08-03,A,Normal,E-wallet,207.0
2024-05-19,B,Member,Cash,248.88
2024-03-12,B,Normal,Cash,168.97
2024-10-14,A,Member,E-wallet,127.13
2024-02-26,A,Member,Credit Card,151.89
2024-12-07,B,Normal,Cash,356.15
2024-09-10,B,Normal,Cash,128.27
2024-12-21,A,Member,E-wallet,62.51
2024-12-01,A,Normal,Cash,95.18
2024-04-26,A,Member,E-wallet,328.76
2024-05-28,B,Member,E-wallet,125.23
2024-07-09,B,Member,E-wallet,259.47
2024-08-24,A,Normal,Cash,436.19
2024-08-19,B,Normal,Cash,366.34
2024-02-13,B,Member,Credit Card,69.72
2024-12-23,A,Member,Cash,77.68
2024-08-26,B,Member,Credit Card,294.75
2024-06-16,B,Normal,E-wallet,379.74
2024-05-01,A,Member,E-wallet,475.54
2024-09-21,A,Normal,Credit Card,327.97
2024-07-09,A,Member,E-wallet,137.92
2024-10-14,A,Member,E-wallet,222.84
2024-10-04,B,Member,E-wallet,439.08
2024-07-18,B,Member,Cash,310.13
2024-12-26,B,Normal,Cash,326.14
2024-06-18,A,Normal,Cash,490.41
2024-05-08,A,Member,Cash,411.23
2024-09-19,A,Member,E-wallet,133.52
2024-09-30,A,Member,Credit Card,197.57
2024-12-18,A,Normal,Credit Card,63.06
2024-11-24,A,Normal,E-wallet,206.16
2025-01-18,B,Normal,Cash,415.56
2024-07-24,A,Normal,E-wallet,261.62
2025-01-29,B,Normal,E-wallet,251.05
2024-05-02,A,Normal,E-wallet,355.68
2024-05-02,A,Member,Cash,392.03
2024-04-08,A,Member,Credit Card,155.73
2024-09-26,B,Normal,Credit Card,322.77
2024-04-24,A,Normal,Credit Card,295.08
2024-11-28,A,Member,Credit Card,335.65
2024-03-11,B,Member,Cash,369.01
2025-01-19,A,Member,Cash,482.53
2024-06-29,A,Member,Cash,398.51
2024-09-18,A,Member,Credit Card,200.49
2024-03-06,A,Normal,Cash,152.9
2024-08-03,A,Normal,Cash,240.64
2024-12-10,A,Normal,Cash,446.58
2024-12-04,B,Normal,Credit Card,127.42
2024-06-04,B,Member,Cash,111.84
2024-03-25,B,Member,Credit Card,35.66
2024-11-23,B,Member,Cash,120.2
2025-01-10,A,Member,E-wallet,238.11
2024-04-27,A,Normal,E-wallet,154.54
2024-04-11,B,Member,Credit Card,235.65
2024-12-07,B,Normal,Credit Card,347.05
2024-07-30,B,Normal,Credit Card,22.31
2024-04-05,B,Member,Credit Card,176.91
2024-05-24,A,Normal,Cash,65.66
2024-04-12,B,Member,E-wallet,383.34
2024-11-24,B,Member,Credit Card,478.97
2024-06-01,A,Normal,Credit Card,422.21
2024-07-20,A,Member,E-wallet,57.18
2024-12-19,B,Normal,E-wallet,315.39
2024-03-16,A,Member,Credit Card,46.08
2024-05-11,A,Normal,Credit Card,277.38
2025-02-03,A,Normal,Cash,62.49
2024-12-31,A,Member,E-wallet,244.78
2024-08-08,A,Normal,E-wallet,294.6
2024-12-28,A,Normal,Credit Card,496.52
2024-12-25,A,Member,E-wallet,83.83
2024-07-17,A,Member,Credit Card,37.09
2024-11-17,B,Normal,E-wallet,258.08
2024-12-01,B,Normal,Cash,91.5
2024-12-28,A,Member,E-wallet,126.9
2024-03-11,B,Member,Credit Card,319.23
2025-01-18,A,Normal,Cash,295.76
2024-12-18,B,Member,Cash,37.39
2024-09-18,B,Normal,Credit Card,425.32
2024-12-29,A,Member,Credit Card,46.93
2025-01-08,B,Member,Credit Card,111.86
2024-04-04,A,Normal,Credit Card,79.07
2025-01-16,A,Normal,Credit Card,11.79
2024-11-04,A,Normal,Credit Card,356.27
2024-11-23,A,Member,Cash,483.53
2024-05-14,A,Member,Cash,431.87
2024-11-05,B,Normal,Cash,385.13
2024-03-29,B,Normal,Credit Card,139.4
2024-04-20,A,Member,E-wallet,324.73
2024-11-16,A,Member,E-wallet,425.33
2024-02-19,A,Normal,E-wallet,232.51
2024-08-09,B,Normal,E-wallet,270.88
2024-08-21,B,Normal,Cash,139.29
2024-08-11,A,Normal,E-wallet,302.32
2024-08-07,A,Member,Credit Card,212.57
2024-12-08,B,Normal,Cash,81.14
2024-09-07,B,Member,Credit Card,478.45
2024-07-07,A,Member,E-wallet,407.4
2025-01-17,B,Normal,E-wallet,479.64
2024-03-12,A,Member,Cash,299.63
2024-04-08,A,Normal,Credit Card,76.69
2024-03-10,B,Member,Cash,423.92
2024-12-11,A,Member,Credit Card,436.08
2024-06-08,B,Normal,Credit Card,387.44
2024-06-07,B,Normal,Credit Card,396.76
2024-05-21,B,Normal,Cash,230.62
2025-02-01,A,Normal,Cash,329.96
2024-11-23,B,Normal,E-wallet,17.05
2024-08-12,A,Normal,Cash,298.95
2024-12-22,A,Member,Credit Card,184.9
2024-11-30,B,Member,Credit Card,273.68
2024-11-16,A,Member,E-wallet,85.33
2025-01-08,B,Member,Credit Card,415.67
2024-08-05,A,Member,E-wallet,208.25
2024-04-05,A,Normal,Credit Card,323.65
2024-06-05,A,Member,Cash,42.73
2024-09-19,A,Member,Cash,120.08
2024-11-05,A,Normal,E-wallet,91.27
2024-12-04,B,Member,Cash,45.08
2024-10-29,B,Normal,E-wallet,366.09
2025-01-18,B,Normal,Cash,294.91
2024-08-20,B,Member,Credit Card,493.05
2025-01-12,B,Normal,Credit Card,267.39
2025-01-02,B,Normal,Cash,148.55
2024-08-30,B,Normal,E-wallet,291.59
2024-09-08,B,Normal,Credit Card,23.94
2025-01-27,B,Member,Credit Card,157.0
2024-11-20,B,Normal,Cash,173.78
2024-06-27,A,Member,Cash,27.25
2024-06-25,A,Member,E-wallet,172.61
2024-05-29,A,Member,Credit Card,40.33
2024-12-20,A,Member,E-wallet,385.7
2024-05-12,B,Normal,Cash,318.33
2024-10-28,B,Normal,Credit Card,83.77
2024-10-16,B,Normal,Cash,260.98
2025-02-10,B,Member,Credit Card,122.56
2024-06-19,B,Normal,Credit Card,381.36
2024-09-12,B,Member,Cash,110.23
2025-01-14,A,Member,Cash,27.23
2024-07-02,B,Member,Cash,241.2
2024-03-24,A,Member,Cash,290.02
2024-07-09,A,Member,Cash,312.36
2024-04-14,A,Member,Cash,55.94
2024-05-31,B,Member,Credit Card,496.05
2024-10-02,B,Member,Cash,198.08
2024-02-13,A,Member,E-wallet,138.24
2024-08-17,B,Member,E-wallet,45.71
2024-07-16,A,Normal,Credit Card,65.57
2024-02-17,B,Member,Credit Card,13.62
2024-09-19,B,Member,Cash,478.69
2024-08-26,A,Normal,E-wallet,160.35
2024-06-05,B,Member,E-wallet,290.48
2024-11-05,B,Member,Cash,389.91
2024-08-17,A,Member,Cash,226.43
2024-04-16,B,Member,Cash,60.23
2025-01-24,B,Normal,Credit Card,418.97
2024-12-07,B,Normal,Credit Card,493.89
2024-03-03,A,Member,Credit Card,248.63
2024-12-04,A,Normal,Cash,249.64
2024-10-29,B,Normal,E-wallet,373.72
2024-05-27,B,Normal,Cash,389.94
2024-10-12,B,Normal,E-wallet,285.55
2024-03-12,A,Normal,Credit Card,265.12
2024-07-21,A,Normal,Cash,414.14
2024-05-28,A,Member,Cash,384.97
2024-05-31,A,Normal,E-wallet,315.35
2024-09-30,B,Normal,E-wallet,401.28
2024-09-14,A,Member,E-wallet,258.56
2024-04-29,B,Member,Credit Card,240.08
2024-09-11,A,Normal,Credit Card,173.96
2024-07-11,A,Normal,Credit Card,340.13
2024-08-18,B,Normal,E-wallet,237.33
2024-12-12,B,Member,Cash,416.47
2024-09-21,A,Member,Cash,204.27
2024-03-02,B,Normal,Credit Card,103.37
2024-09-06,A,Normal,E-wallet,455.89
2024-08-15,B,Member,Cash,404.52
2024-03-12,B,Normal,Cash,72.61
2024-11-30,A,Member,Cash,248.87
2024-12-24,B,Member,E-wallet,429.2
2024-08-04,B,Normal,E-wallet,283.03
2025-01-03,B,Normal,E-wallet,357.06
2024-07-26,A,Member,Credit Card,208.36
2025-01-01,B,Normal,E-wallet,226.58
2024-02-24,B,Normal,Cash,79.62
2024-08-20,B,Member,Credit Card,136.51
2024-08-05,B,Normal,E-wallet,19.06
2024-07-06,B,Normal,Cash,478.76
2024-07-04,B,Member,Cash,255.76
2024-05-21,A,Normal,E-wallet,180.03
2024-05-11,B,Member,Cash,361.4
2024-05-26,A,Normal,E-wallet,286.29
2024-11-29,B,Normal,Cash,172.86
2024-08-08,B,Member,Cash,444.38
2025-02-04,A,Member,Cash,367.59
2025-01-29,B,Normal,Credit Card,259.48
2024-03-16,B,Normal,Cash,136.2
2024-10-24,A,Normal,Credit Card,325.48
2024-08-14,B,Member,Cash,28.46
2024-10-06,A,Normal,Credit Card,491.64
2024-09-18,A,Normal,Cash,147.89
2024-06-02,B,Member,Cash,417.85
2024-05-22,B,Normal,Cash,102.15
2025-01-22,A,Member,E-wallet,434.65
2024-08-12,A,Member,E-wallet,83.33
2024-09-30,B,Normal,E-wallet,186.29
2025-01-24,B,Member,E-wallet,415.67
2024-12-29,B,Member,Cash,360.6
2024-08-29,A,Normal,E-wallet,119.22
2024-10-14,A,Normal,Cash,264.57
2024-10-15,A,Member,E-wallet,126.04
2024-10-22,B,Normal,E-wallet,59.59
2024-11-01,B,Member,Credit Card,486.47
2024-12-15,B,Normal,Credit Card,25.37
2024-06-02,A,Member,Credit Card,348.65
2024-02-24,A,Normal,Credit Card,195.12
2024-02-20,B,Normal,Cash,316.63
2024-07-16,B,Normal,Cash,127.09
2024-03-02,A,Member,E-wallet,417.82
2024-12-15,A,Normal,Cash,415.02
2024-12-01,B,Normal,Cash,41.55
2024-02-15,A,Normal,Cash,333.6
2024-10-24,B,Normal,E-wallet,421.15
2025-01-09,B,Member,Credit Card,69.83
2024-08-23,A,Normal,Credit Card,457.86
2024-12-24,B,Normal,Cash,495.74
2024-11-10,A,Member,E-wallet,152.05
2024-11-11,A,Normal,Cash,133.73
2024-10-26,A,Member,Cash,110.81
2024-07-25,A,Normal,Credit Card,172.16
2024-06-16,A,Member,E-wallet,33.12
2024-11-29,A,Normal,Cash,106.75
2024-10-23,A,Member,Credit Card,49.7
2024-07-30,B,Member,E-wallet,292.33
2024-06-07,B,Member,Credit Card,235.96
2025-01-02,B,Normal,Credit Card,409.64
2024-09-10,A,Member,Credit Card,490.58
2024-12-08,A,Member,Cash,285.88
2025-02-04,B,Normal,Cash,431.82
2024-09-09,A,Normal,E-wallet,93.82
2024-02-20,A,Member,E-wallet,203.7
2024-07-04,A,Normal,Cash,236.56
2025-01-27,A,Member,E-wallet,67.42
2024-12-01,A,Normal,Credit Card,274.78
2024-09-26,B,Normal,E-wallet,133.33
2024-06-16,A,Member,Cash,76.56
2024-03-07,B,Member,Cash,361.49
2025-02-05,B,Member,Cash,229.53
2024-08-16,A,Member,Cash,457.85
2024-06-22,B,Member,Credit Card,68.85
2025-01-22,B,Normal,Cash,492.57
2024-04-10,B,Member,Cash,182.0
2024-10-05,A,Normal,Cash,150.77
2024-03-28,A,Normal,Cash,155.31
2024-05-11,A,Member,Credit Card,229.52
2024-06-16,B,Member,Credit Card,123.47
2024-11-16,A,Normal,Cash,24.75
2024-04-30,B,Member,Cash,374.39
2024-12-29,A,Member,E-wallet,381.46
2024-03-18,A,Member,Cash,264.67
2024-08-15,B,Member,E-wallet,260.61
2025-02-10,A,Member,Cash,123.17
2024-04-30,A,Member,E-wallet,69.17
2025-01-24,B,Normal,E-wallet,272.09
2025-01-04,A,Normal,E-wallet,137.46
2024-05-06,B,Normal,Credit Card,485.43
2024-09-26,A,Normal,E-wallet,219.08
2024-07-14,B,Normal,Cash,259.33
2024-07-07,A,Normal,Cash,108.2
2025-01-02,A,Member,E-wallet,311.8
2024-03-29,A,Normal,E-wallet,420.63
2024-07-07,A,Member,Credit Card,348.37
2024-11-01,B,Normal,E-wallet,44.6
2024-07-20,A,Member,E-wallet,114.45
2025-01-01,B,Member,Credit Card,91.13
2024-12-08,B,Normal,Cash,330.36
2024-10-16,A,Normal,Credit Card,376.77
2024-08-14,B,Normal,Cash,375.76
2024-05-27,B,Member,E-wallet,380.45
2024-09-18,A,Member,Credit Card,370.25
2024-11-08,B,Normal,Credit Card,375.26
2024-12-08,A,Normal,Cash,453.57
2024-08-18,B,Member,Cash,494.19
2024-09-27,B,Normal,Cash,237.72
2024-04-07,A,Normal,Credit Card,487.11
2024-09-10,A,Normal,Cash,148.63
2024-03-20,B,Normal,E-wallet,158.02
2025-01-27,A,Normal,Cash,387.18
2024-06-10,B,Normal,E-wallet,461.3
2024-08-25,A,Normal,Cash,124.01
2024-04-24,B,Member,Cash,21.26
2024-11-21,A,Normal,E-wallet,391.38
2024-03-08,B,Normal,Cash,145.96
2024-06-08,A,Normal,E-wallet,334.21
2024-05-29,A,Normal,E-wallet,93.5
2024-05-04,B,Normal,Credit Card,95.09
2025-01-09,A,Normal,Credit Card,244.12
2024-04-11,B,Normal,Cash,93.61
2024-12-03,A,Member,Cash,85.89
2024-02-13,A,Normal,E-wallet,72.88
2025-01-16,A,Normal,E-wallet,486.49
2024-05-17,B,Normal,E-wallet,150.74
2024-07-29,B,Normal,Credit Card,368.82
2024-09-29,A,Member,Credit Card,305.72
2024-04-20,B,Member,Cash,404.65
2024-09-07,A,Member,Cash,293.96
2024-03-09,A,Normal,Cash,373.59
2024-12-16,B,Normal,E-wallet,203.82
2024-06-14,B,Member,Credit Card,167.76
2024-09-16,A,Normal,E-wallet,322.81
2024-12-09,B,Member,Cash,15.43
2024-11-19,A,Member,E-wallet,197.03
2024-05-08,B,Normal,Credit Card,367.61
2024-11-26,B,Member,Credit Card,479.07
2024-02-18,B,Normal,Cash,410.06
2024-05-02,B,Member,E-wallet,256.06
2024-07-04,B,Member,Cash,258.16
2024-11-28,A,Member,E-wallet,380.54
2025-02-07,A,Member,E-wallet,235.22
2024-03-27,A,Member,Credit Card,79.68
2024-11-13,A,Member,Credit Card,74.31
2024-05-29,B,Member,Credit Card,248.9
2024-12-13,B,Member,E-wallet,316.45
2024-10-04,B,Normal,Cash,182.39
2024-08-26,A,Member,Credit Card,97.93
2024-11-13,A,Normal,E-wallet,89.56
2024-02-25,B,Normal,E-wallet,141.83
2024-06-10,A,Normal,Credit Card,401.69
2024-02-22,B,Member,Cash,86.94
2024-07-30,B,Normal,Cash,319.53
2024-11-14,A,Member,Credit Card,338.83
2024-02-18,B,Member,E-wallet,227.87
2024-11-07,A,Member,Cash,66.82
2024-08-09,B,Normal,Cash,356.91
2024-03-23,A,Member,Credit Card,79.37
2024-09-26,A,Member,Credit Card,281.93
2024-08-22,A,Member,E-wallet,431.14
2024-06-30,A,Member,E-wallet,123.6
2024-04-06,A,Normal,Cash,404.02
2024-04-06,B,Member,Cash,453.4
2024-04-01,A,Member,Cash,175.64
2025-01-02,A,Normal,E-wallet,210.34
2025-01-28,A,Normal,Cash,70.58
2024-04-14,A,Member,Cash,108.35
2024-08-05,B,Member,Cash,204.82
2024-11-21,B,Member,Credit Card,461.13
2024-04-24,A,Member,Credit Card,142.45
2024-12-09,A,Member,Credit Card,87.51
2024-07-31,B,Normal,Credit Card,268.42
2024-06-20,B,Member,E-wallet,177.2
2024-08-05,A,Member,Cash,83.38
2024-05-19,B,Normal,Cash,281.02
2024-07-13,B,Member,E-wallet,200.27
2024-03-06,B,Normal,Credit Card,341.73
2024-11-18,B,Member,Credit Card,390.62
2024-05-24,B,Member,Cash,330.04
2024-09-21,B,Member,E-wallet,223.24
2024-06-20,A,Normal,Cash,438.48
2024-09-11,A,Normal,Cash,311.58
2024-03-24,A,Normal,E-wallet,190.91
2024-11-20,A,Member,Cash,353.75
2024-07-13,A,Normal,Credit Card,169.81
2024-07-20,A,Member,E-wallet,350.77
2024-03-07,B,Member,Credit Card,170.13
2024-12-02,B,Normal,E-wallet,177.01
2024-03-25,A,Normal,Cash,87.53
2024-04-23,B,Member,Cash,168.69
2024-10-13,B,Member,Cash,422.29
2024-11-17,B,Member,Credit Card,114.67
2024-02-14,A,Member,Cash,411.9
2024-06-07,A,Member,Cash,128.03
2024-07-15,A,Member,Credit Card,97.15
2024-04-10,A,Normal,E-wallet,78.6
2024-08-31,A,Normal,Credit Card,148.26
2024-12-12,A,Normal,Credit Card,433.41
2024-08-17,B,Member,E-wallet,58.33
2025-01-25,B,Member,Cash,491.09
2024-05-10,A,Normal,Cash,73.98
2024-12-06,B,Normal,Cash,308.77
2024-08-16,B,Normal,E-wallet,328.79
2024-03-08,B,Member,E-wallet,410.29
2024-04-02,B,Member,E-wallet,429.09
2024-02-19,B,Normal,E-wallet,227.35
2024-08-03,B,Normal,Credit Card,280.42
2024-03-21,B,Normal,E-wallet,409.22
2024-07-06,A,Normal,Cash,92.82
2024-10-25,B,Member,Cash,372.85
2024-07-20,A,Member,Cash,339.6
2024-11-05,B,Member,Credit Card,466.83
2024-04-07,A,Normal,Cash,18.58
2025-01-17,A,Member,Credit Card,208.49
2024-10-27,A,Member,Cash,120.91
2024-03-27,B,Member,Credit Card,369.06
2024-07-23,B,Normal,E-wallet,189.96
2025-02-11,A,Member,E-wallet,297.53
2024-08-28,A,Member,Credit Card,76.75
2024-05-28,A,Member,Credit Card,226.97
2024-04-12,A,Normal,Credit Card,346.4
2024-12-24,A,Normal,E-wallet,372.51
2024-11-10,B,Member,E-wallet,244.46
2024-10-17,A,Member,E-wallet,462.09
2024-07-17,A,Member,Credit Card,373.9
2024-06-07,B,Member,Cash,326.7
2024-09-09,A,Member,Cash,326.57
2024-04-03,A,Member,Cash,188.29
2024-04-01,B,Normal,Credit Card,319.59
2024-05-05,A,Normal,Cash,15.14
2024-04-30,A,Normal,E-wallet,258.45
2025-01-22,A,Normal,Credit Card,401.96
2024-10-30,B,Member,E-wallet,204.82
2024-10-22,B,Normal,E-wallet,162.18
2025-01-17,A,Member,E-wallet,412.74
2024-07-03,B,Member,Cash,350.16
2025-02-05,B,Normal,E-wallet,275.8
2024-05-15,B,Member,Cash,488.6
2024-11-26,A,Member,Cash,125.36
2024-10-01,A,Member,E-wallet,96.09
2025-01-12,A,Normal,E-wallet,63.91
2024-07-30,B,Normal,E-wallet,87.53
2024-05-06,A,Normal,E-wallet,65.54
2024-04-14,B,Member,Credit Card,445.41
2024-04-04,A,Member,E-wallet,34.59
2024-07-25,B,Member,E-wallet,220.69
2024-08-30,B,Member,Credit Card,69.55
2024-12-16,B,Member,Credit Card,189.42
2024-08-02,A,Normal,E-wallet,69.07
2024-07-18,B,Normal,E-wallet,175.81
2024-07-25,A,Member,Cash,51.71
2024-09-26,B,Member,Credit Card,22.64
2024-09-16,B,Normal,E-wallet,377.47
2025-01-15,A,Member,Credit Card,197.51
2024-12-08,B,Normal,Credit Card,65.78
2024-09-15,A,Member,E-wallet,79.91
2024-03-18,A,Normal,Cash,461.1
2024-11-10,A,Normal,Cash,303.83
2024-11-02,B,Member,E-wallet,14.1
2024-03-22,A,Member,Cash,240.98
2024-08-21,A,Member,E-wallet,332.92
2024-11-17,A,Member,Credit Card,325.7
2024-05-04,B,Normal,Credit Card,214.05
2024-06-15,A,Member,Credit Card,428.75
2024-09-10,A,Member,Credit Card,207.78
2024-05-05,B,Member,Cash,157.13
2024-04-16,B,Member,E-wallet,21.14
2024-07-31,A,Normal,Credit Card,45.88
2024-12-28,B,Normal,Credit Card,245.28
2025-01-13,A,Member,Credit Card,328.41
2024-06-22,B,Normal,E-wallet,19.62
2024-07-01,B,Member,Cash,422.64
2024-04-25,A,Normal,Cash,391.99
2024-10-19,A,Normal,E-wallet,401.52
2024-04-09,B,Normal,E-wallet,198.63
2025-02-09,A,Normal,Credit Card,343.66
2024-08-09,A,Normal,Credit Card,245.37
2024-03-28,B,Normal,Credit Card,22.71
2024-04-04,A,Member,Credit Card,274.25
2024-06-05,A,Member,E-wallet,497.17
2025-01-03,B,Member,Cash,153.93
2024-07-21,A,Member,Credit Card,150.46
2024-12-07,A,Member,Cash,498.45
2024-06-20,B,Normal,Cash,185.43
2025-01-06,A,Normal,E-wallet,190.19
2024-07-15,B,Member,Cash,461.91
2024-05-06,A,Normal,Credit Card,203.63
2024-12-29,B,Member,E-wallet,23.87
2024-05-01,B,Normal,Credit Card,356.42
2024-04-20,A,Member,E-wallet,432.29
2024-07-20,B,Normal,E-wallet,286.47
2024-02-18,A,Normal,E-wallet,31.31
2024-07-25,A,Member,E-wallet,345.4
2024-05-09,A,Normal,Cash,203.12
2024-12-29,A,Member,Credit Card,465.89
2025-01-16,B,Normal,Cash,72.94
2024-02-13,A,Normal,Credit Card,288.28
2024-09-14,B,Member,Cash,204.48
2024-08-01,B,Member,E-wallet,131.82
2024-09-25,A,Normal,Credit Card,408.59
2024-11-30,B,Member,E-wallet,254.27
2024-09-25,B,Member,Credit Card,171.24
2024-12-01,A,Normal,E-wallet,45.24
2024-02-15,B,Normal,Cash,438.52
2024-03-05,B,Member,E-wallet,450.71
2024-12-21,B,Member,Cash,467.33
2024-05-29,B,Member,Credit Card,384.55
2024-09-14,B,Normal,E-wallet,171.85
2024-07-12,B,Member,Cash,418.4
2025-01-20,B,Member,Cash,436.31
2024-10-10,B,Member,Credit Card,285.46
2024-06-09,B,Member,E-wallet,200.77
2024-09-14,B,Normal,Credit Card,308.72
2024-10-14,A,Normal,E-wallet,417.48
2024-08-27,B,Normal,Credit Card,60.85
2024-10-01,A,Member,Cash,184.1
2024-06-18,A,Normal,E-wallet,33.63
2024-07-21,A,Normal,E-wallet,281.7
2024-06-04,A,Normal,Credit Card,253.8
2024-11-14,B,Member,Cash,196.54
2024-05-22,A,Normal,E-wallet,493.15
2024-12-29,A,Member,Cash,211.41
2024-05-03,B,Member,Credit Card,132.93
2025-01-11,A,Normal,Cash,285.17
2024-11-19,B,Member,E-wallet,256.95
2024-07-01,B,Member,Cash,175.96
2024-03-17,A,Normal,Cash,54.44
2024-09-24,A,Member,Cash,211.23
2025-01-07,A,Member,E-wallet,439.84
2024-12-13,A,Normal,Credit Card,222.54
2024-02-22,A,Member,Cash,73.29
2025-01-10,B,Normal,Cash,252.32
2024-02-23,A,Normal,Cash,54.99
2024-08-23,A,Normal,E-wallet,260.68
2024-10-08,B,Normal,E-wallet,423.63
2024-09-28,A,Member,E-wallet,41.93
2024-03-14,B,Normal,Credit Card,458.51
2024-04-16,B,Member,Credit Card,372.28
2024-06-30,B,Normal,Credit Card,35.26
2024-04-07,A,Member,E-wallet,253.22
2024-05-07,B,Normal,Cash,188.49
2024-12-07,B,Normal,E-wallet,267.18
2024-07-12,B,Member,E-wallet,381.29
2024-11-01,B,Normal,E-wallet,207.65
2025-01-30,A,Normal,E-wallet,200.64
2025-01-11,B,Member,Credit Card,269.11
2024-04-07,A,Member,Cash,123.8
2024-11-05,A,Normal,E-wallet,313.43
2024-09-09,A,Member,Cash,479.37
2024-05-27,B,Normal,Cash,287.32
2024-02-21,A,Member,Credit Card,294.48
2025-02-10,A,Member,Credit Card,306.77
2024-12-28,A,Normal,Credit Card,74.84
2024-10-25,B,Member,Credit Card,79.57
2024-12-16,A,Member,Cash,22.48
2024-05-31,A,Member,Credit Card,62.72
2024-07-11,A,Member,Credit Card,490.6
2024-04-19,B,Member,E-wallet,126.76
2024-08-11,A,Normal,Credit Card,77.01
2024-10-14,B,Normal,Credit Card,285.85
2024-04-12,B,Normal,Credit Card,25.8
2024-07-31,B,Member,Credit Card,104.82
2024-05-24,B,Member,Cash,436.65
2025-01-07,A,Member,Cash,186.31
2025-01-28,A,Member,E-wallet,237.89
2024-10-14,A,Member,E-wallet,283.49
2024-06-19,B,Normal,E-wallet,165.83
2024-08-15,B,Member,E-wallet,74.55
2024-05-02,B,Member,E-wallet,114.85
2025-02-02,B,Normal,Cash,15.35
2025-01-07,A,Member,E-wallet,129.9
2025-01-17,B,Normal,Cash,183.41
2024-04-01,A,Member,E-wallet,191.37
2025-01-30,A,Member,Credit Card,295.19
2024-08-22,B,Member,E-wallet,226.54
2024-06-30,B,Member,E-wallet,280.62
2024-07-29,A,Normal,Cash,258.17
2024-10-22,A,Normal,E-wallet,357.27
2024-07-12,B,Member,Credit Card,133.71
2024-09-18,A,Normal,Credit Card,398.84
2024-08-10,B,Member,Credit Card,400.58
2025-01-17,A,Member,Cash,485.22
2024-09-09,B,Member,E-wallet,74.44
2024-08-28,A,Member,E-wallet,278.91
2024-08-23,B,Member,Credit Card,428.22
2024-08-07,B,Member,Credit Card,283.48
2024-08-04,A,Member,Credit Card,364.44
2024-08-05,A,Member,E-wallet,279.62
2024-12-17,A,Normal,Cash,63.35
2024-05-16,B,Normal,E-wallet,435.73
2024-06-19,B,Member,E-wallet,395.59
2024-03-29,B,Member,Cash,38.4
2024-08-06,A,Member,Credit Card,262.82
2024-04-08,B,Normal,E-wallet,268.71
2024-06-08,B,Normal,Cash,151.54
2024-08-17,A,Normal,Credit Card,406.84
2024-07-20,B,Member,Credit Card,111.57
2024-04-17,A,Member,Credit Card,180.93
2024-05-13,B,Normal,Cash,285.89
2024-08-25,A,Normal,Credit Card,484.92
2024-07-07,B,Normal,E-wallet,308.1
2025-01-06,A,Normal,E-wallet,293.81
2024-08-21,B,Normal,Cash,216.87
2024-06-14,B,Normal,Credit Card,415.78
2025-01-09,A,Member,Credit Card,265.62
2024-03-17,B,Member,Cash,457.78
2024-05-07,A,Member,Cash,174.77
2024-04-12,A,Member,E-wallet,170.9
2024-07-27,B,Member,Cash,53.49
2024-09-03,B,Member,E-wallet,470.4
2024-09-19,B,Member,Cash,163.4
2024-05-18,B,Normal,Cash,70.6
2024-11-18,B,Normal,Cash,466.58
2024-10-02,A,Normal,Credit Card,457.58
2024-04-28,A,Member,Credit Card,445.96
2024-11-18,B,Member,Credit Card,196.42
2024-04-25,A,Normal,Cash,358.86
2024-04-30,B,Member,Credit Card,376.48
2024-09-17,A,Normal,Credit Card,307.96
2024-10-21,B,Normal,E-wallet,93.05
2024-12-30,B,Normal,Cash,23.5
2024-07-08,B,Member,Cash,147.95
2024-09-18,A,Member,Cash,203.14
2024-04-17,A,Normal,E-wallet,444.63
2024-07-17,A,Member,Credit Card,315.45
2024-05-08,B,Normal,Cash,63.98
2024-07-08,B,Normal,E-wallet,51.26
2024-08-05,B,Member,Cash,193.35
2024-03-09,B,Normal,Credit Card,120.42
2024-07-02,A,Member,Cash,159.39
2024-12-29,A,Normal,Cash,368.92
2024-03-20,A,Normal,E-wallet,193.47
2024-08-01,A,Normal,Credit Card,353.7
2024-10-12,A,Member,E-wallet,95.89
2024-03-10,A,Normal,E-wallet,57.99
2024-03-20,A,Member,Cash,150.62
2024-12-30,A,Member,E-wallet,228.44
2024-07-06,B,Normal,Credit Card,227.71
2024-07-26,A,Normal,E-wallet,86.15
2024-11-19,A,Member,Cash,152.02
2024-08-10,A,Member,Cash,382.18
2024-08-27,A,Normal,E-wallet,463.39
2024-05-28,A,Normal,E-wallet,397.25
2024-06-08,A,Member,Credit Card,195.54
2024-05-02,A,Member,Credit Card,275.0
2024-02-18,B,Normal,Credit Card,461.69
2024-07-06,A,Member,Credit Card,338.52
2025-01-31,B,Member,Cash,275.27
2025-01-12,A,Normal,Credit Card,490.82
2024-06-19,B,Normal,E-wallet,328.74
2025-02-10,B,Member,E-wallet,462.29
2024-12-03,A,Member,E-wallet,186.06
2024-02-29,B,Normal,E-wallet,59.5
2024-10-12,A,Member,E-wallet,495.06
2024-04-29,B,Member,Cash,23.61
2024-06-24,B,Normal,Cash,128.89
2024-05-09,B,Member,E-wallet,325.52
2024-09-27,A,Member,Cash,258.06
2024-07-26,A,Member,Credit Card,343.29
2024-03-12,A,Normal,E-wallet,311.69
2024-02-22,B,Normal,E-wallet,234.99
2024-02-21,B,Normal,Cash,149.62
2025-02-10,A,Member,Credit Card,397.98
2025-01-02,B,Member,Cash,162.36
2024-07-05,B,Member,E-wallet,20.45
2025-02-05,A,Member,Credit Card,386.18
2024-11-15,B,Normal,Credit Card,377.9
2024-04-05,A,Normal,Cash,407.44
2024-09-14,A,Normal,Credit Card,364.09
2024-02-16,A,Normal,E-wallet,210.97
2025-01-13,B,Member,Cash,307.67
2025-01-12,B,Member,E-wallet,364.37
2024-07-09,A,Normal,Cash,394.55
2024-02-27,B,Member,E-wallet,492.58
2024-10-18,B,Member,E-wallet,238.76
2024-11-07,B,Member,Cash,192.62
2024-07-16,A,Normal,Credit Card,338.47
2024-03-23,A,Normal,Cash,202.99
2024-12-10,A,Member,Cash,468.45
2024-07-22,A,Member,Credit Card,130.48
2024-02-26,B,Normal,Cash,236.61
2024-08-19,B,Normal,E-wallet,273.82
2024-04-04,A,Normal,Cash,434.18
2024-03-06,A,Normal,E-wallet,102.08
2024-02-22,B,Normal,Cash,478.29
2024-12-04,A,Member,E-wallet,212.84
2024-09-26,A,Normal,E-wallet,129.13
2024-08-03,B,Normal,Credit Card,307.51
2024-11-26,A,Member,E-wallet,371.86
2024-12-24,A,Normal,Cash,218.33
2024-12-31,B,Member,Cash,149.43
2025-01-18,A,Normal,Cash,17.64
2024-09-14,A,Normal,Cash,210.32
2024-09-19,B,Normal,Credit Card,129.84
2024-08-26,B,Member,Cash,477.07
2024-12-31,A,Member,Credit Card,347.65
2024-07-28,A,Normal,Cash,42.5
2024-03-30,A,Normal,Credit Card,217.97
2024-12-17,A,Member,Cash,38.6
2024-12-21,B,Normal,E-wallet,130.92
2024-02-23,B,Member,Credit Card,13.68
2024-08-14,B,Member,E-wallet,148.54
2024-03-12,B,Normal,Cash,224.07
2024-11-24,B,Normal,Credit Card,162.1
2024-12-16,A,Member,Credit Card,165.15
2025-01-23,A,Member,E-wallet,263.08
2024-09-17,B,Normal,Credit Card,213.1
2024-03-03,A,Member,Credit Card,74.67
2024-04-09,B,Member,Cash,283.27
2024-05-16,A,Normal,E-wallet,287.81
2024-03-25,A,Member,E-wallet,113.5
2024-10-24,A,Normal,E-wallet,153.16
2024-08-01,B,Member,Cash,380.96
2024-04-06,A,Member,Credit Card,484.15
2024-10-12,B,Normal,E-wallet,341.37
2024-10-31,B,Normal,Credit Card,406.91
2024-06-27,B,Normal,Cash,379.22
2024-09-04,A,Member,Cash,11.15
2024-08-19,B,Member,Credit Card,277.59
2025-01-01,B,Member,Cash,436.18
2024-09-25,A,Member,E-wallet,172.83
2025-01-09,A,Member,Cash,202.85
2024-06-08,B,Member,Cash,184.35
2024-10-26,A,Member,Credit Card,254.75
2024-05-08,A,Member,Cash,55.14
2025-02-10,A,Normal,E-wallet,435.2
2024-04-29,B,Normal,Credit Card,425.3
2024-07-05,B,Member,Cash,409.01
2024-10-07,A,Member,Cash,323.87
2024-08-21,B,Member,Credit Card,215.76
2024-09-12,B,Member,E-wallet,482.56
2024-10-08,B,Normal,E-wallet,429.51
2024-10-19,B,Normal,Cash,87.33
2024-08-23,A,Member,Cash,279.16
2024-10-17,A,Member,Cash,40.82
2024-08-08,A,Normal,Credit Card,66.5
2024-08-02,B,Normal,E-wallet,199.42
2024-05-04,B,Member,E-wallet,319.78
2024-08-05,B,Normal,E-wallet,356.74
2024-09-11,A,Normal,E-wallet,186.0
2024-05-09,A,Normal,E-wallet,498.43
2025-01-30,A,Normal,Cash,413.36
2024-08-13,B,Member,Cash,355.16
2025-01-10,B,Normal,Cash,382.64
2024-11-13,B,Member,Cash,374.93
2024-05-13,B,Normal,Cash,338.7
2024-08-27,A,Member,Credit Card,202.92
2024-05-29,A,Member,Credit Card,207.28
2024-09-21,A,Normal,E-wallet,268.47
2024-04-06,A,Member,E-wallet,180.6
2024-08-06,B,Normal,Credit Card,469.6
2024-03-11,A,Normal,Cash,234.88
2024-03-10,A,Normal,E-wallet,17.19
2024-05-05,B,Normal,Credit Card,356.84
2024-07-28,B,Member,Credit Card,112.05
2024-05-15,B,Normal,E-wallet,142.0
2025-02-11,B,Normal,Cash,194.44
2024-10-17,A,Normal,Cash,199.12
2024-10-18,B,Member,Cash,349.6
2025-01-01,B,Member,Credit Card,470.71
2024-08-13,B,Member,E-wallet,59.72
2024-04-04,B,Normal,Cash,358.68
2024-03-30,B,Member,Cash,31.32
2024-07-24,B,Normal,Credit Card,191.89
2024-09-26,A,Member,Cash,272.82
2025-02-07,A,Member,Cash,421.2
2024-10-12,B,Member,Credit Card,60.46
2024-10-08,B,Member,E-wallet,379.72
2024-09-18,A,Normal,E-wallet,53.73
2024-03-10,A,Member,Credit Card,190.65
2024-07-19,A,Normal,Credit Card,14.66
2024-08-24,B,Normal,Credit Card,107.5
2024-05-17,A,Normal,E-wallet,437.13
2024-04-23,B,Normal,Credit Card,185.11
2024-02-22,B,Member,E-wallet,492.15
2024-07-22,B,Member,E-wallet,400.31
2024-05-13,B,Normal,Cash,378.26
2024-06-16,A,Normal,Credit Card,219.89
2024-02-21,A,Member,E-wallet,289.93
2024-08-02,A,Normal,Cash,424.69
2025-01-28,A,Member,E-wallet,446.37
2024-05-09,B,Normal,Cash,391.83
2024-03-25,A,Member,E-wallet,204.72
2024-10-30,A,Normal,E-wallet,258.74
2024-05-12,B,Normal,E-wallet,478.44
2024-06-14,A,Normal,Credit Card,115.18
2024-07-11,A,Member,E-wallet,363.49
2024-06-11,A,Normal,Cash,45.16
2024-10-09,B,Member,E-wallet,191.99
2024-11-15,A,Member,Credit Card,144.57
2024-12-09,A,Member,E-wallet,226.18
2024-09-29,B,Normal,Cash,121.19
2024-09-29,B,Normal,Cash,406.31
2024-11-07,A,Member,E-wallet,359.85
2025-01-30,B,Normal,E-wallet,21.86
2024-06-07,A,Member,E-wallet,124.95
2024-02-21,B,Normal,Cash,381.6
2024-09-06,A,Member,E-wallet,133.58
2025-01-03,B,Member,Cash,238.11
2024-11-29,A,Normal,Credit Card,428.84
2024-10-12,B,Normal,Cash,77.41
2024-07-04,A,Member,E-wallet,286.67
2024-06-27,B,Normal,E-wallet,375.28
2024-10-16,B,Member,Cash,58.84
2024-04-15,B,Normal,Cash,280.85
2024-03-23,A,Normal,Credit Card,36.09
2024-09-30,A,Normal,Cash,167.67
2025-02-08,B,Normal,Cash,260.02
2024-04-01,B,Member,Credit Card,183.55
2024-07-31,A,Normal,Cash,450.55
2024-12-23,B,Normal,Credit Card,122.62
2024-07-25,A,Member,Cash,241.25
2024-05-06,B,Member,Cash,308.85
2024-09-08,B,Normal,E-wallet,161.0
2025-01-11,A,Normal,Credit Card,164.77
2024-12-18,B,Member,Credit Card,175.63
2024-06-05,B,Member,Cash,346.85
2024-09-26,A,Member,Credit Card,15.43
2025-02-10,A,Member,E-wallet,213.5
2024-06-18,A,Member,Credit Card,25.54
2025-01-17,B,Normal,E-wallet,185.02
2024-11-09,B,Member,E-wallet,389.86
2024-12-22,A,Normal,Credit Card,375.72
2024-06-28,B,Normal,E-wallet,168.46
2024-08-02,A,Member,Cash,361.55
2024-11-15,A,Member,Credit Card,251.34
2024-10-26,B,Normal,E-wallet,207.41
2024-09-06,A,Member,E-wallet,77.41
2024-10-27,A,Member,E-wallet,141.52
2025-02-05,A,Normal,E-wallet,86.56
2024-08-22,B,Member,Cash,144.3
2024-11-30,B,Member,Credit Card,435.88
2024-04-16,A,Normal,Credit Card,104.38
2024-11-15,B,Normal,Credit Card,400.88
2024-12-31,A,Member,E-wallet,477.63
2024-05-13,B,Member,E-wallet,423.19
2024-05-07,A,Member,Credit Card,467.09
2024-11-23,A,Member,Cash,291.7
2024-03-04,A,Normal,E-wallet,194.92
2025-01-31,B,Normal,E-wallet,31.96
2024-11-04,A,Normal,Credit Card,407.96
2024-04-05,A,Normal,E-wallet,368.57
2024-12-03,B,Member,E-wallet,195.75
2024-07-23,A,Normal,Cash,336.38
2024-08-06,A,Normal,Cash,335.09
2024-07-23,A,Normal,Cash,410.86
2024-12-29,A,Normal,E-wallet,302.4
2025-01-18,B,Normal,Cash,293.04
2024-08-01,B,Member,Cash,390.86
2024-06-10,B,Normal,Cash,250.92
2024-03-29,A,Normal,Cash,28.13
2024-06-28,A,Member,E-wallet,13.84
2024-03-19,A,Normal,Cash,220.0
2024-11-22,B,Member,Cash,365.17
2024-11-25,B,Normal,Credit Card,308.33
2024-08-21,B,Normal,Credit Card,279.08
2024-05-24,B,Member,Credit Card,193.42
2024-03-04,B,Normal,Cash,477.49
2024-12-28,B,Normal,E-wallet,157.49
2024-09-06,A,Member,E-wallet,12.32
2024-11-30,A,Member,Credit Card,115.98
2024-07-19,B,Normal,Credit Card,197.05
2024-07-09,B,Normal,Cash,36.13
2024-09-15,B,Member,E-wallet,494.3
2024-08-05,A,Normal,Credit Card,72.89
2024-12-26,A,Normal,E-wallet,248.69
2024-08-11,A,Normal,Cash,200.46
2024-06-13,B,Member,Cash,172.49
2024-12-24,B,Normal,Cash,349.29
2025-02-03,A,Member,Credit Card,427.87
2024-11-02,A,Normal,Credit Card,37.35
2024-12-11,B,Normal,Cash,169.25
2024-12-29,A,Normal,Cash,28.61
2024-10-10,A,Member,Cash,173.35
2024-04-09,B,Member,Credit Card,24.82
2024-05-13,A,Member,Cash,402.81
2024-03-13,B,Normal,E-wallet,25.94
2024-10-15,B,Member,Cash,372.38
2025-01-04,A,Normal,Cash,426.96
2024-10-04,A,Normal,E-wallet,254.26
2024-07-18,B,Normal,E-wallet,225.88
2025-01-02,B,Member,E-wallet,485.42
2025-01-04,A,Normal,Cash,220.13
2025-01-19,A,Normal,Cash,73.63
2024-03-26,B,Normal,Credit Card,468.2
2024-09-30,B,Member,E-wallet,204.29
2024-06-15,A,Normal,E-wallet,489.49
2024-03-05,B,Normal,Credit Card,47.3
2025-01-09,A,Normal,Credit Card,404.99
2024-03-28,B,Member,Credit Card,39.87
2024-10-21,B,Normal,E-wallet,277.2
2024-06-05,B,Member,Credit Card,451.67
2024-11-06,A,Normal,Cash,261.61
2024-02-23,A,Member,Cash,342.52
2024-10-12,B,Member,Cash,268.17
2024-03-27,B,Normal,Cash,119.0
2024-04-23,B,Normal,Cash,401.48
2024-11-27,B,Normal,Cash,38.29
2024-03-23,B,Normal,Cash,483.44
2024-08-25,A,Member,Credit Card,405.54
2024-12-21,B,Normal,E-wallet,97.6
2024-06-18,B,Normal,Cash,324.07
2024-04-29,A,Normal,E-wallet,144.85
2024-03-08,A,Member,Cash,316.65
2025-02-10,B,Normal,E-wallet,231.5
2024-12-29,A,Member,Credit Card,292.73
2024-10-13,A,Member,Credit Card,18.96
2024-11-21,A,Normal,Cash,100.07
2024-11-08,B,Member,E-wallet,155.15
2024-11-11,B,Normal,E-wallet,42.79
2024-08-25,A,Normal,E-wallet,44.93
2024-10-14,A,Normal,E-wallet,274.92
2024-08-21,A,Normal,Credit Card,257.52
2024-09-10,A,Normal,E-wallet,154.48
2024-04-26,B,Member,E-wallet,486.78
2024-10-19,A,Normal,Credit Card,192.08
2025-01-11,A,Member,E-wallet,109.34
2024-11-28,B,Normal,Credit Card,348.78
2024-10-15,B,Normal,Credit Card,337.09
2024-09-08,B,Normal,Cash,267.31
2024-06-05,B,Normal,E-wallet,133.11
2024-08-25,A,Normal,Cash,187.11
2024-09-26,B,Normal,Cash,50.57
2024-04-14,A,Normal,Credit Card,167.72
2024-08-13,B,Member,Cash,49.65
2024-11-18,A,Member,Credit Card,381.95
2024-09-22,A,Member,Credit Card,167.53
2025-01-26,B,Normal,E-wallet,182.38
2024-06-16,B,Normal,Cash,144.71
2024-12-06,A,Member,Cash,366.29
2024-03-07,A,Member,Credit Card,31.08
2024-12-20,B,Normal,E-wallet,272.62
2025-01-05,B,Normal,Credit Card,323.55
2024-10-31,B,Member,Cash,369.52
2024-11-17,A,Normal,Cash,135.3
2024-08-21,A,Normal,E-wallet,284.09
2024-09-11,A,Normal,Credit Card,10.55
2024-11-10,B,Member,Credit Card,321.26
2024-07-19,B,Member,E-wallet,82.39
2024-04-03,B,Member,Credit Card,467.29
2024-11-07,A,Normal,Credit Card,66.93
2024-12-11,B,Member,Credit Card,452.9
2024-02-24,B,Member,Cash,381.46
2024-07-18,B,Member,E-wallet,468.73
2024-07-26,B,Member,Cash,143.6
2024-05-03,B,Member,Cash,435.3
2024-05-30,B,Normal,E-wallet,357.94
2024-02-17,A,Normal,E-wallet,461.11
2024-12-21,B,Member,E-wallet,291.29
2024-10-05,A,Normal,Cash,276.72
2024-06-09,B,Normal,Cash,388.51
2024-11-26,A,Normal,Cash,403.84
2024-03-19,A,Normal,Cash,129.55
2024-09-09,B,Member,E-wallet,136.51
2024-05-15,A,Normal,Credit Card,73.6
2024-08-28,A,Normal,Cash,24.93
2025-01-21,A,Normal,Credit Card,145.57
2025-02-01,A,Member,Cash,387.5
2024-07-27,A,Member,Credit Card,382.59
2024-06-15,A,Normal,E-wallet,114.86
2024-08-17,B,Normal,Cash,88.63
2024-09-29,A,Member,E-wallet,292.29
2024-03-30,A,Member,E-wallet,30.45
2024-03-01,B,Member,Cash,344.25
2024-12-30,B,Normal,Credit Card,145.76
2025-01-19,B,Member,Cash,26.39
2024-07-09,A,Normal,E-wallet,396.74
2024-12-04,B,Member,Credit Card,64.69
2024-12-09,A,Member,Credit Card,143.76
2024-05-15,A,Normal,E-wallet,414.71
2024-08-29,A,Member,Credit Card,239.36
2024-05-28,B,Member,Credit Card,455.47
2024-10-09,A,Member,E-wallet,412.3
2024-05-19,B,Member,Credit Card,243.51
2024-06-10,A,Normal,Cash,435.12
2024-08-19,B,Normal,Credit Card,351.4
2024-10-14,B,Normal,E-wallet,72.71
2024-04-28,B,Member,Cash,437.5
2024-07-01,A,Normal,Cash,38.79
2024-03-28,A,Normal,E-wallet,225.05
2024-09-01,B,Normal,Credit Card,197.63
2024-12-08,B,Normal,E-wallet,217.5
2024-06-02,B,Normal,Credit Card,197.52
2025-01-28,A,Normal,E-wallet,78.02
2024-09-22,A,Normal,E-wallet,487.53
2024-11-26,B,Member,E-wallet,142.3
2024-10-07,A,Normal,Credit Card,381.32
2024-10-24,B,Normal,Credit Card,167.88
2024-02-16,B,Member,E-wallet,35.75
2024-07-27,B,Normal,Cash,207.64
2024-04-27,B,Normal,E-wallet,156.18
2024-12-18,A,Normal,Cash,140.26
2024-12-31,A,Member,E-wallet,409.93
2024-04-15,B,Member,Cash,347.29
2024-10-31,B,Normal,Cash,46.0
2024-02-29,B,Member,Credit Card,394.97
2024-07-23,A,Normal,Credit Card,418.03
2024-03-16,A,Member,Credit Card,329.45
2024-12-11,A,Normal,E-wallet,418.47
2025-01-28,B,Normal,Cash,345.43
2025-01-20,B,Normal,Cash,147.97
2024-05-04,B,Normal,E-wallet,107.42
2024-09-02,B,Normal,Credit Card,455.41
2025-02-10,A,Member,Cash,49.72
2024-11-23,A,Normal,Credit Card,199.96
2024-03-01,B,Normal,Credit Card,350.49
2024-08-05,B,Member,E-wallet,396.09
2024-04-24,B,Normal,Credit Card,179.26
2024-12-08,A,Member,Cash,370.52
2024-08-23,A,Normal,Credit Card,192.11
2024-07-26,A,Normal,Credit Card,98.8
2024-09-26,A,Member,Cash,225.18
2024-03-13,A,Normal,E-wallet,176.0
2024-07-01,A,Normal,Credit Card,436.9
2024-02-28,A,Normal,Credit Card,145.95
2024-07-25,A,Normal,Cash,314.31
2024-11-17,B,Member,E-wallet,159.61
2025-01-14,A,Normal,Cash,363.32
2024-06-24,B,Member,E-wallet,32.26
2024-08-15,A,Member,Cash,236.76
2024-03-30,B,Normal,Credit Card,426.7
2025-01-19,B,Member,Cash,334.96
2024-05-16,B,Normal,Cash,262.68
2024-12-27,A,Normal,E-wallet,48.19
2024-07-15,B,Normal,Credit Card,212.99
2024-05-11,A,Member,E-wallet,110.93
2024-08-02,B,Member,Credit Card,176.3
2024-12-19,A,Member,E-wallet,75.5
2024-05-23,A,Normal,Cash,242.13
2024-10-27,A,Member,E-wallet,19.83
2024-02-20,A,Member,Cash,221.82
2025-01-25,A,Normal,E-wallet,260.56
2025-01-09,B,Normal,E-wallet,80.9
2024-10-25,A,Member,E-wallet,249.22
2024-09-23,A,Normal,Credit Card,221.26
2024-05-09,A,Member,Credit Card,143.98
2024-03-24,B,Normal,Cash,270.22
2024-08-31,B,Member,Cash,94.24
2024-04-04,A,Normal,Credit Card,118.21
2024-11-05,A,Normal,Credit Card,86.53
2024-02-13,B,Member,Credit Card,398.9
2024-03-26,B,Normal,Credit Card,344.62
2024-09-23,B,Normal,Credit Card,159.63
2024-08-30,A,Normal,E-wallet,476.0
2024-10-12,A,Normal,Cash,103.36
2024-04-27,B,Member,Cash,58.85
2024-08-02,A,Member,E-wallet,192.12
2024-07-22,A,Normal,Credit Card,493.19
2024-11-09,B,Member,Cash,212.39
2024-07-28,A,Member,Credit Card,273.68
2024-06-15,A,Member,Cash,221.01
2024-07-01,A,Member,E-wallet,352.57
2024-07-26,A,Member,E-wallet,322.29
2024-12-08,A,Normal,Credit Card,277.01
2024-05-03,A,Normal,Credit Card,427.75
2024-10-09,A,Member,Cash,298.79
2024-06-10,B,Normal,E-wallet,373.92
2024-04-06,B,Normal,E-wallet,262.0
2024-07-23,B,Member,Credit Card,297.82
2024-04-21,B,Normal,E-wallet,482.41
2025-02-05,B,Normal,E-wallet,30.16
2024-04-01,A,Member,Credit Card,446.36
2024-06-08,B,Normal,E-wallet,336.07
2024-02-15,B,Normal,Cash,281.1
2024-03-22,A,Member,Cash,454.65
2024-03-30,B,Normal,Cash,365.07
2024-12-12,B,Normal,E-wallet,251.19
2024-05-19,A,Member,E-wallet,390.61
2024-06-13,B,Normal,E-wallet,308.12
2024-11-06,B,Normal,Credit Card,55.25
2024-07-01,B,Normal,Credit Card,425.64
2024-08-05,B,Member,Credit Card,380.94
2024-12-08,B,Member,Cash,180.97
2024-02-29,B,Normal,E-wallet,408.78
2024-07-02,A,Normal,Cash,237.84
2024-03-11,B,Member,E-wallet,158.01
2025-01-18,B,Member,Credit Card,275.44
2024-09-10,B,Normal,Credit Card,81.6
2024-08-23,B,Member,E-wallet,32.25
2024-03-13,A,Normal,Cash,405.54
2024-11-01,B,Normal,Cash,17.85
2025-02-04,B,Normal,Cash,152.75
2024-11-22,A,Member,Cash,354.19
2024-06-22,A,Member,E-wallet,146.61
2025-01-03,B,Member,Credit Card,241.56
2025-01-06,A,Member,Credit Card,47.39
2024-04-18,B,Normal,Credit Card,75.45
2024-05-03,A,Normal,Cash,372.4
2024-11-19,A,Member,Credit Card,148.84
2024-02-12,A,Member,E-wallet,96.01
2024-03-27,B,Normal,Cash,44.82
2024-11-04,A,Normal,Cash,184.17
2024-10-10,B,Normal,Credit Card,147.53
2024-03-31,B,Normal,E-wallet,414.92
2024-05-07,B,Normal,Cash,104.76
2024-11-16,B,Normal,E-wallet,378.32
2024-04-21,B,Member,Credit Card,96.09
2024-06-02,A,Member,Cash,473.56
2024-06-17,A,Normal,Credit Card,171.53
2025-01-21,A,Member,E-wallet,303.45
2024-11-12,B,Member,Cash,120.38
2024-02-20,A,Normal,Cash,363.46
2024-08-29,A,Member,Credit Card,322.89
2024-05-25,A,Member,E-wallet,486.56
2024-09-12,A,Member,Credit Card,41.84
2024-11-14,A,Normal,Cash,303.15
2024-07-23,A,Normal,Credit Card,224.37
2025-01-07,A,Normal,Cash,182.87
2024-03-08,A,Normal,E-wallet,372.43
2024-11-29,B,Normal,E-wallet,420.65
2024-08-12,A,Normal,Credit Card,475.27
2024-03-15,B,Member,Cash,498.03
2024-05-01,A,Normal,Cash,277.72
2024-12-24,A,Member,Credit Card,421.28
2024-08-30,A,Normal,Cash,106.56
2025-02-11,A,Member,Credit Card,280.15
2024-10-12,A,Member,E-wallet,497.46
2024-12-06,A,Normal,Credit Card,197.47
2025-01-15,A,Normal,Credit Card,174.97
2024-03-21,B,Normal,Credit Card,325.28
2024-02-26,A,Member,Credit Card,17.62
2024-03-13,A,Normal,Cash,97.85
2024-09-07,A,Member,Cash,179.81
2024-11-19,A,Normal,Credit Card,179.09
2025-01-28,B,Normal,Cash,220.82
2024-07-30,A,Member,Cash,323.11
2024-05-24,A,Normal,E-wallet,313.64
2024-12-09,A,Member,Credit Card,281.48
2024-10-18,B,Member,Credit Card,124.99
2024-09-25,B,Normal,Cash,415.03
2024-08-25,B,Normal,E-wallet,411.44
2025-01-07,A,Normal,E-wallet,195.82
2024-11-23,B,Normal,Cash,359.55
2024-08-10,B,Normal,Credit Card,443.82
2024-08-31,A,Member,Credit Card,234.3
2024-08-19,B,Member,Credit Card,287.66
2024-10-30,B,Normal,Credit Card,114.34
2024-08-11,B,Normal,Credit Card,302.45
2024-04-18,A,Normal,Credit Card,194.17
2024-07-12,B,Normal,Credit Card,51.34
2024-10-05,A,Member,Cash,343.03
2024-11-26,A,Normal,Credit Card,121.57
2024-03-20,A,Normal,Credit Card,33.19
2024-03-08,A,Member,Credit Card,267.33
2024-10-17,B,Normal,E-wallet,329.02
2024-02-23,B,Normal,Cash,151.89
2024-05-04,A,Member,Cash,345.86
2024-07-27,B,Member,Cash,389.6
2024-08-13,A,Normal,Cash,136.78
2024-06-08,B,Member,Credit Card,15.18
2024-02-25,B,Member,Cash,202.58
2024-02-12,B,Normal,Cash,267.32
2025-02-03,B,Normal,E-wallet,194.58
2024-10-14,A,Member,E-wallet,156.22
2024-11-30,A,Member,E-wallet,86.42
2024-12-15,A,Normal,Credit Card,72.47
2025-01-29,A,Normal,Credit Card,405.97
2024-04-13,B,Member,Cash,365.54
2024-09-17,B,Member,Cash,494.4
2024-12-18,A,Normal,Credit Card,296.72
2024-08-02,A,Member,Credit Card,417.2
2024-06-09,B,Normal,Credit Card,305.5
2024-09-11,B,Normal,E-wallet,376.65
2025-01-11,B,Member,Cash,377.56
2024-02-24,A,Normal,Credit Card,85.99
2024-08-19,B,Normal,Credit Card,214.67
2024-07-19,A,Normal,Credit Card,389.74
2024-12-30,B,Normal,E-wallet,225.06
2025-01-15,A,Member,Credit Card,125.48
2024-02-14,B,Member,Cash,209.68
2024-06-26,B,Normal,Cash,420.95
2024-02-16,A,Member,Credit Card,366.75
2024-06-22,B,Normal,Cash,274.29
2025-01-22,A,Normal,Credit Card,441.15
2024-12-06,A,Member,E-wallet,12.1
2024-03-24,A,Normal,E-wallet,337.49
2024-03-19,B,Normal,Cash,48.41
2024-07-21,B,Normal,Cash,460.71
2024-05-16,A,Normal,E-wallet,380.6
2024-07-10,B,Member,Credit Card,231.54
2024-10-21,A,Member,Credit Card,359.13
2024-10-06,B,Member,Credit Card,126.19
2025-01-19,A,Member,Credit Card,286.17
2024-03-26,A,Normal,E-wallet,175.0
2024-11-30,B,Normal,Credit Card,242.93
2024-07-21,B,Member,Credit Card,321.63
2024-06-03,B,Normal,E-wallet,109.15
2024-05-06,B,Member,Cash,402.22
2024-09-09,A,Normal,Cash,120.39
2024-08-27,A,Member,Cash,470.98
2024-06-12,B,Normal,Cash,461.43
2024-10-05,A,Normal,Credit Card,402.7
2024-06-28,B,Normal,E-wallet,185.23
2024-07-14,B,Member,E-wallet,232.33
2024-12-10,A,Normal,Credit Card,441.01
2024-08-30,B,Member,Cash,154.44
2024-04-22,B,Normal,Credit Card,489.02
2024-07-05,B,Member,E-wallet,447.63
2024-12-27,B,Normal,Credit Card,200.02
2024-06-15,A,Normal,E-wallet,57.75
2024-08-11,B,Member,Cash,410.02
2024-05-29,A,Normal,E-wallet,245.81
2025-01-01,A,Normal,E-wallet,273.99
2024-03-10,B,Normal,E-wallet,446.91
2024-07-26,A,Member,E-wallet,289.37
2024-06-20,B,Normal,E-wallet,183.64
2024-03-17,A,Normal,Cash,203.76
2024-08-23,A,Normal,Cash,441.89
2024-07-05,A,Member,E-wallet,483.42
2024-03-20,A,Normal,E-wallet,336.27
2024-12-27,A,Normal,E-wallet,245.39
2024-11-27,A,Normal,Cash,84.19
2024-10-28,A,Member,Cash,342.37
2024-02-28,B,Normal,E-wallet,80.33
2024-11-20,B,Normal,Cash,281.13
2024-08-18,A,Normal,Credit Card,192.23
2025-01-13,B,Normal,E-wallet,421.62
2025-01-20,B,Normal,Cash,458.55
2024-04-13,B,Member,Cash,476.43
2024-05-27,B,Member,Cash,448.86
2024-07-28,B,Member,E-wallet,300.85
2024-04-06,B,Normal,Cash,220.44
2024-07-26,A,Normal,Credit Card,125.29
2024-05-29,A,Member,E-wallet,160.92
2024-10-18,A,Normal,Cash,395.91
2025-01-03,B,Normal,Cash,100.73
2024-12-17,B,Normal,Cash,150.83
2025-02-04,A,Member,E-wallet,442.14
2024-12-03,B,Member,Cash,437.09
2024-07-28,A,Normal,Credit Card,36.5
2024-05-26,A,Member,Credit Card,95.1
2024-08-22,A,Normal,E-wallet,400.72
2024-12-28,B,Normal,Credit Card,149.56
2024-10-08,A,Member,Credit Card,171.31
2024-07-08,A,Normal,Cash,490.3
2025-01-28,B,Member,Credit Card,364.17
2024-03-11,A,Member,Credit Card,376.5
2024-08-30,B,Member,Credit Card,409.88
2024-07-16,B,Normal,E-wallet,495.47
2024-07-26,A,Normal,E-wallet,11.46
2024-02-18,B,Normal,Cash,391.97
2024-09-19,B,Normal,Credit Card,116.26
2024-12-24,A,Member,Cash,141.05
2024-03-07,A,Member,Cash,100.28
2024-07-31,B,Normal,Credit Card,126.17
2024-07-16,A,Member,E-wallet,103.09
2024-02-27,A,Normal,Cash,18.62
2025-01-06,A,Normal,E-wallet,331.98
2025-01-22,A,Normal,E-wallet,291.56
2024-07-25,A,Normal,E-wallet,334.89
2024-05-25,B,Normal,Cash,268.04
2024-04-04,B,Normal,E-wallet,149.44
2024-09-02,A,Member,Credit Card,20.91
2024-11-28,A,Normal,Credit Card,318.1
2025-02-04,B,Member,Cash,277.79
2024-04-14,B,Normal,E-wallet,267.79
2024-06-29,A,Normal,Credit Card,191.17
2024-05-02,B,Normal,Cash,75.08
2024-11-17,B,Member,Cash,59.52
2024-09-06,B,Member,Cash,283.26
2024-07-06,B,Normal,Credit Card,473.9
2024-11-14,A,Member,Credit Card,303.36
2024-08-20,A,Normal,Credit Card,195.32
2024-11-09,B,Normal,E-wallet,252.42
2024-09-13,A,Member,E-wallet,408.23
2024-05-06,B,Member,Credit Card,481.29
2024-12-02,A,Normal,Credit Card,421.53
2024-09-10,B,Member,E-wallet,317.9
2024-08-31,A,Normal,Cash,203.01
2024-07-08,A,Normal,E-wallet,83.21
2024-06-02,B,Member,Cash,65.32
2024-10-29,A,Normal,Cash,333.27
2024-12-06,B,Normal,Credit Card,471.39
2024-04-16,A,Member,Credit Card,354.63
2024-12-01,B,Member,Cash,445.99
2025-01-19,A,Member,E-wallet,408.05
2024-06-08,B,Member,Cash,416.56
2025-01-17,A,Member,Cash,492.74
2024-03-05,B,Normal,Cash,255.75
2025-02-06,B,Member,E-wallet,13.04
2025-01-06,A,Normal,E-wallet,93.22
2024-11-03,A,Member,Credit Card,286.92
2024-09-14,A,Member,E-wallet,248.98
2024-11-24,A,Normal,Credit Card,208.12
2024-04-13,B,Member,E-wallet,149.14
2024-05-30,B,Member,Cash,176.64
2024-04-27,B,Member,Credit Card,239.21
2025-02-07,A,Normal,Cash,27.34
2024-05-22,B,Member,Cash,282.84
2024-12-26,A,Normal,Credit Card,476.84
2024-12-22,A,Member,Cash,449.23
2024-12-20,B,Member,Credit Card,173.76
2024-09-26,B,Member,Cash,94.68
2024-08-07,B,Normal,Credit Card,308.17
2024-10-23,A,Member,Credit Card,23.4
2024-07-13,A,Member,E-wallet,489.31
2024-02-28,A,Normal,Cash,33.08
2024-03-20,B,Normal,E-wallet,38.36
2024-08-09,A,Member,Credit Card,414.67
2024-12-31,B,Normal,E-wallet,335.41
2024-04-17,A,Normal,Credit Card,475.47
2024-07-11,A,Member,Credit Card,392.75
2024-11-22,A,Member,E-wallet,260.49
2024-08-28,B,Normal,E-wallet,478.24
2024-03-08,B,Member,Credit Card,188.88
2024-09-06,B,Member,Credit Card,332.56
2024-02-15,B,Normal,Credit Card,193.43
2024-05-22,A,Member,Credit Card,431.54
2024-07-06,A,Member,Credit Card,400.8
2024-04-04,A,Member,Credit Card,73.93
2024-09-08,B,Member,Cash,155.01
2024-08-04,B,Member,Cash,341.65
2024-08-26,A,Member,Cash,488.06
2025-02-03,A,Member,Cash,171.9
2024-12-25,B,Member,E-wallet,450.5
2024-03-26,B,Member,E-wallet,88.44
2024-07-30,A,Normal,Cash,119.24
2024-12-21,A,Member,Cash,471.12
2024-11-23,B,Normal,Cash,260.71
2024-10-04,A,Member,Cash,492.84
2024-06-07,A,Member,Cash,221.61
2024-04-06,B,Normal,Credit Card,206.54
2024-03-30,A,Member,Credit Card,392.25
2024-12-25,B,Member,Cash,468.17
2024-05-04,A,Member,Credit Card,439.59
2024-04-27,A,Normal,Cash,350.4
2024-09-28,B,Member,E-wallet,48.96
2024-12-20,B,Member,E-wallet,110.9
2024-06-03,B,Member,Credit Card,275.12
2024-03-07,B,Normal,Cash,268.94
2025-01-01,A,Member,Credit Card,75.04
2024-06-12,A,Normal,Credit Card,28.07
2024-10-23,B,Normal,E-wallet,197.26
2024-10-06,B,Member,Credit Card,358.76
2024-06-13,B,Member,E-wallet,304.72
2024-03-18,A,Normal,E-wallet,359.33
2024-04-09,A,Normal,Cash,95.42
2024-10-24,B,Normal,Cash,160.67
2025-01-15,B,Normal,Credit Card,269.43
2024-04-14,B,Normal,Cash,499.7
2024-07-24,A,Member,Credit Card,402.94
2025-02-04,A,Member,Cash,442.76
2024-10-30,A,Normal,Credit Card,143.45
2024-11-13,A,Member,Cash,121.57
2024-07-15,B,Normal,E-wallet,99.87
2024-08-13,B,Normal,E-wallet,241.62
2024-06-03,B,Normal,Cash,281.03
2024-12-16,A,Normal,E-wallet,497.61
2024-12-21,B,Normal,Credit Card,172.13
2024-08-25,A,Normal,E-wallet,303.55
2024-04-06,B,Normal,Credit Card,400.89
2025-01-01,B,Normal,Credit Card,96.35
2024-11-18,B,Member,Credit Card,126.24
2025-01-19,B,Normal,Credit Card,466.47
2024-07-02,A,Normal,E-wallet,35.29
2024-08-31,A,Member,E-wallet,484.65
2024-06-25,A,Member,Credit Card,277.82
2024-08-19,B,Member,Cash,70.54
2024-12-05,A,Member,Cash,435.95
2025-01-17,B,Member,Cash,324.48
2024-09-09,B,Normal,E-wallet,22.91
2024-04-23,A,Normal,E-wallet,345.3
2024-12-21,B,Normal,Cash,111.01
2025-01-07,B,Member,Cash,238.18
2024-11-18,A,Member,Credit Card,338.58
2024-05-05,A,Member,Cash,263.88
2024-03-12,A,Normal,Credit Card,289.21
2024-04-04,A,Member,Cash,217.77
2024-10-16,B,Normal,Credit Card,41.65
2024-03-12,B,Member,Cash,150.0
2024-08-25,B,Member,E-wallet,268.75
2024-07-22,B,Member,Cash,369.79
2024-04-30,B,Member,Cash,57.43
2024-06-23,B,Member,Cash,141.33
2024-02-17,A,Normal,Cash,139.47
2024-06-21,A,Normal,E-wallet,183.06
2025-01-05,A,Member,Cash,171.3
2024-08-08,A,Normal,Cash,258.7
2024-04-12,A,Member,Cash,198.65
2024-02-12,B,Member,E-wallet,168.6
2025-01-27,B,Normal,E-wallet,115.57
2024-03-28,A,Normal,E-wallet,360.42
2024-10-01,B,Normal,Cash,61.47
2024-08-30,A,Member,Credit Card,249.54
2024-09-20,A,Normal,E-wallet,64.53
2024-09-17,B,Member,Cash,498.24
2024-08-21,B,Member,Credit Card,469.49
2025-01-23,A,Member,Cash,390.65
2024-06-18,B,Normal,Cash,38.04
2024-08-08,B,Normal,E-wallet,314.43
2024-12-11,A,Normal,Cash,171.8
2024-07-26,B,Member,Cash,158.41
2024-08-20,B,Member,Cash,79.29
2024-08-21,B,Member,Cash,242.25
2024-02-12,B,Member,E-wallet,308.81
2024-02-25,A,Normal,Credit Card,206.22
2024-12-16,A,Member,Credit Card,41.42
2024-11-17,B,Member,Cash,98.71
2024-06-21,A,Normal,E-wallet,499.81
2024-04-23,B,Member,E-wallet,494.86
2025-01-14,A,Normal,E-wallet,420.49
2024-05-22,A,Normal,Cash,119.61
2024-06-12,A,Member,Cash,139.77
2024-08-28,B,Member,E-wallet,367.92
2024-07-30,B,Normal,Cash,316.78
2024-02-15,A,Member,Credit Card,167.02
2024-03-21,A,Member,Credit Card,393.55
2024-12-02,B,Member,E-wallet,225.94
2024-03-07,A,Normal,Cash,438.04
2024-08-31,A,Member,Credit Card,101.41
2024-03-30,A,Member,Cash,456.76
2024-07-14,A,Member,Cash,371.16
2024-05-06,B,Normal,Cash,103.88
2024-04-23,B,Member,Credit Card,413.53
2024-10-05,A,Normal,Cash,309.75
2025-02-01,B,Member,Credit Card,247.12
2024-12-19,B,Normal,Cash,319.14
2024-10-17,B,Normal,Cash,244.43
2025-02-11,B,Member,E-wallet,63.82
2024-11-10,A,Normal,E-wallet,346.42
2024-11-05,A,Member,Credit Card,311.6
2024-11-23,A,Member,E-wallet,425.85
2024-07-23,B,Member,Credit Card,32.18
2024-11-20,B,Member,Cash,420.62
2024-10-25,A,Member,Cash,183.66
2024-03-26,A,Member,Cash,159.78
2024-06-11,B,Normal,Credit Card,312.11
2024-08-17,B,Normal,E-wallet,451.83
2024-12-19,B,Normal,Credit Card,334.66
2024-08-10,B,Member,E-wallet,163.52
2024-05-09,A,Member,Credit Card,68.54
2024-07-01,A,Member,E-wallet,205.47
2024-05-01,A,Normal,Credit Card,388.19
2024-03-07,A,Member,Cash,45.19
2025-01-09,B,Normal,Credit Card,239.96
2025-01-07,B,Normal,Credit Card,279.04
2024-02-27,A,Member,E-wallet,157.32
2025-01-04,B,Member,Cash,439.54
2024-02-12,A,Member,E-wallet,239.02
2025-01-02,B,Member,Cash,129.83
2024-05-21,B,Member,E-wallet,269.97
2024-03-10,A,Member,Cash,474.4
2024-07-08,B,Member,Cash,128.4
2025-01-18,B,Member,Credit Card,126.21
2024-10-07,A,Normal,Credit Card,109.4
2024-03-25,B,Member,Cash,343.54
2024-08-26,A,Member,Credit Card,327.8
2024-12-17,B,Normal,Credit Card,280.26
2024-04-09,A,Member,Credit Card,387.96
2024-12-30,A,Member,E-wallet,459.59
2024-12-11,A,Member,Credit Card,446.33
2025-01-22,A,Member,Credit Card,248.74
2024-03-06,B,Normal,E-wallet,168.64
2024-07-27,B,Normal,Credit Card,471.35
2024-11-10,A,Normal,E-wallet,12.67
2024-07-12,A,Member,Cash,190.53
2025-01-21,B,Member,Cash,416.35
2024-11-01,B,Normal,Cash,35.41
2024-03-24,A,Member,E-wallet,301.47
2024-11-25,B,Normal,Credit Card,191.29
2024-07-30,A,Member,Cash,247.81
2024-06-02,A,Member,Cash,467.4
2024-08-06,A,Member,E-wallet,93.26
2024-06-08,A,Normal,Cash,196.94
2024-09-20,B,Member,Credit Card,64.19
2025-01-01,B,Member,Cash,334.81
2025-01-01,B,Member,E-wallet,346.22
2024-09-15,B,Normal,E-wallet,326.49
2024-07-19,A,Normal,E-wallet,441.48
2025-01-28,B,Normal,Credit Card,141.1
2024-08-03,A,Member,Credit Card,176.23
2024-12-13,B,Normal,Cash,377.2
2024-04-05,A,Member,E-wallet,281.35
2024-06-02,B,Member,E-wallet,275.55
2024-10-05,B,Normal,E-wallet,200.29
2025-02-05,A,Member,Cash,97.06
2024-07-19,B,Normal,Credit Card,326.97
2024-02-12,A,Member,Cash,94.54
2025-02-07,A,Normal,Credit Card,469.3
2024-10-19,A,Member,Credit Card,224.16
2024-08-31,B,Normal,Credit Card,487.71
2024-07-05,B,Member,Cash,389.82
2024-11-01,B,Member,Cash,88.92
2024-09-04,A,Normal,Credit Card,250.68
2024-10-11,B,Member,Cash,388.28
2024-03-25,B,Member,Cash,224.26
2024-08-05,B,Member,Cash,438.75
2024-06-23,B,Member,E-wallet,238.27
2024-11-25,B,Normal,Cash,73.46
2025-01-24,A,Normal,Cash,394.69
2024-09-17,A,Member,Cash,378.82
2024-11-15,A,Normal,Cash,352.04
2024-07-07,A,Normal,Cash,412.81
2024-09-24,B,Member,Cash,220.97
2025-01-10,A,Normal,E-wallet,209.0
2024-04-01,B,Normal,Credit Card,38.26
2024-09-13,B,Normal,Credit Card,80.86
2024-07-14,B,Normal,Cash,118.39
2024-04-23,A,Normal,Cash,165.76
2024-12-27,A,Normal,Cash,307.28
2024-05-08,A,Normal,Cash,261.59
2024-03-01,A,Member,Cash,212.61
2024-02-13,B,Member,Cash,213.17
2024-10-11,B,Normal,Cash,389.36
2024-10-15,B,Member,E-wallet,230.34
2024-10-17,B,Member,Cash,57.24
2024-11-10,B,Normal,Credit Card,125.31
2024-06-08,A,Normal,Cash,130.37
2024-12-10,B,Normal,Credit Card,210.52
2024-09-08,A,Member,Cash,112.13
2024-10-10,A,Normal,Cash,182.69
2024-10-01,A,Normal,E-wallet,468.63
2024-09-06,B,Member,Credit Card,488.37
2024-06-16,A,Normal,E-wallet,393.05
2024-03-18,B,Normal,Credit Card,436.49
2024-04-18,A,Normal,Cash,494.52
2024-04-09,A,Normal,E-wallet,174.6
2024-09-29,A,Member,E-wallet,251.71
2025-02-02,A,Member,E-wallet,467.77
2024-07-11,A,Member,E-wallet,76.37
2024-06-14,A,Member,Credit Card,62.26
2024-09-15,B,Member,Credit Card,74.75
2024-06-12,A,Normal,E-wallet,217.44
2024-07-17,A,Member,E-wallet,443.08
2024-10-09,B,Normal,Credit Card,362.71
2024-07-27,B,Member,Cash,133.97
2024-05-07,B,Member,E-wallet,18.01
2024-09-27,A,Member,Credit Card,311.32
2024-09-30,A,Member,E-wallet,156.19
2024-04-06,A,Member,Cash,24.54
2024-02-21,A,Normal,E-wallet,353.73
2024-04-03,A,Normal,Cash,429.78
2024-09-15,A,Normal,Credit Card,408.99
2024-03-26,A,Member,Cash,363.05
2024-03-02,A,Normal,Cash,499.71
2024-11-18,B,Normal,Cash,476.25
2024-07-15,A,Normal,Cash,413.43
2024-03-01,A,Member,E-wallet,486.79
2025-01-18,B,Normal,Credit Card,359.96
2024-10-05,B,Normal,Cash,458.59
2024-10-25,A,Normal,E-wallet,256.26
2024-11-17,A,Member,Credit Card,276.36
2024-04-30,B,Member,Cash,373.58
2024-05-21,B,Member,Credit Card,114.57
2024-09-16,B,Normal,Cash,418.42
2024-04-23,A,Member,Cash,15.94
2024-05-09,A,Member,E-wallet,424.27
2024-06-28,A,Member,Cash,349.39
2024-04-29,B,Member,Credit Card,213.04
2024-10-24,B,Normal,E-wallet,298.96
2024-10-24,B,Member,Cash,437.44
2024-09-14,B,Normal,E-wallet,239.89
2024-08-29,B,Normal,Credit Card,216.19
2024-10-05,B,Normal,Cash,444.64
2024-09-22,B,Normal,Cash,12.03
2025-01-03,A,Member,Cash,239.05
2024-05-20,B,Normal,Credit Card,381.5
2024-04-17,A,Normal,E-wallet,373.05
2024-03-06,A,Normal,E-wallet,254.9
2024-03-29,B,Normal,Credit Card,313.17
2024-11-06,A,Member,Cash,336.56
2025-02-03,A,Member,E-wallet,136.49
2024-04-17,B,Normal,E-wallet,381.52
2024-03-02,B,Member,Credit Card,89.04
2024-04-23,A,Member,Cash,340.24
2024-03-17,A,Normal,E-wallet,319.2
2024-11-14,B,Member,E-wallet,476.5
2024-10-20,A,Member,Cash,233.22
2024-04-16,A,Normal,Cash,202.54
2025-01-15,B,Normal,E-wallet,423.01
2024-11-26,B,Normal,Cash,497.26
2024-12-22,A,Member,Credit Card,352.42
2024-08-11,B,Normal,Credit Card,298.54
2024-05-28,B,Member,E-wallet,47.13
2024-09-05,A,Normal,E-wallet,30.91
2024-05-03,A,Normal,E-wallet,78.25
2024-09-26,A,Normal,Credit Card,384.72
2024-05-12,A,Normal,E-wallet,440.64
2024-08-30,A,Normal,Cash,38.94
2024-07-22,A,Member,Credit Card,277.9
2024-06-06,B,Member,E-wallet,375.97
2024-09-03,A,Member,Credit Card,179.38
2024-12-27,B,Normal,Cash,211.87
2024-11-10,B,Normal,Credit Card,361.02
2024-12-07,B,Normal,Cash,306.03
2024-08-23,B,Normal,Credit Card,353.3
2024-05-17,B,Normal,E-wallet,345.27
2024-11-14,B,Normal,Cash,348.46
2024-12-07,B,Normal,Cash,439.65
2024-10-10,A,Member,E-wallet,99.43
2024-03-29,B,Normal,Credit Card,121.76
2024-08-27,B,Normal,Cash,436.43
2024-04-02,B,Member,E-wallet,128.59
2025-01-03,B,Normal,E-wallet,459.03
2024-07-09,B,Normal,Cash,297.14
2024-10-25,A,Normal,Cash,143.13
2024-03-20,B,Member,Cash,382.36
2024-02-20,B,Member,Credit Card,498.99
2025-01-19,B,Member,Credit Card,358.31
2024-04-02,B,Member,Cash,362.63
2024-12-14,B,Member,Cash,374.23
2024-04-01,A,Normal,Credit Card,120.04
2024-12-25,B,Normal,Credit Card,406.63
2024-10-07,B,Normal,Cash,404.33
2024-03-19,A,Normal,Cash,386.56
2024-08-30,A,Normal,E-wallet,181.83
2024-07-19,B,Normal,Credit Card,271.15
2024-04-29,A,Normal,E-wallet,372.0
2024-10-24,A,Normal,Credit Card,435.65
2024-11-15,B,Member,E-wallet,405.04
2025-01-25,A,Normal,Cash,446.07
2024-06-18,B,Member,E-wallet,62.83
2024-09-05,A,Member,Credit Card,279.66
2024-10-26,B,Member,Credit Card,456.63
2024-12-19,A,Member,Cash,167.89
2024-09-08,B,Normal,E-wallet,434.78
2024-10-27,A,Normal,Credit Card,22.76
2025-01-15,B,Normal,Credit Card,387.58
2024-07-20,B,Member,Cash,252.45
2024-04-16,B,Member,E-wallet,448.75
2024-12-02,A,Normal,Credit Card,291.78
2024-08-17,B,Member,E-wallet,259.08
2024-11-09,A,Normal,E-wallet,382.05
2024-03-04,B,Member,Credit Card,110.78
2024-10-01,B,Member,Credit Card,357.79
2024-09-16,B,Member,Cash,242.47
2024-07-18,A,Member,Cash,63.07
2025-01-15,B,Normal,Credit Card,283.4
2024-08-30,B,Normal,Credit Card,188.15
2024-07-19,A,Normal,E-wallet,456.61
2024-03-29,B,Normal,Credit Card,409.36
2024-05-08,B,Normal,Cash,296.03
2024-10-08,A,Normal,Cash,229.7
2024-09-14,B,Member,E-wallet,56.32
2024-10-13,B,Normal,E-wallet,157.09
2024-10-18,A,Normal,Cash,418.57
2024-04-25,B,Normal,Cash,327.48
2024-12-20,A,Normal,Cash,364.65
2024-10-13,B,Member,E-wallet,127.65
2024-05-08,B,Member,E-wallet,27.7
2024-10-16,B,Member,E-wallet,192.3
2024-12-05,B,Member,Credit Card,281.21
2024-05-07,A,Member,E-wallet,30.04
2024-11-21,A,Normal,Credit Card,94.91
2024-03-21,A,Normal,E-wallet,149.09
2024-09-11,B,Member,Credit Card,140.42
2024-12-11,A,Member,E-wallet,441.77
2024-07-20,B,Member,E-wallet,281.56
2024-10-21,B,Normal,E-wallet,471.06
2024-12-16,B,Member,Cash,30.58
2024-07-23,A,Member,E-wallet,396.03
2024-04-03,A,Normal,Cash,22.57
2024-04-21,A,Member,Cash,146.37
2024-07-25,B,Member,Cash,367.24
2024-10-01,A,Member,Cash,181.8
2024-11-18,A,Normal,Credit Card,233.42
2024-03-20,B,Normal,Credit Card,407.54
2025-01-04,A,Member,Credit Card,383.88
2024-11-17,A,Member,E-wallet,334.69
2024-10-07,A,Normal,E-wallet,165.51
2024-02-23,B,Normal,Cash,405.56
2024-04-29,A,Member,Credit Card,42.78
2024-09-26,A,Member,Cash,142.14
2024-02-15,A,Normal,Credit Card,270.92
2025-01-10,A,Normal,Credit Card,247.35
2024-10-19,A,Member,Credit Card,278.64
2024-07-29,A,Member,Credit Card,131.37
2024-03-01,A,Normal,Cash,497.08
2024-02-29,B,Normal,Credit Card,446.74
2024-06-14,B,Normal,Cash,499.67
2025-02-10,A,Member,Credit Card,71.47
2024-03-26,B,Member,Credit Card,37.62
2024-12-23,A,Member,Cash,165.64
2025-01-20,A,Normal,Credit Card,241.45
2024-10-15,B,Member,E-wallet,234.79
2024-06-16,A,Member,E-wallet,66.88
2024-07-28,A,Normal,E-wallet,345.92
2024-10-29,B,Normal,E-wallet,34.52
2024-06-28,A,Normal,Cash,402.53
2024-09-19,A,Member,E-wallet,188.59
2024-09-19,A,Normal,Credit Card,191.98
2024-08-20,B,Normal,Credit Card,243.66
2024-11-20,A,Normal,E-wallet,304.54
2024-10-27,A,Member,E-wallet,148.71
2024-05-28,A,Member,Credit Card,162.16
2024-04-22,B,Member,Cash,229.28
2024-03-10,A,Member,E-wallet,27.67
2024-06-02,B,Member,E-wallet,462.73
2024-09-14,B,Normal,E-wallet,379.17
2024-05-10,B,Normal,Credit Card,308.08
2024-10-25,B,Member,Cash,107.88
2024-05-08,A,Normal,E-wallet,395.05
2024-08-27,A,Member,E-wallet,104.37
2024-09-05,B,Normal,E-wallet,175.47
2024-09-05,B,Member,Credit Card,145.15
2024-07-05,B,Normal,Credit Card,104.59
2024-06-07,B,Normal,E-wallet,359.26
2024-09-24,B,Member,E-wallet,133.47
2024-05-24,B,Member,E-wallet,173.28
2025-01-05,A,Normal,E-wallet,19.8
2024-02-27,A,Normal,E-wallet,51.12
2024-10-28,A,Member,Cash,294.77
2024-12-14,B,Normal,Credit Card,379.94
2025-02-06,B,Member,Cash,246.43
2024-04-11,B,Member,Credit Card,71.9
2025-02-01,A,Normal,Credit Card,301.43
2025-02-08,A,Member,Credit Card,340.95
2024-09-11,B,Member,Cash,387.54
2024-05-22,A,Normal,E-wallet,300.98
2025-02-11,A,Member,Cash,414.07
2024-10-24,B,Member,Cash,102.53
2024-02-15,A,Normal,Cash,452.94
2025-01-26,B,Member,Credit Card,255.84
2024-04-06,B,Normal,E-wallet,84.23
2024-02-15,B,Member,Credit Card,220.21
2024-12-29,A,Normal,E-wallet,97.99
2024-03-26,B,Normal,E-wallet,165.13
2024-05-28,B,Normal,Cash,430.5
2024-02-12,A,Normal,E-wallet,454.02
2024-10-13,B,Member,Cash,93.72
2024-09-05,A,Member,E-wallet,165.47
2024-08-18,A,Normal,Credit Card,336.44
2025-01-27,B,Normal,Credit Card,54.86
2024-09-11,B,Member,E-wallet,196.37
2024-07-26,B,Member,E-wallet,37.66
2024-03-18,B,Normal,E-wallet,444.37
2024-08-24,A,Normal,E-wallet,144.83
2024-09-30,A,Normal,Credit Card,93.11
2024-06-22,A,Member,Cash,344.46
2024-08-13,A,Normal,Credit Card,172.5
2024-09-19,A,Member,E-wallet,247.45
2024-02-17,A,Normal,Cash,92.49
2025-01-28,B,Normal,Credit Card,201.81
2024-12-06,B,Normal,Credit Card,18.84
2024-06-06,A,Member,Credit Card,255.51
2024-11-27,A,Normal,E-wallet,84.38
2024-04-03,A,Member,E-wallet,102.76
2024-06-21,A,Member,Credit Card,344.28
2024-09-03,B,Normal,Credit Card,498.99
2024-09-05,A,Normal,E-wallet,147.59
2025-01-10,A,Normal,E-wallet,205.41
2024-05-07,B,Normal,E-wallet,405.89
2025-01-14,A,Normal,Cash,172.01
2024-06-26,B,Normal,E-wallet,234.17
2024-02-15,A,Member,E-wallet,99.72
2024-05-07,B,Normal,E-wallet,269.55
2025-01-10,B,Member,Cash,245.83
2025-01-11,A,Member,Credit Card,130.34
2025-02-06,B,Member,Cash,80.88
2024-04-21,A,Normal,E-wallet,108.81
2024-08-14,A,Normal,E-wallet,24.88
2024-09-09,A,Member,Cash,232.84
2024-12-14,A,Normal,Credit Card,246.35
2025-01-05,A,Member,E-wallet,275.3
2024-07-14,A,Member,Cash,299.76
2024-09-07,B,Normal,E-wallet,294.35
2024-05-14,B,Normal,E-wallet,53.32
2024-04-08,A,Normal,Cash,473.94
2024-10-10,B,Normal,E-wallet,135.86
2024-07-07,B,Normal,Cash,330.16
2024-07-29,B,Normal,Credit Card,371.22
2024-12-24,A,Member,Credit Card,306.26
2025-02-04,A,Member,Cash,31.54
2024-02-24,A,Member,E-wallet,140.08
2024-07-10,A,Member,E-wallet,380.78
2024-06-17,B,Member,Credit Card,146.81
2024-06-17,A,Member,E-wallet,167.24
2024-07-29,A,Member,E-wallet,349.18
2024-05-30,B,Member,Cash,444.65
2024-06-15,A,Normal,Credit Card,336.89
2025-02-03,B,Normal,Credit Card,202.45
2024-09-19,A,Normal,E-wallet,24.69
2024-04-12,B,Member,Cash,354.67
2024-09-16,B,Normal,E-wallet,427.97
2024-09-03,B,Normal,Cash,438.37
2024-03-11,A,Member,Cash,345.23
2024-03-25,B,Member,Credit Card,491.0
2024-11-28,A,Normal,E-wallet,237.68
2024-03-21,A,Member,E-wallet,163.51
2024-03-20,B,Member,Cash,51.27
2024-02-18,A,Normal,Cash,325.86
2024-05-30,A,Member,E-wallet,438.75
2024-07-11,B,Normal,E-wallet,247.08
2024-03-26,A,Normal,Cash,96.17
2024-02-17,A,Normal,Credit Card,401.48
2025-01-29,A,Member,Credit Card,74.57
2024-03-18,A,Normal,Cash,169.24
2024-03-13,A,Member,Cash,480.57
2024-07-03,B,Member,E-wallet,402.04
2024-10-16,B,Normal,E-wallet,46.83
2024-03-05,B,Normal,Cash,323.78
2024-04-02,A,Member,Credit Card,117.42
2024-09-01,A,Normal,E-wallet,420.04
2025-01-14,B,Normal,E-wallet,386.27
2024-04-15,A,Normal,Cash,417.22
2024-12-16,B,Member,Credit Card,94.54
2024-04-17,A,Normal,Cash,410.9
2024-06-22,B,Member,Credit Card,425.03
2024-08-17,A,Member,Cash,346.72
2025-01-20,A,Member,E-wallet,363.89
2024-12-19,A,Member,Cash,166.84
2024-03-14,A,Normal,Cash,179.42
2024-03-12,A,Member,Cash,169.08
2024-10-30,B,Normal,Cash,71.04
2025-01-22,B,Normal,Cash,44.52
2025-01-26,B,Normal,E-wallet,240.57
2024-04-23,A,Member,E-wallet,147.42
2024-09-01,A,Member,Credit Card,372.48
2024-04-22,B,Normal,E-wallet,320.75
2024-06-06,B,Normal,Credit Card,197.29
2025-01-12,A,Normal,Credit Card,273.57
2024-09-10,B,Normal,E-wallet,282.92
2024-04-15,A,Normal,Cash,116.03
2024-12-31,A,Normal,Cash,251.12
2024-05-24,B,Normal,E-wallet,134.62
2024-10-19,B,Member,E-wallet,410.44
2024-03-17,A,Normal,Cash,15.91
2025-01-14,B,Member,Cash,469.33
2024-10-06,B,Member,E-wallet,457.42
2025-01-03,A,Member,Credit Card,204.49
2024-06-13,A,Member,Cash,365.36
2024-05-23,B,Member,Cash,489.3
2024-12-22,B,Normal,E-wallet,53.36
2024-12-29,A,Normal,Credit Card,412.06
2024-05-09,A,Member,Credit Card,227.17
2025-02-04,B,Member,Credit Card,67.24
2024-05-25,A,Member,Cash,458.62
2024-03-01,B,Normal,Cash,477.65
2024-11-03,B,Member,Credit Card,373.14
2024-03-20,B,Member,E-wallet,286.57
2024-09-10,A,Member,E-wallet,489.88
2024-02-20,A,Member,E-wallet,160.95
2024-08-17,B,Member,Cash,165.06
2024-11-04,A,Member,E-wallet,340.97
2024-12-20,B,Normal,Credit Card,396.29
2024-12-20,A,Normal,E-wallet,84.03
2024-04-02,A,Normal,E-wallet,180.48
2024-07-25,B,Normal,E-wallet,281.92
2024-07-03,B,Member,E-wallet,304.22
2025-01-30,B,Normal,E-wallet,210.38
2024-02-24,A,Normal,E-wallet,460.82
2024-03-08,A,Member,Cash,425.02
2024-04-10,B,Member,Cash,450.27
2024-03-19,B,Normal,Credit Card,46.2
2024-07-17,B,Member,Cash,88.06
2024-12-14,A,Member,E-wallet,354.56
2024-04-30,A,Member,Credit Card,31.59
2024-06-06,B,Member,E-wallet,486.15
2024-09-20,A,Normal,Cash,33.0
2024-07-15,A,Member,Credit Card,364.63
2024-08-22,A,Member,Cash,99.57
2024-03-29,A,Member,Cash,475.03
2024-06-01,A,Normal,E-wallet,341.06
2024-04-09,B,Member,Cash,330.31
2024-05-19,A,Normal,Credit Card,37.68
2024-05-31,B,Member,Credit Card,54.62
2024-04-24,B,Member,Credit Card,97.79
2024-03-19,B,Member,Cash,411.67
2025-01-21,A,Member,E-wallet,197.67
2024-08-05,B,Member,E-wallet,334.71
2024-07-21,B,Member,Credit Card,396.37
2024-11-05,B,Normal,Cash,375.4
2024-08-07,A,Normal,Cash,244.35
2024-12-14,A,Member,E-wallet,99.99
2024-05-17,A,Normal,Credit Card,261.57
2024-03-03,B,Member,Cash,131.25
2025-02-07,B,Normal,E-wallet,149.27
2025-01-08,B,Member,Cash,381.22
2024-11-05,B,Member,Cash,33.08
2024-12-26,A,Member,Credit Card,172.71
2025-01-05,A,Member,E-wallet,228.81
2024-10-28,A,Normal,E-wallet,345.05
2024-04-05,B,Normal,E-wallet,223.92
2024-07-03,A,Normal,E-wallet,357.57
2024-09-13,A,Normal,E-wallet,334.53
2024-09-07,B,Member,E-wallet,123.6
2024-07-10,A,Normal,E-wallet,159.34
2024-12-26,B,Normal,Cash,405.05
2024-04-16,B,Member,Credit Card,194.63
2025-01-09,A,Member,Credit Card,383.9
2024-08-02,B,Member,Cash,61.33
2024-10-20,B,Normal,Credit Card,89.01
2025-01-09,A,Normal,Cash,345.21
2024-12-11,A,Member,Cash,345.5
2025-02-01,A,Member,E-wallet,183.53
2024-04-22,A,Normal,Credit Card,274.06
2024-03-26,A,Member,Cash,372.44
2024-09-21,A,Normal,E-wallet,357.84
2024-07-26,B,Normal,Cash,12.32
2024-11-18,A,Normal,Cash,153.77
2024-06-16,A,Member,Credit Card,469.83
2025-01-15,A,Normal,Cash,306.16
2024-11-13,B,Member,Credit Card,59.36
2024-07-07,B,Normal,Cash,278.05
2024-06-02,A,Member,Credit Card,476.47
2024-10-04,A,Normal,Credit Card,394.55
2024-03-02,A,Member,Cash,158.6
2024-03-31,A,Member,Cash,38.64
2025-01-18,B,Member,Cash,297.53
2024-03-04,A,Normal,Credit Card,70.16
2024-11-11,A,Member,Cash,418.44
2025-01-01,A,Normal,E-wallet,347.07
2024-10-20,B,Member,Credit Card,270.98
2024-03-19,B,Member,Cash,33.18
2025-01-22,B,Member,Cash,321.19
2024-09-03,A,Member,Cash,25.29
2024-05-19,B,Normal,Credit Card,323.48
2024-12-17,B,Member,E-wallet,107.68
2024-03-28,B,Normal,Cash,415.9
2024-07-01,A,Normal,E-wallet,83.79
2024-06-14,A,Normal,E-wallet,414.84
2024-05-27,B,Member,Cash,162.07
2024-03-25,A,Member,Credit Card,307.92
2024-09-25,A,Normal,Cash,90.24
2024-05-07,A,Member,Cash,371.08
2024-07-29,B,Normal,Cash,122.16
2024-06-15,B,Member,Credit Card,121.88
2024-02-26,B,Member,Credit Card,221.46
2024-04-19,A,Member,Cash,407.58
2024-03-01,B,Member,E-wallet,374.76
2024-10-21,B,Member,E-wallet,278.72
2024-12-19,A,Member,Credit Card,415.27
2024-09-20,A,Normal,Credit Card,403.94
2024-08-20,B,Member,Cash,251.33
2024-10-31,B,Member,Cash,340.34
2024-07-02,A,Normal,E-wallet,67.17
2024-05-14,B,Member,Cash,452.98
2024-09-15,A,Normal,E-wallet,101.68
2024-11-26,B,Normal,E-wallet,162.18
2024-03-06,B,Normal,Cash,65.94
2024-09-25,B,Member,Cash,315.15
2024-08-17,A,Member,Credit Card,202.31
2024-11-11,B,Normal,E-wallet,217.67
2024-06-08,B,Normal,Cash,293.89
2024-05-12,B,Normal,Credit Card,417.81
2024-11-16,B,Member,Cash,103.39
2024-10-23,A,Member,Credit Card,380.05
2024-03-12,A,Normal,Credit Card,361.04
2025-02-05,A,Member,Credit Card,324.51
2024-11-23,A,Member,Credit Card,235.65
2024-11-26,B,Member,Credit Card,113.02
2024-09-30,A,Member,E-wallet,440.98
2024-06-04,B,Normal,E-wallet,446.77
2024-10-01,B,Member,Credit Card,177.13
2024-05-04,B,Normal,Cash,92.16
2024-11-07,B,Member,Cash,366.8
2024-04-12,B,Member,Credit Card,120.14
2024-08-02,B,Member,Credit Card,231.57
2024-07-16,B,Member,Credit Card,421.8
2024-04-08,B,Member,Credit Card,224.75
2024-06-27,A,Normal,Credit Card,175.63
2024-05-11,A,Normal,E-wallet,55.01
2024-10-09,B,Member,Cash,66.35
2024-05-07,B,Member,E-wallet,56.09
2024-10-16,A,Normal,E-wallet,163.84
2024-06-01,B,Normal,E-wallet,213.89
2024-09-01,B,Normal,Cash,359.52
2024-02-26,B,Member,Cash,440.57
2024-07-23,A,Member,Credit Card,145.11
2024-12-05,B,Normal,E-wallet,103.16
2025-02-09,A,Member,Credit Card,293.22
2024-02-28,A,Member,E-wallet,258.93
2024-12-06,B,Normal,Credit Card,111.69
2024-05-11,B,Normal,Credit Card,278.49
2024-06-15,A,Normal,E-wallet,315.48
2024-06-21,B,Member,Cash,293.1
2024-06-17,A,Normal,Credit Card,237.51
2024-09-16,A,Normal,Cash,193.17
2024-07-18,B,Normal,E-wallet,81.05
2024-05-20,A,Member,Credit Card,190.83
2024-04-06,A,Member,Credit Card,306.12
2024-02-14,A,Normal,E-wallet,242.27
2024-12-02,B,Member,Credit Card,339.1
2025-01-01,A,Member,Credit Card,326.84
2024-03-01,A,Normal,Credit Card,325.97
2024-05-19,B,Member,E-wallet,248.08
2024-09-20,B,Member,E-wallet,127.63
2024-12-20,B,Member,Credit Card,334.8
2025-01-02,A,Member,Credit Card,337.81
2024-05-08,A,Normal,Cash,364.56
2024-12-18,B,Member,E-wallet,477.59
2024-09-16,A,Member,E-wallet,187.03
2024-09-28,A,Member,E-wallet,266.86
2024-04-19,B,Normal,Cash,110.83
2024-10-16,B,Normal,Credit Card,105.14
2024-11-13,A,Member,E-wallet,414.99
2024-10-13,B,Member,Credit Card,226.67
2024-04-21,B,Member,Cash,374.51
2024-05-31,A,Normal,E-wallet,382.18
2024-03-30,A,Member,E-wallet,394.53
2024-12-04,B,Normal,Credit Card,463.83
2024-06-04,A,Member,Cash,280.37
2024-06-10,B,Normal,Cash,251.03
2024-08-28,A,Normal,Cash,404.0
2024-06-12,B,Normal,E-wallet,283.39
2024-07-09,B,Member,Cash,409.03
2024-10-31,A,Member,Credit Card,471.2
2024-10-24,B,Normal,E-wallet,351.06
2024-10-03,A,Member,E-wallet,373.4
2024-03-04,B,Member,Cash,353.46
2024-08-08,B,Member,E-wallet,112.43
2024-03-31,A,Normal,E-wallet,350.8
2024-05-10,A,Member,E-wallet,207.12
2024-09-23,B,Member,Cash,279.34
2024-12-08,B,Normal,E-wallet,448.35
2024-10-05,A,Member,Cash,56.05
2024-06-02,A,Normal,E-wallet,356.86
2024-02-17,B,Member,Cash,469.31
2024-12-15,B,Member,Cash,60.81
2024-08-09,A,Normal,Cash,336.85
2024-03-14,B,Member,E-wallet,276.85
2024-08-11,B,Normal,Credit Card,40.84
2024-09-19,B,Normal,E-wallet,89.01
2024-07-28,A,Member,Cash,57.72
2024-09-18,B,Normal,Cash,105.88
2024-08-02,B,Normal,E-wallet,208.25
2024-05-25,B,Normal,Cash,382.8
2025-01-21,A,Member,Cash,132.22
2024-08-28,A,Member,Cash,371.56
2024-07-12,A,Member,Credit Card,144.36
2024-04-09,B,Normal,Cash,199.06
2025-02-10,A,Member,Cash,382.92
2024-08-13,B,Normal,Cash,299.55
2024-12-18,A,Member,E-wallet,244.31
2024-08-18,A,Normal,E-wallet,360.73
2025-01-21,B,Normal,E-wallet,99.74
2024-04-18,A,Member,Credit Card,30.54
2024-04-28,A,Member,E-wallet,268.5
2024-08-20,B,Member,Cash,315.12
2025-02-08,A,Member,E-wallet,374.64
2024-06-24,A,Member,Cash,84.27
2024-04-07,B,Normal,E-wallet,285.08
2024-11-17,B,Member,E-wallet,19.51
2024-02-20,B,Member,Cash,212.77
2024-07-21,B,Member,Cash,387.38
2024-03-06,B,Member,E-wallet,302.31
2024-12-25,B,Member,Credit Card,449.5
2024-10-21,B,Normal,Credit Card,279.59
2024-11-13,A,Member,E-wallet,99.36
2024-08-03,A,Member,Cash,135.76
2025-01-18,A,Member,E-wallet,363.98
2025-01-26,A,Member,Credit Card,93.75
2024-08-24,A,Normal,E-wallet,174.47
2024-10-12,B,Normal,Cash,28.44
2024-12-06,B,Normal,Credit Card,244.44
2024-05-27,A,Member,Credit Card,482.42
2024-07-12,B,Normal,Cash,440.58
2024-07-20,A,Normal,Credit Card,489.06
2024-09-14,B,Normal,Credit Card,130.84
2024-10-11,B,Member,E-wallet,306.58
2024-09-28,A,Normal,Credit Card,427.54
2025-01-06,B,Member,E-wallet,229.24
2024-06-09,B,Normal,Credit Card,400.48
2024-04-20,A,Member,Credit Card,342.63
2024-07-25,B,Member,Credit Card,139.92
2024-08-13,A,Normal,E-wallet,229.5
2024-06-12,A,Member,E-wallet,297.52
2024-10-20,B,Member,E-wallet,381.26
2024-09-07,A,Member,Credit Card,422.26
2024-12-31,B,Member,E-wallet,109.06
2024-03-13,B,Member,E-wallet,382.82
2024-06-09,B,Member,Cash,253.37
2024-12-31,A,Member,E-wallet,231.23
2024-05-20,A,Normal,E-wallet,453.42
2024-11-01,B,Normal,E-wallet,250.57
2024-11-01,A,Normal,E-wallet,32.85
2025-01-25,A,Member,Cash,472.82
2024-03-23,A,Normal,Cash,11.53
2024-03-02,B,Member,E-wallet,155.02
2024-09-09,A,Member,Credit Card,489.35
2024-03-01,B,Member,E-wallet,362.64
2025-01-09,A,Normal,Credit Card,441.07
2024-07-08,B,Member,Cash,71.66
2024-04-15,A,Normal,E-wallet,293.6
2024-10-31,A,Normal,Cash,54.32
2024-05-30,B,Normal,Cash,430.66
2024-04-21,A,Member,E-wallet,106.04
2024-05-30,A,Member,Cash,303.15
2024-09-03,A,Normal,E-wallet,115.93
2024-02-19,A,Normal,E-wallet,191.48
2024-11-23,B,Normal,Cash,327.39
2024-10-16,B,Normal,E-wallet,287.85
2024-04-26,A,Member,Cash,29.59
2024-09-03,A,Normal,E-wallet,424.27
2024-04-26,B,Normal,Credit Card,205.28
2024-12-03,A,Normal,Cash,223.75
2024-03-29,A,Normal,E-wallet,234.7
2024-04-22,A,Normal,E-wallet,247.32
2024-04-09,A,Normal,E-wallet,377.59
2024-09-17,B,Normal,Cash,354.39
2025-01-17,B,Member,Cash,54.27
2024-06-06,B,Normal,Credit Card,250.48
2024-08-14,A,Normal,E-wallet,310.42
2025-02-05,A,Normal,Credit Card,362.27
2024-11-13,B,Normal,E-wallet,308.56
2024-02-13,B,Member,E-wallet,366.06
2024-10-11,A,Normal,Cash,450.5
2024-12-01,B,Member,Cash,21.54
2024-10-26,A,Normal,Credit Card,339.9
2024-02-18,B,Normal,Cash,291.62
2024-04-05,A,Normal,Credit Card,186.71
2024-03-27,B,Normal,E-wallet,408.4
2025-02-10,B,Normal,Cash,344.51
2024-04-13,B,Member,Cash,222.65
2024-04-01,A,Normal,Cash,489.82
2024-07-27,B,Member,Cash,57.84
2024-03-31,B,Normal,E-wallet,179.52
2024-05-06,A,Normal,Cash,359.63
2024-07-25,B,Member,Credit Card,157.12
2024-04-08,B,Member,Cash,50.4
2024-02-18,A,Member,Cash,498.08
2024-05-01,A,Member,Credit Card,270.95
2024-12-17,A,Normal,Cash,373.08
2024-10-23,B,Member,E-wallet,358.87
2024-03-14,A,Normal,Credit Card,294.54
2024-08-16,B,Normal,E-wallet,247.88
2025-01-13,A,Normal,Credit Card,280.85
2024-11-26,B,Member,Cash,399.45
2024-10-11,A,Normal,Credit Card,98.74
2024-11-18,A,Member,Cash,70.05
2024-04-03,A,Normal,E-wallet,469.06
2024-03-01,B,Normal,Credit Card,359.75
2024-02-29,A,Member,Cash,340.44
2024-06-02,B,Member,E-wallet,86.25
2024-07-27,A,Normal,Credit Card,250.07
2025-01-02,B,Normal,Cash,351.95
2024-11-04,B,Normal,E-wallet,231.28
2024-05-09,B,Normal,Credit Card,248.62
2024-10-09,A,Member,Cash,253.6
2024-09-02,B,Member,Cash,474.78
2025-02-07,A,Normal,Credit Card,386.8
2024-10-09,A,Normal,Cash,492.08
2024-11-27,B,Normal,Credit Card,324.44
2024-12-08,A,Normal,Credit Card,338.93
2024-11-02,A,Member,E-wallet,336.16
2024-02-14,B,Normal,Credit Card,241.87
2024-09-19,A,Member,E-wallet,337.76
2024-12-05,A,Normal,E-wallet,161.58
2024-10-18,B,Normal,Credit Card,332.56
2024-06-25,A,Normal,Credit Card,16.64
2024-06-06,B,Member,E-wallet,29.83
2024-12-01,B,Normal,Cash,27.69
2024-09-01,B,Normal,Cash,60.06
2024-02-18,A,Member,Cash,418.02
2024-06-04,A,Member,E-wallet,217.24
2024-05-19,B,Normal,E-wallet,168.31
2024-04-06,B,Member,Cash,488.82
2024-02-15,A,Member,Credit Card,359.12
2024-02-29,B,Normal,Credit Card,400.24
2024-10-23,B,Normal,E-wallet,138.92
2024-06-18,A,Normal,Credit Card,56.56
2024-06-23,B,Member,E-wallet,51.96
2024-05-16,B,Normal,Cash,102.7
2024-06-08,B,Normal,E-wallet,284.78
2025-01-19,A,Normal,Cash,456.02
2024-04-05,B,Normal,E-wallet,368.7
2024-03-13,B,Member,Cash,453.49
2024-02-25,A,Normal,Cash,493.91
2024-06-02,A,Member,Cash,120.5
2024-03-26,B,Member,Cash,62.36
2024-03-19,B,Member,E-wallet,241.07
2024-03-30,A,Normal,Credit Card,381.29
2024-05-10,A,Normal,Cash,319.8
2024-10-27,B,Member,Cash,196.78
2024-02-26,B,Member,Credit Card,145.67
2024-11-17,A,Normal,Credit Card,182.86
2024-08-15,B,Normal,Cash,27.04
2025-01-22,B,Normal,Credit Card,181.16
2024-02-26,B,Member,Cash,481.68
2024-06-10,B,Normal,E-wallet,43.94
2024-08-23,A,Member,Credit Card,124.56
2024-06-25,A,Normal,E-wallet,259.37
2024-07-03,B,Normal,E-wallet,15.89
2024-08-13,A,Normal,E-wallet,109.01
2024-06-09,A,Member,Cash,217.94
2024-10-11,A,Normal,E-wallet,489.76
2024-07-19,A,Member,Cash,330.64
2024-12-19,A,Member,Credit Card,47.9
2024-07-31,A,Member,Cash,464.46
2024-04-07,B,Member,E-wallet,29.75
2024-03-28,A,Normal,E-wallet,361.36
2024-10-13,B,Member,E-wallet,132.54
2024-07-06,A,Member,Credit Card,334.06
2024-12-07,A,Member,E-wallet,293.06
2024-06-19,A,Member,Cash,94.29
2024-05-15,A,Member,E-wallet,430.63
2024-02-28,B,Normal,E-wallet,135.11
2024-11-07,A,Member,E-wallet,480.74
2024-07-26,A,Normal,Cash,385.07
2024-12-30,A,Normal,Credit Card,364.19
2024-02-18,A,Normal,E-wallet,469.11
2024-12-07,A,Normal,Credit Card,399.06
2024-02-13,A,Normal,Cash,393.05
2024-12-19,B,Member,Cash,326.78
2024-05-15,B,Member,E-wallet,462.28
2024-10-16,A,Member,Cash,163.54
2024-02-18,A,Member,Cash,484.53
2024-10-20,A,Member,Cash,434.89
2024-06-22,B,Normal,E-wallet,398.88
2024-06-06,A,Member,Cash,247.84
2024-11-11,B,Member,E-wallet,489.99
2025-01-12,B,Normal,E-wallet,290.79
2024-12-08,B,Normal,Cash,142.7
2024-06-01,B,Normal,E-wallet,342.59
2024-11-25,A,Normal,E-wallet,386.14
2024-05-24,B,Member,Credit Card,275.52
2024-11-30,A,Normal,Credit Card,376.55
2024-12-26,B,Normal,Credit Card,450.72
2024-10-16,B,Normal,E-wallet,204.67
2024-12-05,A,Normal,E-wallet,125.78
2024-07-29,B,Member,Credit Card,181.8
2024-05-01,A,Member,Credit Card,136.14
2024-07-06,B,Member,E-wallet,364.55
2024-03-10,B,Normal,E-wallet,18.73
2024-07-05,A,Member,Cash,205.16
2024-12-25,B,Member,Cash,49.57
2024-08-22,A,Member,Cash,273.56
2024-05-13,B,Member,Cash,338.5
2024-04-28,A,Normal,Credit Card,413.03
2024-03-30,B,Normal,Cash,299.43
2025-02-07,B,Normal,Credit Card,452.51
2024-03-08,A,Member,Cash,251.91
2024-04-02,A,Normal,E-wallet,326.12
2024-03-03,B,Member,Cash,283.87
2024-04-19,A,Normal,Cash,110.66
2024-12-27,B,Member,Credit Card,399.26
2024-12-18,A,Member,Credit Card,344.81
2025-01-02,B,Normal,Cash,58.8
2024-09-19,B,Member,Credit Card,301.85
2025-01-17,B,Member,E-wallet,251.27
2024-04-21,B,Member,Credit Card,173.37
2024-04-15,B,Member,Credit Card,200.93
2024-09-30,A,Member,Credit Card,165.19
2024-02-16,B,Normal,Credit Card,251.54
2025-01-19,B,Member,E-wallet,381.36
2024-09-26,B,Normal,Credit Card,419.54
2024-12-20,A,Normal,Credit Card,340.62
2024-05-24,B,Normal,E-wallet,411.12
2024-08-15,A,Member,E-wallet,127.96
2024-12-26,B,Member,E-wallet,403.41
2024-10-29,B,Member,Credit Card,139.85
2024-04-04,B,Normal,E-wallet,22.71
2024-07-25,A,Member,E-wallet,139.93
2024-11-15,A,Normal,Credit Card,406.35
2024-11-10,A,Normal,E-wallet,311.63
2025-02-11,B,Member,Cash,268.32
2024-03-06,B,Normal,Credit Card,270.77
2024-04-10,A,Member,Credit Card,227.13
2025-01-10,A,Member,Credit Card,486.54
2025-01-17,A,Member,E-wallet,55.71
2024-06-20,B,Member,Cash,139.37
2024-12-27,B,Member,E-wallet,104.0
2024-04-29,A,Member,E-wallet,117.79
2024-04-11,B,Member,Cash,59.45
2024-09-09,B,Normal,E-wallet,22.31
2025-01-03,B,Normal,E-wallet,282.49
2024-06-16,A,Member,E-wallet,369.86
2024-02-27,B,Member,Credit Card,185.58
2025-01-27,A,Member,E-wallet,187.93
2024-09-02,B,Member,E-wallet,399.66
2024-08-09,A,Member,E-wallet,451.52
2024-06-12,A,Normal,Credit Card,244.09
2024-02-29,B,Member,Credit Card,235.63
2024-10-23,A,Normal,E-wallet,300.17
2024-05-26,A,Member,Credit Card,405.94
2024-06-22,B,Normal,E-wallet,423.35
2025-02-02,B,Normal,Cash,52.66
2024-10-04,B,Normal,Cash,352.28
2024-12-02,A,Normal,Credit Card,74.03
2024-08-29,B,Member,Credit Card,406.7
2025-01-15,B,Normal,Credit Card,181.15
2024-06-11,A,Member,Cash,409.24
2024-04-21,B,Normal,Cash,254.32
2024-12-31,A,Member,E-wallet,168.78
2024-12-12,A,Normal,Cash,41.46
2024-06-04,A,Member,E-wallet,444.46
2024-05-01,B,Member,E-wallet,310.37
2024-09-04,A,Normal,E-wallet,53.68
2024-04-24,B,Normal,Cash,485.51
2024-05-18,A,Member,Credit Card,15.73
2024-05-31,A,Normal,Credit Card,448.29
2024-09-08,A,Member,Credit Card,414.99
2025-01-26,A,Normal,Credit Card,308.53
2024-10-12,B,Normal,Credit Card,74.6
2024-04-29,B,Normal,Cash,282.32
2025-01-09,B,Member,Credit Card,408.87
2024-11-27,A,Normal,Cash,473.79
2025-01-14,B,Normal,Credit Card,293.22
2024-09-30,B,Member,E-wallet,380.59
2024-05-13,B,Normal,E-wallet,369.06
2024-10-02,A,Normal,E-wallet,47.79
2024-08-17,B,Normal,E-wallet,288.89
2024-07-03,B,Normal,E-wallet,54.51
2024-03-23,A,Member,Cash,418.16
2025-01-11,B,Normal,Credit Card,361.75
2024-07-26,B,Member,E-wallet,202.11
2024-09-04,A,Normal,E-wallet,147.15
2024-10-08,B,Member,E-wallet,206.14
2024-10-06,A,Normal,Credit Card,461.28
2024-10-18,B,Member,E-wallet,133.55
2024-04-17,A,Normal,E-wallet,386.22
2024-08-11,A,Member,Credit Card,56.34
2024-05-05,A,Member,E-wallet,205.88
2025-01-29,B,Member,Cash,211.93
2024-05-31,B,Normal,Cash,35.06
2024-05-14,B,Member,Credit Card,325.82
2024-02-22,A,Normal,E-wallet,260.81
2024-12-08,B,Member,Cash,203.29
2024-11-21,B,Normal,Credit Card,283.73
2024-11-20,A,Member,Cash,349.78
2024-06-22,A,Normal,E-wallet,76.14
2024-09-20,B,Member,E-wallet,453.19
2024-07-13,B,Member,Credit Card,254.39
2025-01-07,B,Member,Cash,22.87
2024-11-13,A,Normal,Credit Card,444.27
2024-02-15,A,Member,E-wallet,77.14
2025-02-02,A,Member,Cash,417.55
2024-04-05,B,Member,Cash,378.57
2024-06-06,A,Member,Cash,73.46
2024-06-21,A,Member,E-wallet,351.11
2024-06-21,B,Normal,Credit Card,21.87
2024-08-05,B,Normal,Credit Card,215.74
2024-02-29,A,Member,Credit Card,343.88
2024-05-03,B,Member,Cash,470.61
2024-10-23,B,Normal,E-wallet,49.04
2024-09-30,A,Normal,E-wallet,329.48
2024-06-21,B,Member,E-wallet,362.13
2024-11-03,B,Normal,Cash,459.58
2024-09-14,B,Normal,Cash,43.33
2024-02-17,A,Member,E-wallet,328.26
2024-07-04,A,Member,E-wallet,443.15
2024-06-23,A,Member,E-wallet,326.76
2024-04-23,A,Member,Credit Card,201.75
2024-10-01,A,Member,Credit Card,251.18
2024-02-15,B,Member,E-wallet,459.43
2024-10-20,A,Member,Credit Card,364.0
2025-01-24,A,Member,Cash,466.96
2024-10-13,A,Member,E-wallet,323.62
2024-11-23,A,Member,E-wallet,426.18
2024-07-07,B,Normal,E-wallet,399.02
2024-06-02,B,Normal,E-wallet,347.65
2024-08-08,B,Normal,Credit Card,288.91
2025-01-10,B,Normal,Credit Card,156.35
2024-06-29,B,Normal,Credit Card,217.51
2024-10-17,B,Member,E-wallet,237.2
2024-07-19,B,Member,Cash,149.19
2024-08-29,B,Normal,Cash,300.39
2024-10-01,A,Member,E-wallet,473.21
2024-05-03,B,Member,Credit Card,214.69
2024-11-25,B,Member,Cash,344.5
2024-11-28,B,Member,E-wallet,79.64
2024-11-01,A,Normal,Cash,418.05
2025-01-13,A,Member,Credit Card,186.57
2024-12-27,B,Member,Credit Card,12.5
2024-06-15,A,Member,E-wallet,453.6
2024-09-13,A,Member,Credit Card,364.97
2024-10-16,A,Normal,Cash,59.87
2024-02-18,B,Normal,Credit Card,305.58
2024-12-02,A,Normal,Cash,25.02
2024-04-24,A,Normal,Cash,265.45
2024-09-22,B,Member,Cash,37.34
2024-07-08,B,Normal,Credit Card,370.77
2024-12-17,A,Normal,Cash,472.61
2024-07-19,B,Member,Credit Card,57.62
2024-10-25,A,Normal,Cash,164.19
2024-12-09,A,Normal,E-wallet,70.88
2024-07-08,A,Member,Credit Card,32.44
2024-06-26,B,Member,Cash,78.08
2025-02-06,B,Member,E-wallet,152.29
2025-01-30,A,Member,E-wallet,485.36
2024-10-21,B,Member,Cash,314.82
2024-04-09,B,Member,Credit Card,490.87
2025-01-10,B,Normal,Cash,353.14
2024-12-01,A,Member,Credit Card,470.79
2024-02-12,A,Normal,E-wallet,467.03
2024-05-22,B,Member,E-wallet,147.95
2024-08-21,B,Member,Cash,320.29
2024-07-15,B,Normal,E-wallet,285.71
2024-04-26,A,Member,Credit Card,169.41
2024-10-08,B,Normal,Cash,247.74
2024-12-15,A,Member,Credit Card,195.96
2024-08-23,A,Normal,Cash,305.8
2024-02-18,A,Normal,Cash,412.26
2024-03-06,A,Member,E-wallet,469.94
2025-01-25,B,Member,Cash,437.03
2024-12-05,A,Normal,Cash,117.42
2024-09-29,B,Member,Credit Card,49.29
2024-07-04,A,Normal,E-wallet,411.54
2024-11-12,A,Member,Credit Card,254.63
2024-05-02,A,Member,E-wallet,462.92
2024-04-13,A,Normal,Cash,328.49
2024-04-20,B,Normal,E-wallet,437.33
2024-07-07,B,Normal,Credit Card,260.63
2024-08-06,B,Normal,E-wallet,310.98
2024-08-24,B,Member,Cash,274.4
2024-06-12,B,Member,E-wallet,109.72
2024-10-01,B,Normal,E-wallet,344.79
2025-02-05,B,Member,E-wallet,33.82
2024-08-18,B,Member,Credit Card,357.57
2024-10-12,A,Normal,Credit Card,367.37
2024-03-25,A,Member,Credit Card,161.16
2024-02-17,B,Member,Credit Card,359.69
2024-05-14,B,Member,Credit Card,378.62
2024-06-02,A,Normal,Credit Card,443.25
2024-10-30,B,Member,Credit Card,78.35
2024-11-14,A,Member,Cash,268.7
2024-10-13,B,Normal,E-wallet,273.75
2024-10-21,A,Member,Credit Card,487.65
2025-02-02,A,Normal,Credit Card,498.63
2024-10-23,A,Normal,Cash,217.51
2024-09-14,B,Normal,E-wallet,245.69
2024-12-20,B,Normal,E-wallet,149.57
2024-06-26,A,Member,Cash,16.9
2024-12-25,A,Normal,E-wallet,120.3
2024-06-30,B,Normal,E-wallet,370.15
2024-09-15,B,Normal,Credit Card,349.21
2024-06-14,A,Normal,Credit Card,153.4
2025-01-16,B,Member,E-wallet,75.82
2025-01-30,B,Member,E-wallet,485.63
2024-06-10,A,Member,Cash,148.9
2024-12-29,A,Member,Credit Card,94.88
2024-03-25,B,Member,Cash,317.48
2024-10-31,A,Member,Cash,50.55
2024-05-18,A,Normal,Credit Card,70.0
2024-12-27,B,Member,Cash,356.05
2024-10-20,B,Normal,Credit Card,353.74
2024-12-27,B,Member,E-wallet,446.3
2024-09-02,B,Normal,E-wallet,13.32
2024-07-19,B,Member,Cash,269.43
2024-02-24,A,Member,E-wallet,474.36
2024-10-20,A,Member,E-wallet,47.13
2024-02-15,A,Normal,Credit Card,403.13
2024-09-11,B,Member,E-wallet,408.32
2024-04-08,B,Member,E-wallet,89.21
2024-11-08,A,Normal,Cash,498.94
2024-05-18,B,Normal,Credit Card,101.06
2024-04-22,A,Normal,Cash,154.53
2024-09-14,B,Normal,E-wallet,388.67
2024-04-10,A,Normal,Cash,399.16
2024-04-01,A,Member,Cash,481.6
2025-02-11,A,Member,E-wallet,380.52
2024-03-03,A,Normal,Credit Card,420.59
2024-03-30,A,Normal,E-wallet,70.89
2024-09-12,A,Member,Credit Card,491.19
2024-10-13,A,Member,Credit Card,87.36
2024-03-17,A,Member,Cash,409.46
2024-08-15,B,Normal,E-wallet,244.24
2024-08-08,B,Member,Credit Card,178.24
2024-02-26,A,Normal,Cash,468.45
2024-12-20,B,Normal,E-wallet,345.72
2025-01-13,B,Normal,Cash,450.93
2025-02-11,A,Member,E-wallet,78.72
2024-03-02,A,Member,Credit Card,343.04
2024-10-08,B,Normal,Cash,204.76
2024-09-15,A,Normal,Cash,477.57
2024-08-30,B,Normal,Credit Card,424.52
2024-04-07,A,Member,Cash,112.18
2024-03-15,A,Member,Credit Card,392.92
2024-05-30,A,Member,Cash,453.49
2024-03-12,A,Normal,Cash,144.66
2024-10-31,A,Normal,E-wallet,478.03
2025-02-05,A,Member,Cash,263.67
2025-01-21,A,Normal,Credit Card,465.7
2024-10-28,A,Member,E-wallet,367.23
2024-06-14,A,Normal,Cash,62.88
2024-02-12,A,Normal,Credit Card,413.21
2024-09-28,A,Member,E-wallet,470.29
2024-05-24,B,Normal,Credit Card,489.2
2024-09-28,A,Member,E-wallet,423.98
2024-04-24,B,Normal,Cash,44.01
2024-02-27,A,Normal,Credit Card,391.54
2024-03-15,B,Normal,E-wallet,90.57
2024-11-27,B,Normal,Cash,379.74
2024-07-27,A,Member,Credit Card,32.49
2024-03-27,A,Member,Cash,257.7
2024-12-19,A,Normal,E-wallet,264.75
2024-10-05,A,Normal,E-wallet,462.98
2024-08-12,A,Normal,Credit Card,171.17
2025-02-10,B,Normal,Cash,62.45
2024-09-05,A,Normal,Credit Card,156.76
2024-02-22,B,Member,Credit Card,121.14
2024-04-20,A,Normal,Cash,213.94
2024-06-02,A,Member,Credit Card,495.72
2024-06-30,B,Member,E-wallet,268.39
2024-03-06,B,Member,Cash,395.69
2024-08-10,A,Member,Credit Card,72.91
2024-02-16,A,Normal,Cash,134.07
2024-07-12,A,Normal,Credit Card,120.69
2024-09-04,B,Member,Credit Card,463.79
2024-12-10,A,Member,Cash,17.77
2025-01-23,B,Normal,Cash,283.96
2024-06-14,A,Normal,Credit Card,334.09
2025-01-16,A,Member,Credit Card,39.78
2024-03-03,A,Normal,E-wallet,249.32
2024-05-05,B,Member,Credit Card,321.78
2024-12-02,A,Normal,E-wallet,122.35
2024-09-20,A,Normal,Cash,214.46
2024-12-03,B,Normal,Credit Card,237.15
2024-08-26,B,Member,Cash,235.44
2024-07-09,B,Member,Credit Card,488.85
2024-05-21,A,Normal,Cash,328.15
2024-06-19,A,Normal,E-wallet,206.5
2024-04-09,B,Member,E-wallet,63.37
2024-08-25,B,Member,Cash,497.13
2025-02-05,B,Normal,E-wallet,58.51
2024-07-05,B,Member,Cash,484.55
2024-05-24,B,Normal,Credit Card,142.33
2024-11-16,A,Normal,Credit Card,366.58
2024-05-05,B,Normal,E-wallet,342.1
2024-07-07,A,Member,E-wallet,216.76
2024-04-22,A,Member,Cash,473.2
2024-10-06,A,Normal,Cash,357.05
2024-09-13,A,Member,Cash,105.08
2024-07-19,A,Member,Cash,343.37
2025-02-05,B,Member,Cash,402.42
2024-10-11,B,Member,E-wallet,195.36
2024-08-07,B,Member,E-wallet,253.21
2024-09-14,A,Member,Cash,391.66
2024-03-29,B,Normal,Credit Card,312.93
2024-11-19,A,Member,E-wallet,20.32
2024-07-24,B,Normal,Credit Card,221.62
2024-10-13,A,Member,Cash,275.31
2024-04-26,A,Normal,E-wallet,359.53
2024-07-10,A,Normal,Credit Card,67.63
2024-12-19,A,Member,Credit Card,462.43
2024-06-24,A,Member,E-wallet,343.33
2024-07-14,B,Member,Credit Card,14.16
2024-02-13,B,Normal,Credit Card,458.42
2024-06-27,B,Member,Cash,120.7
2024-06-29,B,Member,E-wallet,321.77
2024-12-15,A,Normal,E-wallet,87.54
2024-10-13,B,Normal,Cash,57.37
2024-11-25,A,Member,Credit Card,476.87
2024-07-24,A,Member,E-wallet,392.35
2024-06-14,B,Normal,Cash,141.49
2025-01-14,B,Member,Cash,307.41
2024-03-26,B,Member,Cash,236.48
2024-06-01,A,Member,E-wallet,231.24
2024-09-11,B,Normal,Credit Card,54.42
2024-10-17,A,Normal,Credit Card,297.85
2024-02-19,B,Member,E-wallet,372.38
2024-07-25,A,Member,Cash,474.48
2024-03-24,A,Member,Cash,440.49
2024-09-01,B,Member,Cash,394.71
2025-01-30,B,Member,Cash,438.65
2024-12-13,B,Normal,Credit Card,130.31
2024-06-21,A,Member,Cash,289.71
2024-03-13,A,Normal,Cash,308.35
2024-05-13,B,Member,Cash,342.96
2024-05-24,A,Member,E-wallet,450.56
2024-07-16,B,Member,E-wallet,464.41
2024-07-02,A,Normal,Cash,463.62
2025-01-10,B,Normal,Credit Card,26.72
2024-09-05,A,Member,E-wallet,427.83
2024-06-30,B,Normal,Cash,123.3
2025-01-02,A,Member,E-wallet,166.68
2024-11-02,A,Normal,E-wallet,74.6
2024-10-04,A,Member,Cash,430.79
2024-05-07,A,Normal,E-wallet,208.7
2024-11-27,B,Normal,Credit Card,342.8
2024-04-13,A,Normal,E-wallet,101.34
2024-12-19,A,Normal,Cash,454.47
2024-09-01,A,Member,E-wallet,419.36
2024-03-09,B,Normal,Credit Card,494.53
2024-07-04,B,Member,Credit Card,100.12
2024-08-22,A,Member,Cash,249.97
2024-06-20,A,Member,E-wallet,35.54
2024-12-16,A,Normal,Cash,225.22
2024-05-17,B,Normal,Credit Card,451.21
2025-01-03,A,Normal,Credit Card,300.19
2024-05-12,A,Member,E-wallet,104.77
2024-08-30,B,Member,E-wallet,56.73
2024-12-20,A,Normal,Cash,493.78
2024-08-08,A,Member,Credit Card,245.73
2024-05-02,B,Normal,Cash,26.69
2024-07-03,B,Normal,Cash,481.2
2024-10-23,A,Normal,E-wallet,337.09
2024-05-11,B,Normal,Credit Card,153.55
2024-12-11,A,Member,E-wallet,464.85
2025-01-09,B,Member,E-wallet,158.39
2024-09-27,A,Normal,Credit Card,164.93
2024-03-20,A,Member,E-wallet,306.61
2024-03-29,A,Member,Cash,144.66
2024-07-03,B,Member,E-wallet,155.27
2024-12-12,B,Normal,Credit Card,350.83
2024-06-27,A,Member,Credit Card,409.67
2024-03-09,B,Member,Cash,415.73
2024-11-21,A,Member,Cash,460.61
2024-09-15,A,Normal,E-wallet,40.12
2024-12-04,A,Member,Credit Card,176.54
2024-09-28,B,Normal,Credit Card,255.62
2024-05-03,A,Member,Credit Card,492.43
2025-01-10,B,Normal,Credit Card,116.7
2025-01-07,B,Member,Cash,149.67
2024-11-23,B,Member,Credit Card,322.72
2024-04-12,B,Member,Credit Card,188.35
2025-01-04,A,Normal,Cash,221.35
2025-01-21,A,Member,Credit Card,145.5
2024-11-06,B,Normal,Cash,117.13
2024-11-18,B,Member,E-wallet,251.77
2024-08-05,A,Member,Credit Card,260.32
2024-06-20,A,Member,Cash,50.69
2024-08-23,B,Member,Cash,467.28
2025-02-07,A,Member,E-wallet,490.15
2024-12-12,B,Normal,E-wallet,389.57
2024-10-16,A,Member,E-wallet,89.84
2024-04-15,A,Normal,E-wallet,482.75
2024-05-10,B,Normal,Cash,453.07
2025-01-12,A,Normal,Credit Card,365.6
2024-09-25,A,Member,E-wallet,435.73
2024-04-04,A,Normal,Credit Card,207.38
2024-04-24,B,Normal,Cash,254.47
2024-04-02,A,Member,E-wallet,346.97
2024-10-29,A,Member,Credit Card,335.17
2024-06-19,B,Member,Cash,240.82
2024-03-16,B,Normal,Credit Card,159.74
2024-05-18,B,Normal,E-wallet,50.9
2024-05-08,B,Normal,Credit Card,114.63
2024-07-05,A,Member,Credit Card,483.0
2024-04-23,B,Normal,Cash,184.54
2024-11-09,A,Normal,E-wallet,347.97
2024-12-21,B,Member,E-wallet,491.38
2024-02-17,B,Member,E-wallet,224.88
2024-11-16,B,Member,Cash,329.45
2024-11-09,B,Normal,E-wallet,46.11
2024-05-12,A,Normal,Credit Card,497.84
2024-03-13,B,Normal,Credit Card,347.86
2024-05-26,A,Normal,Cash,119.21
2024-08-16,B,Member,Credit Card,218.98
2024-08-24,B,Normal,Credit Card,145.96
2024-08-06,A,Member,Credit Card,255.27
2024-09-20,A,Normal,Credit Card,146.32
2025-02-06,A,Normal,Cash,399.28
2024-11-18,B,Member,Credit Card,422.38
2025-01-12,B,Normal,Cash,354.23
2024-03-21,B,Normal,E-wallet,456.45
2025-01-18,A,Member,Credit Card,15.89
2025-01-03,A,Normal,E-wallet,312.12
2024-05-27,A,Member,E-wallet,124.8
2024-12-22,B,Member,Credit Card,12.83
2024-12-07,A,Member,E-wallet,352.54
2024-10-03,A,Normal,Cash,93.43
2024-04-11,B,Normal,E-wallet,213.66
2024-09-27,B,Normal,Credit Card,322.33
2024-09-17,A,Member,Cash,100.37
2024-03-11,A,Normal,E-wallet,299.13
2024-07-24,B,Normal,E-wallet,302.43
2024-11-11,B,Member,E-wallet,122.99
2024-07-25,A,Member,Credit Card,366.11
2024-07-12,A,Member,E-wallet,493.54
2024-08-04,B,Member,E-wallet,429.89
2024-02-20,B,Member,E-wallet,403.73
2024-04-18,A,Member,E-wallet,341.52
2024-10-04,A,Member,Credit Card,469.42
2024-03-10,A,Member,E-wallet,436.19
2024-11-29,B,Member,Cash,39.87
2024-09-22,A,Normal,E-wallet,454.69
2024-10-16,B,Normal,Credit Card,348.63
2025-01-24,A,Member,E-wallet,387.77
2024-03-01,B,Member,E-wallet,230.16
2024-06-26,B,Member,Cash,55.37
2024-09-07,A,Normal,Cash,87.59
2024-06-23,B,Normal,Cash,468.57
2024-09-14,B,Member,Cash,373.89
2024-06-18,A,Member,E-wallet,330.67
2024-02-19,A,Member,E-wallet,432.04
2024-06-25,B,Normal,Credit Card,113.22
2024-06-27,A,Member,Cash,16.47
2024-10-10,A,Member,Cash,74.57
2024-11-23,A,Normal,Credit Card,161.63
2024-11-19,B,Normal,E-wallet,104.77
2024-06-15,B,Member,E-wallet,59.89
2024-07-02,B,Member,Credit Card,325.79
2024-05-12,B,Member,Credit Card,158.59
2024-05-02,B,Member,Cash,362.16
2024-12-30,A,Normal,E-wallet,373.06
2024-09-30,B,Member,E-wallet,292.68
2024-03-03,B,Member,Credit Card,107.28
2024-04-27,B,Normal,Credit Card,25.65
2024-12-27,A,Normal,E-wallet,301.33
2024-11-23,B,Normal,E-wallet,175.11
2024-12-27,B,Member,Cash,467.85
2024-03-27,B,Member,Cash,316.38
2024-05-24,A,Normal,Cash,175.38
2024-10-29,A,Normal,E-wallet,379.05
2024-04-07,B,Normal,Cash,19.87
2024-04-12,A,Normal,Credit Card,351.74
2024-07-06,B,Normal,Credit Card,491.46
2024-08-05,A,Member,Cash,335.52
2024-05-16,A,Normal,Cash,258.3
2024-06-05,B,Member,Credit Card,373.24
2024-09-05,A,Member,E-wallet,285.46
2024-08-08,A,Member,Credit Card,54.49
2024-05-03,A,Normal,Cash,130.05
2024-02-25,A,Member,Credit Card,139.63
2024-06-17,A,Member,E-wallet,236.34
2024-11-03,B,Member,Cash,284.89
2024-06-19,B,Normal,Cash,415.68
2024-04-28,B,Member,E-wallet,20.88
2024-12-24,B,Member,Credit Card,12.35
2024-08-11,A,Normal,E-wallet,290.56
2025-02-04,B,Member,Credit Card,457.29
2024-08-08,B,Normal,E-wallet,256.33
2024-06-10,B,Member,E-wallet,394.24
2025-02-06,A,Normal,Cash,134.41
2024-12-27,A,Member,Cash,281.17
2024-06-01,B,Normal,E-wallet,12.84
2024-06-24,B,Member,E-wallet,458.24
2024-03-28,B,Member,E-wallet,61.59
2024-05-15,A,Normal,Credit Card,350.82
2024-05-26,A,Member,Cash,261.0
2024-03-31,A,Normal,Credit Card,490.74
2024-12-27,A,Member,Cash,135.85
2024-10-27,A,Normal,Credit Card,358.81
2025-01-29,A,Member,E-wallet,64.39
2024-12-09,B,Normal,Cash,191.02
2024-05-05,A,Normal,Credit Card,150.26
2024-04-24,B,Member,E-wallet,410.43
2024-11-21,A,Member,E-wallet,279.76
2024-08-04,A,Member,E-wallet,297.13
2024-06-08,A,Member,Cash,216.04
2024-11-01,A,Normal,Cash,424.87
2024-04-21,A,Member,Cash,319.44
2024-10-23,A,Normal,Credit Card,31.97
2024-09-04,B,Member,E-wallet,355.74
2024-08-10,A,Member,E-wallet,192.9
2024-03-29,A,Normal,E-wallet,203.12
2025-02-03,A,Normal,E-wallet,254.7
2024-07-08,A,Normal,E-wallet,265.8
2024-09-14,A,Normal,Credit Card,393.13
2024-12-25,A,Normal,E-wallet,403.72
2024-04-11,B,Member,Credit Card,264.84
2024-03-09,A,Normal,Credit Card,202.89
2024-06-27,A,Normal,E-wallet,172.93
2024-12-03,B,Normal,E-wallet,187.31
2024-03-29,B,Normal,Credit Card,123.4
2024-09-08,B,Normal,E-wallet,499.24
2024-04-17,A,Member,Cash,112.74
2024-08-13,A,Normal,E-wallet,10.01
2024-06-10,A,Member,E-wallet,192.07
2024-09-28,A,Member,Cash,213.7
2024-02-13,A,Normal,Credit Card,409.87
2024-07-24,A,Member,E-wallet,126.83
2024-09-29,B,Member,Cash,166.16
2024-05-25,A,Normal,Cash,282.38
2024-04-20,A,Normal,E-wallet,428.91
2025-01-14,B,Normal,Cash,329.1
2024-07-01,A,Normal,Cash,170.86
2024-11-16,B,Member,E-wallet,127.51
2024-08-01,A,Member,Cash,403.56
2024-03-08,A,Member,Credit Card,307.19
2024-09-20,B,Normal,E-wallet,359.45
2024-12-25,A,Normal,E-wallet,268.72
2024-04-30,A,Normal,Cash,425.31
2024-11-10,A,Normal,Cash,177.33
2025-01-26,A,Member,E-wallet,321.17
2024-03-30,B,Member,Credit Card,379.82
2024-05-23,B,Member,Cash,75.83
2025-01-30,A,Normal,E-wallet,442.05
2024-08-04,A,Member,Credit Card,463.75
2024-09-21,B,Member,E-wallet,436.76
2024-03-14,A,Member,Cash,168.18
2024-08-30,A,Member,Credit Card,66.01
2024-03-12,B,Normal,Cash,174.59
2025-01-17,A,Member,Credit Card,197.73
2025-01-25,B,Normal,E-wallet,142.22
2024-08-22,A,Member,Credit Card,157.27
2024-04-23,A,Normal,Credit Card,291.55
2024-12-11,A,Normal,Credit Card,33.4
2024-12-15,B,Member,Credit Card,492.36
2024-05-23,B,Normal,Cash,276.14
2024-06-22,A,Member,Credit Card,163.65
2025-01-10,A,Member,Cash,37.89
2024-11-28,A,Normal,Credit Card,265.07
2024-04-24,B,Normal,Cash,477.58
2024-08-28,B,Normal,Credit Card,85.11
2025-01-01,A,Normal,Cash,45.05
2024-04-13,B,Normal,Cash,343.52
2024-05-25,A,Normal,Credit Card,215.78
2024-08-04,B,Member,Cash,332.81
2024-05-17,A,Normal,Credit Card,190.32
2025-01-13,A,Normal,Cash,174.04
2024-04-04,A,Normal,E-wallet,454.42
2024-09-16,B,Member,Cash,55.42
2024-09-21,B,Member,Credit Card,351.42
2024-09-09,A,Member,Credit Card,312.05
2024-06-30,A,Member,E-wallet,371.05
2024-10-06,B,Member,Credit Card,424.12
2024-03-22,A,Normal,Credit Card,494.4
2025-01-02,A,Normal,E-wallet,274.93
2024-10-31,A,Member,Cash,54.86
2024-03-17,B,Normal,Cash,335.73
2024-12-30,A,Normal,E-wallet,475.37
2024-10-17,A,Normal,Credit Card,237.52
2025-01-29,A,Normal,E-wallet,304.06
2024-08-28,B,Normal,Cash,212.54
2024-11-21,B,Normal,E-wallet,349.55
2024-08-18,B,Normal,E-wallet,23.59
2024-06-03,B,Member,Cash,230.39
2024-06-14,B,Normal,E-wallet,369.55
2024-04-29,A,Normal,Credit Card,297.99
2024-10-24,B,Member,E-wallet,334.28
2024-05-22,A,Normal,E-wallet,332.44
2024-08-21,A,Normal,Cash,186.96
2024-11-30,A,Member,Credit Card,185.29
2024-06-16,A,Member,Cash,112.46
2024-06-30,B,Normal,E-wallet,334.75
2024-04-21,A,Member,Credit Card,291.95
2025-01-01,B,Normal,E-wallet,435.06
2024-06-11,A,Member,Credit Card,117.09
2024-04-01,A,Member,Cash,237.15
2024-05-19,B,Member,Credit Card,484.44
2024-05-11,B,Member,Credit Card,42.47
2024-12-15,A,Member,E-wallet,312.12
2024-08-19,A,Normal,Cash,291.26
2025-01-25,A,Normal,Credit Card,411.32
2024-03-29,A,Member,Credit Card,160.75
2024-09-24,A,Member,Credit Card,437.77
2024-07-06,A,Normal,Credit Card,297.07
2024-10-14,B,Member,Credit Card,140.9
2024-06-24,A,Member,Cash,105.48
2024-11-13,B,Normal,Credit Card,451.53
2024-08-24,A,Normal,Cash,133.29
2024-04-05,B,Member,Credit Card,199.84
2024-10-08,A,Normal,E-wallet,253.06
2024-06-30,B,Member,Cash,142.77
2024-11-24,B,Member,Cash,298.38
2024-12-16,A,Normal,Credit Card,139.23
2024-08-06,A,Normal,E-wallet,367.6
2024-12-22,A,Normal,Credit Card,193.76
2024-10-18,A,Normal,Credit Card,285.41
2025-01-13,B,Member,E-wallet,143.94
2024-07-31,A,Member,Cash,71.9
2024-04-29,B,Member,E-wallet,107.54
2024-10-13,A,Normal,E-wallet,134.34
2024-04-29,A,Member,Cash,241.51
2024-04-11,A,Member,Cash,442.09
2024-12-11,A,Member,Credit Card,201.76
2024-10-23,A,Member,Credit Card,308.11
2025-01-17,A,Normal,E-wallet,247.72
2024-05-29,A,Member,Cash,245.16
2024-12-10,B,Normal,Credit Card,86.37
2024-08-21,A,Member,Credit Card,251.56
2024-03-28,A,Member,E-wallet,296.64
2024-07-19,B,Member,Credit Card,55.18
2024-05-11,A,Member,Credit Card,296.25
2024-12-28,B,Member,Cash,494.66
2025-01-03,A,Member,E-wallet,121.71
2024-10-30,A,Normal,Cash,281.46
2024-03-03,B,Member,Cash,151.66
2024-10-20,B,Normal,Cash,365.77
2024-10-14,A,Member,E-wallet,128.0
2024-07-27,B,Member,Credit Card,310.83
2024-05-19,A,Member,Credit Card,376.46
2024-12-11,B,Normal,E-wallet,358.19
2024-12-15,B,Member,E-wallet,279.76
2024-06-03,B,Member,E-wallet,137.89
2024-10-31,A,Normal,E-wallet,201.94
2024-03-23,B,Normal,Cash,485.47
2024-04-28,B,Member,Cash,438.48
2024-04-09,B,Normal,Credit Card,177.67
2025-01-27,A,Member,Cash,455.64
2024-06-07,A,Normal,Credit Card,166.51
2024-03-20,B,Member,Credit Card,180.92
2024-12-15,A,Normal,Cash,112.65
2024-09-26,B,Member,Cash,445.99
2024-06-03,A,Normal,E-wallet,423.99
2025-01-02,A,Member,E-wallet,230.77
2024-05-16,B,Member,Cash,448.87
2024-05-26,B,Member,Cash,22.34
2024-11-06,B,Member,Cash,481.08
2024-04-06,A,Member,Credit Card,288.62
2024-12-13,B,Member,Credit Card,205.04
2024-08-13,A,Normal,Cash,398.12
2024-07-11,A,Normal,E-wallet,246.05
2024-11-27,A,Normal,E-wallet,451.02
2024-12-13,B,Normal,E-wallet,46.65
2024-11-12,B,Member,E-wallet,358.61
2024-03-03,B,Normal,Credit Card,281.05
2025-01-21,A,Member,Cash,107.35
2024-12-03,B,Normal,Cash,452.21
2024-10-26,A,Member,Credit Card,188.74
2024-03-06,A,Member,Credit Card,67.58
2024-06-13,B,Normal,Cash,192.16
2024-04-22,B,Member,Cash,398.33
2024-04-02,B,Normal,Cash,122.68
2024-10-20,A,Normal,Cash,246.12
2024-07-08,A,Normal,Cash,210.56
2025-02-11,A,Normal,E-wallet,364.68
2024-07-30,B,Normal,Credit Card,461.72
2024-07-16,B,Member,E-wallet,149.07
2024-12-29,A,Normal,E-wallet,329.37
2024-07-11,B,Normal,Credit Card,399.2
2024-05-02,A,Normal,Cash,258.88
2025-01-16,B,Normal,Credit Card,296.92
2025-01-29,A,Member,Credit Card,448.67
2024-09-24,A,Normal,Credit Card,63.58
2024-03-06,A,Normal,Cash,263.89
2024-06-24,B,Member,Credit Card,130.42
2024-10-18,B,Normal,Cash,84.86
2024-07-19,B,Member,Credit Card,184.72
2024-12-04,B,Normal,E-wallet,153.77
2024-10-31,A,Member,Credit Card,458.2
2025-02-05,B,Normal,Credit Card,285.16
2024-02-14,B,Member,Credit Card,476.47
2024-08-29,A,Member,E-wallet,164.79
2024-03-12,A,Normal,Credit Card,452.57
2024-10-18,B,Member,Cash,466.9
2024-09-02,B,Member,Cash,20.85
2024-12-07,A,Member,Cash,211.17
2024-10-14,B,Member,Cash,71.51
2024-05-22,A,Normal,Credit Card,68.51
2025-02-02,B,Normal,Cash,315.16
2024-11-05,B,Member,E-wallet,192.28
2024-05-30,A,Member,Cash,82.44
2024-02-18,A,Normal,E-wallet,358.44
2024-08-17,B,Member,Cash,269.79
2024-08-02,A,Normal,Cash,305.38
2025-01-22,B,Normal,Credit Card,306.37
2024-09-28,B,Normal,Cash,352.83
2024-11-02,B,Member,Cash,14.99
2024-03-23,B,Normal,E-wallet,478.98
2024-04-14,A,Member,Cash,274.07
2024-10-15,B,Normal,Cash,335.09
2024-12-21,B,Member,E-wallet,225.78
2024-11-02,B,Normal,Credit Card,238.9
2024-10-16,A,Normal,E-wallet,96.75
2024-08-24,A,Member,Cash,235.78
2025-02-03,A,Member,E-wallet,117.31
2024-08-14,A,Normal,Cash,167.18
2025-01-13,B,Member,Credit Card,463.17
2024-10-15,A,Member,Credit Card,319.56
2024-06-11,A,Member,Credit Card,334.38
2024-12-28,B,Normal,Credit Card,440.48
2025-01-30,A,Normal,E-wallet,265.36
2024-04-28,B,Member,Cash,173.65
2024-05-01,A,Normal,Cash,305.0
2024-05-21,B,Normal,Credit Card,205.16
2024-04-07,A,Normal,E-wallet,237.58
2024-10-22,A,Normal,E-wallet,127.19
2024-12-31,B,Normal,Cash,315.82
2024-04-08,B,Normal,E-wallet,171.14
2024-07-23,B,Member,Credit Card,325.02
2024-03-24,B,Normal,Cash,90.9
2024-12-23,B,Member,Credit Card,132.5
2024-05-21,A,Member,E-wallet,23.17
2024-03-02,B,Normal,Cash,29.67
2024-06-06,B,Normal,Credit Card,481.29
2024-09-18,B,Normal,E-wallet,186.5
2024-06-16,A,Member,E-wallet,436.86
2025-01-01,B,Normal,Cash,189.56
2024-10-31,A,Member,E-wallet,236.43
2024-05-05,B,Normal,Cash,236.63
2024-11-27,A,Member,E-wallet,362.08
2024-07-31,A,Normal,Credit Card,238.87
2025-02-07,A,Normal,Cash,62.9
2024-10-28,A,Normal,E-wallet,97.7
2024-03-27,B,Normal,Credit Card,321.25
2024-05-15,A,Normal,Credit Card,243.35
2025-01-12,B,Member,Cash,311.99
2024-04-25,A,Normal,E-wallet,443.12
2024-12-14,A,Normal,Cash,304.08
2024-05-05,A,Normal,Cash,344.85
2024-11-08,B,Normal,Cash,274.49
2024-04-03,B,Member,E-wallet,203.14
2024-04-19,B,Normal,E-wallet,327.29
2024-07-20,A,Member,E-wallet,319.36
2025-01-15,A,Normal,E-wallet,243.41
2024-02-28,B,Member,Cash,116.74
2024-03-21,A,Member,E-wallet,56.49
2024-09-23,B,Member,Cash,494.25
2024-07-25,B,Normal,Cash,398.51
2024-12-25,B,Member,Credit Card,101.5
2024-05-18,A,Member,Credit Card,114.09
2024-04-23,B,Normal,Credit Card,233.31
2025-02-01,A,Normal,E-wallet,164.55
2024-11-26,A,Member,E-wallet,295.92
2024-07-09,A,Member,Cash,96.07
2024-04-25,A,Member,Credit Card,51.63
2024-04-03,A,Member,Credit Card,279.39
2024-11-09,B,Normal,Cash,22.46
2024-05-04,A,Member,E-wallet,399.46
2024-05-07,B,Member,Credit Card,240.43
2024-02-17,B,Normal,E-wallet,329.83
2024-08-19,A,Member,Cash,175.24
2024-04-06,A,Member,Credit Card,422.29
2024-06-26,B,Normal,E-wallet,213.45
2024-12-21,B,Normal,Credit Card,368.07
2024-06-30,B,Member,Credit Card,374.32
2024-07-22,B,Member,Cash,10.2
2024-11-15,B,Member,E-wallet,55.57
2024-09-23,B,Normal,Cash,192.66
2024-12-20,B,Member,E-wallet,337.28
2024-12-25,B,Normal,Credit Card,496.88
2024-12-09,B,Normal,Credit Card,315.9
2024-10-30,A,Normal,E-wallet,481.94
2024-05-21,A,Normal,Credit Card,303.73
2024-10-14,A,Member,Credit Card,335.06
2024-07-22,A,Normal,Credit Card,37.25
2024-08-19,B,Normal,Credit Card,426.4
2024-06-05,B,Member,E-wallet,236.58
2024-04-25,B,Member,Credit Card,146.48
2025-01-28,A,Member,E-wallet,280.78
2024-06-14,A,Member,Credit Card,313.41
2024-12-31,A,Normal,Cash,453.84
2024-12-27,A,Member,Cash,480.6
2024-08-26,A,Normal,Credit Card,197.61
2024-09-05,B,Normal,Cash,146.63
2024-03-21,B,Normal,E-wallet,216.37
2024-05-09,A,Normal,Credit Card,317.35
2024-06-16,B,Member,Credit Card,22.19
2024-07-17,A,Member,Credit Card,392.88
2024-11-24,B,Member,Cash,378.02
2024-06-06,A,Member,Cash,221.72
2024-10-19,A,Member,E-wallet,328.52
2025-02-01,A,Member,Credit Card,304.44
2024-06-16,A,Normal,E-wallet,264.8
2024-12-17,B,Normal,E-wallet,93.8
2025-01-17,B,Normal,E-wallet,268.94
2024-06-06,A,Normal,E-wallet,246.03
2024-02-24,A,Normal,Cash,441.98
2024-11-16,B,Normal,Cash,150.92
2024-09-19,A,Normal,Cash,159.83
2024-07-17,A,Normal,Credit Card,127.45
2024-12-28,B,Normal,Credit Card,164.43
2024-09-25,B,Normal,Credit Card,408.96
2024-03-27,A,Normal,E-wallet,361.42
2024-02-16,B,Member,Cash,364.97
2024-07-12,A,Normal,E-wallet,148.85
2024-07-15,B,Member,Cash,422.82
2024-10-12,A,Member,Credit Card,457.45
2024-02-27,B,Normal,Credit Card,77.42
2024-08-13,A,Member,Credit Card,57.24
2024-08-05,A,Normal,E-wallet,403.25
2024-04-25,B,Member,E-wallet,475.18
2024-10-09,B,Member,Cash,152.96
2024-09-29,B,Member,E-wallet,467.11
2024-06-15,A,Normal,Credit Card,37.04
2024-11-06,A,Member,Cash,223.3
2024-11-18,A,Member,Credit Card,89.22
2024-04-26,A,Member,Cash,70.08
2024-10-09,A,Normal,Cash,173.92
2025-02-11,B,Normal,E-wallet,340.13
2024-07-15,B,Normal,E-wallet,374.07
2024-09-01,B,Normal,Credit Card,467.79
2024-07-15,B,Member,E-wallet,309.61
2024-10-02,B,Member,Cash,430.59
2024-06-06,A,Member,E-wallet,309.66
2024-08-25,B,Normal,Cash,77.89
2024-05-20,A,Member,Cash,214.42
2024-06-05,A,Member,Cash,133.97
2024-09-09,A,Normal,Cash,468.87
2024-03-12,B,Member,Cash,88.21
2024-04-23,B,Member,Cash,367.16
2024-04-12,B,Member,Cash,214.7
2025-01-15,A,Normal,Cash,351.49
2024-06-12,A,Member,E-wallet,455.37
2024-06-22,A,Member,Credit Card,97.25
2024-05-24,B,Member,Credit Card,322.49
2024-05-25,B,Member,E-wallet,63.21
2024-04-24,B,Member,Credit Card,310.79
2025-01-22,B,Member,Credit Card,85.56
2025-01-17,A,Member,Cash,126.32
2024-03-19,A,Member,Cash,253.9
2024-10-27,A,Normal,E-wallet,165.54
2024-05-24,A,Normal,Credit Card,384.04
2024-05-09,B,Normal,E-wallet,23.59
2024-07-17,A,Normal,Cash,439.18
2024-05-07,B,Normal,Credit Card,235.26
2024-11-08,B,Member,Cash,32.52
2024-11-07,B,Member,Credit Card,194.96
2024-08-24,A,Member,Credit Card,249.86
2024-03-03,A,Normal,Cash,323.14
2024-09-09,A,Member,Cash,265.49
2024-08-23,A,Normal,Credit Card,34.95
2025-01-29,B,Normal,Credit Card,420.5
2024-09-02,A,Normal,Cash,247.48
2024-06-26,A,Normal,Credit Card,228.86
2024-12-14,A,Normal,Cash,18.06
2024-05-13,B,Member,E-wallet,475.22
2024-04-17,B,Member,E-wallet,105.48
2024-05-29,A,Member,E-wallet,38.59
2024-02-18,A,Member,Credit Card,248.15
2025-01-08,B,Normal,Credit Card,480.72
2024-12-18,B,Member,Credit Card,103.1
2024-08-23,B,Normal,E-wallet,275.8
2024-12-15,A,Member,Credit Card,441.84
2025-01-21,A,Normal,E-wallet,262.34
2024-05-25,B,Normal,Cash,318.69
2024-09-06,A,Normal,Credit Card,442.96
2025-02-07,A,Normal,Credit Card,487.3
2025-02-09,A,Member,Credit Card,273.78
2024-12-26,A,Normal,Cash,135.15
2024-07-11,B,Member,E-wallet,128.73
2025-01-15,A,Normal,Credit Card,224.93
2024-02-18,B,Normal,Cash,138.75
2024-03-13,B,Member,Credit Card,32.35
2024-02-29,A,Member,Credit Card,207.78
2024-03-04,B,Member,Cash,49.94
2024-06-07,B,Normal,E-wallet,118.73
2024-07-08,A,Normal,Credit Card,191.39
2024-10-07,B,Member,Cash,401.1
2024-03-13,B,Normal,E-wallet,356.49
2024-09-16,B,Normal,Cash,186.11
2024-11-03,A,Member,Cash,436.15
2024-10-31,B,Normal,Cash,27.33
2024-06-08,A,Normal,Credit Card,488.37
2024-10-12,A,Normal,Cash,387.89
2024-03-23,A,Member,Credit Card,101.28
2024-09-04,A,Member,Cash,383.81
2024-11-07,A,Member,E-wallet,259.9
2025-01-26,B,Normal,Credit Card,54.53
2024-10-05,A,Normal,E-wallet,195.72
2024-04-23,A,Normal,Cash,457.85
2024-10-27,B,Member,Credit Card,395.9
2024-12-22,B,Normal,E-wallet,127.0
2024-10-19,A,Member,E-wallet,17.56
2024-04-10,A,Normal,Credit Card,261.26
2024-05-12,A,Member,Credit Card,210.24
2024-02-25,A,Normal,Credit Card,66.24
2024-04-14,B,Normal,Cash,453.24
2024-04-14,A,Normal,Cash,468.68
2024-03-25,B,Member,E-wallet,258.58
2024-05-15,A,Member,E-wallet,107.56
2024-05-02,B,Member,Credit Card,445.34
2024-11-18,B,Member,Cash,319.1
2024-02-16,B,Member,Credit Card,13.59
2024-04-25,B,Normal,Cash,272.3
2024-07-25,A,Normal,E-wallet,378.85
2024-12-19,B,Member,Credit Card,439.17
2024-05-19,A,Member,Credit Card,195.71
2024-06-22,B,Member,E-wallet,464.49
2025-02-08,A,Member,Credit Card,270.48
2024-05-14,A,Member,E-wallet,174.19
2025-01-10,A,Normal,Cash,244.07
2024-07-01,B,Member,Credit Card,452.38
2024-04-25,B,Member,Credit Card,401.74
2024-04-05,A,Member,Credit Card,228.78
2024-02-18,B,Member,Cash,153.4
2024-11-09,B,Normal,E-wallet,468.84
2024-12-06,B,Normal,Cash,203.89
2025-01-29,A,Member,Cash,264.47
2024-08-18,A,Normal,Cash,350.01
2024-07-19,A,Member,Cash,446.17
2024-12-17,A,Member,Credit Card,18.62
2024-12-07,B,Member,E-wallet,126.29
2024-04-24,A,Member,Cash,324.86
2024-06-26,B,Member,Cash,282.97
2024-09-05,B,Normal,E-wallet,416.45
2024-11-09,A,Normal,Cash,285.91
2024-08-17,A,Member,Credit Card,10.18
2024-05-03,B,Normal,Credit Card,202.4
2024-09-25,B,Member,E-wallet,458.33
2024-06-13,B,Member,Credit Card,73.3
2024-10-29,B,Normal,Credit Card,181.17
2024-06-29,A,Normal,Cash,420.29
2024-03-03,B,Normal,E-wallet,199.45
2024-06-01,A,Normal,Credit Card,494.33
2024-06-13,B,Normal,Credit Card,206.89
2024-06-02,B,Member,E-wallet,352.61
2024-10-25,B,Member,Credit Card,425.66
2024-11-12,B,Member,Credit Card,468.06
2024-07-30,A,Normal,E-wallet,64.15
2024-06-14,A,Member,Cash,370.18
2024-11-02,A,Member,E-wallet,184.81
2025-02-01,B,Member,Cash,190.2
2024-03-06,B,Member,Cash,346.38
2024-08-19,B,Normal,Cash,199.46
2024-03-27,B,Normal,Credit Card,261.37
2024-06-24,B,Normal,Cash,420.47
2024-05-14,B,Normal,Cash,361.39
2024-04-05,B,Member,Cash,68.65
2024-12-25,B,Member,E-wallet,311.03
2025-01-21,B,Member,Credit Card,331.16
2024-07-21,B,Normal,Cash,299.74
2024-04-16,A,Normal,Credit Card,406.18
2025-01-07,B,Normal,Cash,378.18
2024-11-12,B,Member,E-wallet,225.92
2024-11-21,A,Member,Cash,230.9
2024-06-04,B,Normal,E-wallet,404.09
2024-10-17,B,Normal,Credit Card,106.64
2024-05-08,A,Normal,E-wallet,486.72
2025-02-07,B,Normal,Cash,450.52
2024-12-14,A,Member,E-wallet,493.86
2024-03-28,B,Normal,Credit Card,93.64
2024-05-14,A,Member,Cash,352.57
2024-08-06,A,Member,Cash,229.19
2024-09-04,A,Normal,E-wallet,471.0
2024-08-13,B,Member,E-wallet,494.23
2024-12-04,A,Member,Cash,346.28
2024-12-19,B,Member,Credit Card,136.38
2024-08-17,B,Normal,Credit Card,75.5
2024-02-25,B,Member,Cash,342.54
2024-06-23,A,Normal,Credit Card,38.19
2025-01-12,A,Normal,E-wallet,210.49
2024-08-10,B,Normal,E-wallet,260.19
2024-06-05,A,Member,Credit Card,232.63
2024-09-07,A,Member,Credit Card,399.65
2024-10-11,B,Member,Cash,106.65
2024-06-05,A,Member,Credit Card,335.56
2024-09-29,B,Normal,Credit Card,414.61
2024-09-06,B,Normal,E-wallet,147.73
2024-04-27,A,Normal,Cash,471.18
2024-04-11,A,Normal,Cash,127.61
2024-06-10,B,Normal,Cash,186.51
2024-10-03,A,Normal,E-wallet,65.89
2024-04-05,B,Normal,E-wallet,164.16
2024-03-05,A,Normal,Cash,105.67
2024-05-05,A,Member,Credit Card,330.0
2024-11-04,A,Normal,E-wallet,64.61
2024-10-30,A,Normal,Cash,279.79
2024-02-27,B,Member,Credit Card,320.76
2024-03-12,B,Normal,Credit Card,287.15
2024-11-27,A,Member,Cash,349.44
2024-12-10,A,Member,Cash,410.9
2024-10-12,B,Member,E-wallet,492.64
2024-03-11,B,Normal,Credit Card,117.44
2024-05-17,B,Normal,Credit Card,65.84
2024-06-27,B,Normal,Credit Card,15.17
2024-12-02,A,Member,Credit Card,349.0
2024-09-15,B,Member,Credit Card,387.82
2024-04-10,B,Member,E-wallet,256.84
2025-02-05,B,Normal,Cash,316.23
2025-01-14,B,Normal,Cash,296.26
2024-09-06,B,Member,Cash,108.39
2024-03-02,A,Normal,E-wallet,133.93
2024-04-18,A,Member,Credit Card,418.72
2024-12-01,A,Normal,Cash,255.06
2025-01-30,B,Member,E-wallet,301.49
2024-10-14,A,Member,Cash,81.03
2024-05-13,A,Member,E-wallet,344.62
2024-10-10,A,Normal,Credit Card,94.73
2024-05-16,A,Normal,Cash,445.1
2024-07-15,B,Member,E-wallet,205.92
2024-05-17,B,Normal,Credit Card,356.38
2024-08-14,B,Member,Cash,60.73
2024-06-09,A,Member,Credit Card,219.34
2024-06-19,B,Member,Cash,222.37
2024-03-26,A,Member,E-wallet,107.78
2024-03-13,A,Member,E-wallet,79.16
2024-04-14,B,Normal,Credit Card,455.78
2024-12-15,A,Normal,Credit Card,258.06
2024-08-17,B,Normal,Credit Card,183.65
2024-10-14,B,Normal,Credit Card,335.58
2025-01-10,A,Normal,Credit Card,46.46
2024-07-08,B,Normal,Cash,11.57
2024-05-14,B,Member,E-wallet,258.62
2024-11-22,B,Normal,Credit Card,358.97
2024-03-24,B,Normal,Cash,88.72
2024-05-14,B,Member,Cash,119.29
2024-08-20,A,Normal,E-wallet,291.59
2024-05-21,A,Member,E-wallet,338.54
2024-04-07,B,Member,E-wallet,13.11
2025-02-07,A,Member,E-wallet,148.64
2024-06-22,A,Normal,E-wallet,10.58
2024-09-15,B,Member,Cash,483.95
2024-08-27,A,Member,E-wallet,113.19
2024-10-04,B,Normal,E-wallet,212.37
2024-03-11,A,Normal,E-wallet,282.26
2024-09-17,B,Member,E-wallet,240.9
2024-08-20,A,Member,E-wallet,127.95
2024-07-23,A,Normal,E-wallet,372.83
2024-09-28,A,Normal,Credit Card,104.55
2024-06-01,B,Normal,Credit Card,314.2
2024-04-19,A,Member,E-wallet,438.71
2024-12-15,A,Member,Cash,270.82
2024-12-28,A,Normal,Credit Card,472.54
2024-11-10,A,Normal,Cash,248.94
2024-08-16,A,Normal,E-wallet,324.19
2024-02-13,B,Member,Credit Card,225.59
2024-12-08,A,Normal,E-wallet,296.59
2024-02-24,A,Member,Cash,52.83
2024-10-29,B,Member,Credit Card,165.12
2024-12-20,A,Normal,Credit Card,95.34
2024-11-20,B,Normal,Credit Card,63.2
2024-07-23,B,Normal,Cash,201.95
2024-04-19,A,Normal,Credit Card,31.71
2025-01-13,B,Member,E-wallet,196.15
2024-10-12,A,Member,Cash,106.75
2024-03-18,A,Normal,Cash,79.59
2024-12-15,A,Normal,Credit Card,315.31
2024-07-08,B,Normal,Credit Card,393.75
2024-03-25,A,Member,E-wallet,138.91
2025-01-20,A,Member,E-wallet,73.35
2024-06-30,B,Member,Cash,232.95
2024-12-05,B,Member,E-wallet,170.68
2024-05-21,A,Normal,Cash,344.94
2024-10-03,A,Member,E-wallet,367.34
2024-03-02,B,Normal,Credit Card,174.12
2024-06-11,A,Normal,E-wallet,94.22
2024-12-22,B,Normal,E-wallet,206.36
2024-05-10,B,Member,Cash,258.96
2024-07-29,A,Normal,Credit Card,81.07
2024-11-26,B,Member,Credit Card,147.18
2024-10-09,A,Member,Credit Card,383.93
2024-02-13,B,Member,Credit Card,232.01
2024-07-02,B,Normal,Credit Card,443.01
2024-08-07,B,Normal,E-wallet,362.98
2025-02-11,B,Member,E-wallet,25.67
2024-10-05,B,Normal,Credit Card,143.63
2024-12-16,A,Normal,E-wallet,494.0
2024-10-19,B,Member,Credit Card,45.54
2024-05-15,A,Normal,Cash,239.78
2024-10-07,A,Normal,E-wallet,414.2
2024-03-05,B,Member,Cash,256.75
2024-08-19,B,Normal,Credit Card,271.47
2024-06-05,B,Normal,Credit Card,236.1
2024-02-13,A,Normal,E-wallet,417.94
2024-03-05,A,Member,Cash,439.43
2024-08-02,A,Normal,Credit Card,201.95
2024-06-05,B,Normal,E-wallet,224.17
2024-09-23,A,Member,Cash,227.14
2024-06-19,A,Normal,E-wallet,302.84
2024-06-16,A,Member,E-wallet,488.93
2024-06-06,A,Member,Cash,242.82
2024-08-27,B,Member,E-wallet,18.91
2024-11-18,A,Member,Cash,164.13
2025-01-17,B,Member,Cash,424.61
2024-09-27,A,Normal,Credit Card,127.53
2024-05-09,B,Member,Cash,127.94
2024-07-27,A,Member,Credit Card,349.45
2024-05-24,B,Normal,E-wallet,163.71
2024-07-20,A,Normal,Cash,104.57
2024-07-26,B,Normal,Cash,14.22
2024-08-20,B,Normal,Cash,419.0
2024-05-14,A,Normal,E-wallet,20.93
2024-06-18,B,Member,E-wallet,420.03
2024-05-11,A,Normal,E-wallet,167.57
2024-07-20,A,Member,Credit Card,207.66
2024-05-30,A,Normal,E-wallet,259.07
2024-08-12,A,Normal,Credit Card,236.92
2024-06-16,A,Member,Credit Card,375.21
2024-06-25,B,Normal,Cash,463.76
2024-07-30,B,Member,Credit Card,132.1
2025-02-02,A,Member,Credit Card,208.05
2024-05-24,A,Member,E-wallet,462.17
2024-11-19,A,Member,Credit Card,426.82
2024-05-13,A,Normal,E-wallet,275.56
2024-08-23,B,Member,E-wallet,165.13
2024-03-12,A,Normal,Credit Card,153.2
2024-12-19,A,Member,Credit Card,431.96
2025-01-15,A,Member,E-wallet,23.74
2024-09-25,A,Normal,E-wallet,294.94
2024-10-29,A,Normal,Credit Card,242.97
2025-02-10,B,Normal,E-wallet,406.41
2024-11-28,B,Normal,E-wallet,457.91
2024-08-26,A,Member,Cash,483.66
2024-02-13,A,Member,E-wallet,47.33
2024-11-26,B,Member,E-wallet,297.75
2024-10-15,B,Normal,Cash,192.04
2024-07-25,B,Normal,E-wallet,16.23
2024-10-06,B,Member,Credit Card,38.29
2024-08-01,B,Member,E-wallet,475.07
2024-07-01,B,Member,E-wallet,97.7
2024-10-08,B,Member,Credit Card,94.08
2024-08-19,A,Normal,Cash,298.31
2024-07-09,A,Member,E-wallet,232.4
2024-03-02,A,Member,Cash,128.18
2024-10-18,B,Member,E-wallet,462.03
2024-06-17,B,Member,Cash,18.27
2024-02-18,B,Member,Cash,441.74
2024-04-26,B,Normal,E-wallet,331.06
2025-01-30,A,Normal,E-wallet,205.16
2024-02-15,B,Normal,Cash,473.01
2024-06-26,A,Normal,Credit Card,343.96
2024-08-23,B,Normal,E-wallet,244.22
2024-07-10,A,Normal,Credit Card,356.32
2024-11-08,B,Member,E-wallet,384.21
2025-01-07,A,Normal,E-wallet,133.21
2024-05-08,B,Member,Credit Card,498.66
2024-11-05,B,Normal,E-wallet,491.05
2024-12-11,A,Normal,Cash,34.0
2024-12-20,B,Member,Cash,252.38
2024-08-03,A,Normal,E-wallet,134.63
2024-05-21,B,Normal,Credit Card,466.58
2024-12-14,A,Normal,Cash,494.84
2024-06-23,A,Member,Credit Card,305.7
2024-10-14,A,Normal,Credit Card,449.64
2024-07-02,B,Normal,Cash,26.14
2024-10-01,A,Member,Cash,254.71
2024-05-03,A,Normal,Cash,126.98
2024-08-03,B,Member,Cash,216.14
2024-07-19,A,Member,E-wallet,399.65
2024-06-18,A,Normal,Cash,377.65
2024-09-16,A,Normal,Cash,85.75
2024-05-30,B,Member,E-wallet,405.13
2024-02-20,B,Normal,E-wallet,203.94
2024-12-19,A,Member,Cash,87.74
2024-07-09,A,Member,E-wallet,53.66
2024-07-18,B,Normal,Cash,99.56
2024-09-22,A,Member,Credit Card,433.07
2024-06-19,A,Normal,Cash,345.82
2024-02-12,B,Member,E-wallet,390.02
2024-11-06,B,Member,Cash,465.67
2024-08-28,A,Normal,Credit Card,82.19
2024-04-29,B,Normal,Cash,383.61
2024-05-26,A,Normal,Credit Card,338.37
2024-10-28,A,Member,Credit Card,466.38
2024-06-15,B,Member,E-wallet,214.22
2024-06-10,A,Member,Cash,475.99
2024-02-15,A,Normal,Cash,50.87
2024-06-28,B,Normal,Credit Card,288.46
2024-06-22,B,Member,Credit Card,76.23
2024-11-24,A,Member,Cash,24.83
2024-07-20,A,Member,Cash,449.78
2024-07-19,B,Normal,Credit Card,310.52
2024-07-12,B,Normal,E-wallet,13.06
2024-07-27,A,Member,E-wallet,266.79
2024-04-09,A,Normal,Credit Card,14.39
2024-10-12,A,Member,Credit Card,85.84
2024-08-28,A,Member,Credit Card,396.5
2024-09-22,B,Normal,Credit Card,451.6
2024-11-05,A,Member,Cash,89.94
2024-03-27,A,Member,E-wallet,160.16
2024-06-23,B,Normal,E-wallet,147.98
2024-07-14,B,Normal,E-wallet,439.69
2024-08-11,A,Normal,Cash,262.82
2024-09-30,B,Normal,E-wallet,220.74
2024-06-05,B,Normal,E-wallet,195.93
2024-10-23,B,Normal,E-wallet,365.79
2024-06-15,B,Member,Credit Card,104.05
2024-06-30,A,Member,Credit Card,132.96
2024-07-30,B,Member,E-wallet,103.39
2024-04-30,A,Member,Credit Card,79.98
2024-05-11,A,Member,Credit Card,277.26
2024-07-06,A,Normal,Credit Card,242.03
2024-12-23,A,Normal,Credit Card,85.4
2024-05-02,A,Normal,E-wallet,483.35
2024-04-11,A,Normal,Cash,32.47
2025-02-08,A,Normal,Cash,33.86
2024-03-20,A,Normal,Credit Card,438.71
2024-12-15,A,Normal,Cash,186.71
2024-12-09,B,Member,E-wallet,302.38
2024-06-15,B,Normal,E-wallet,102.75
2024-08-20,B,Normal,E-wallet,386.6
2024-09-30,A,Normal,Credit Card,486.25
2024-03-30,A,Member,Credit Card,319.5
2024-02-22,B,Normal,E-wallet,269.41
2024-05-26,A,Normal,E-wallet,316.86
2024-09-30,A,Normal,E-wallet,108.41
2025-02-04,A,Member,Cash,71.08
2024-12-20,B,Member,Cash,63.9
2024-03-13,B,Member,E-wallet,425.84
2024-11-08,A,Member,Credit Card,381.9
2024-08-02,B,Normal,Credit Card,83.25
2024-02-12,A,Normal,Cash,433.32
2024-06-18,A,Member,E-wallet,157.77
2024-11-09,A,Normal,Credit Card,321.15
2024-06-03,A,Member,E-wallet,431.9
2024-06-09,A,Member,Cash,441.02
2024-02-27,A,Member,E-wallet,356.07
2024-04-09,A,Normal,Credit Card,376.87
2024-04-22,B,Normal,E-wallet,325.44
2024-04-02,A,Member,E-wallet,186.77
2024-09-06,A,Normal,E-wallet,74.4
2024-05-06,A,Member,Credit Card,496.15
2024-12-05,B,Normal,Credit Card,136.17
2024-04-22,A,Member,E-wallet,408.09
2024-09-24,A,Normal,E-wallet,492.99
2024-12-02,B,Normal,Credit Card,422.34
2024-07-13,B,Normal,Cash,495.88
2024-11-24,A,Normal,E-wallet,245.97
2024-05-03,A,Member,E-wallet,168.19
2024-04-10,B,Normal,Cash,229.35
2024-10-29,B,Member,Credit Card,81.42
2024-09-28,A,Member,E-wallet,146.72
2025-01-11,B,Member,E-wallet,456.64
2025-01-21,A,Member,E-wallet,266.92
2024-03-25,B,Normal,Credit Card,115.45
2024-06-24,B,Member,Cash,346.17
2024-10-12,A,Normal,Cash,328.17
2024-07-17,A,Normal,E-wallet,140.41
2024-03-03,B,Normal,Cash,306.49
2024-09-30,B,Normal,Cash,117.08
2024-12-05,B,Member,E-wallet,155.84
2024-07-10,B,Member,Cash,242.41
2024-10-09,A,Member,Credit Card,395.72
2024-06-22,A,Member,Credit Card,188.19
2024-08-12,A,Normal,E-wallet,50.1
2025-01-17,B,Normal,Cash,466.0
2024-11-14,B,Normal,Credit Card,247.71
2024-08-04,A,Member,E-wallet,365.64
2024-11-14,B,Normal,E-wallet,342.91
2024-04-17,B,Normal,E-wallet,397.98
2024-06-20,A,Member,E-wallet,80.52
2024-08-14,A,Member,Credit Card,487.7
2024-07-15,B,Member,E-wallet,213.67
2024-04-03,A,Member,Credit Card,11.56
2024-06-12,B,Normal,Credit Card,263.89
2024-05-15,B,Member,Credit Card,344.44
2024-07-31,B,Member,Credit Card,452.64
2024-06-28,A,Member,E-wallet,15.91
2024-09-05,A,Member,Cash,57.2
2024-03-28,A,Normal,Cash,167.08
2024-12-06,B,Normal,E-wallet,388.79
2024-06-22,A,Normal,Credit Card,217.23
2024-06-30,B,Member,Cash,98.27
2024-09-30,B,Normal,Credit Card,118.85
2024-12-29,B,Member,Cash,315.33
2024-02-20,B,Normal,Credit Card,472.04
2024-09-10,A,Normal,Cash,273.94
2024-12-14,A,Normal,Cash,342.36
2024-06-25,B,Member,Cash,158.45
2024-04-22,B,Normal,Cash,148.39
2024-04-16,B,Member,Cash,421.63
2024-04-13,A,Normal,Cash,15.52
2024-02-24,A,Normal,Credit Card,107.57
2024-11-05,B,Normal,Credit Card,153.88
2024-05-31,A,Member,Credit Card,151.73
2024-06-30,A,Normal,Credit Card,407.07
2024-11-01,A,Normal,Credit Card,214.01
2024-10-17,A,Member,Cash,68.52
2024-12-14,B,Normal,E-wallet,72.32
2024-12-17,B,Normal,Cash,265.86
2025-02-05,A,Normal,Credit Card,415.51
2024-03-20,B,Normal,Cash,194.14
2024-03-20,A,Normal,E-wallet,161.11
2024-04-02,B,Member,Credit Card,334.02
2024-08-15,A,Normal,E-wallet,157.36
2024-02-29,A,Normal,E-wallet,179.3
2024-12-19,A,Member,Cash,175.43
2025-02-02,B,Normal,E-wallet,470.4
2024-12-27,B,Member,Credit Card,221.9
2024-07-02,A,Normal,E-wallet,327.39
2024-03-15,B,Member,Credit Card,429.7
2024-07-04,A,Member,E-wallet,341.06
2024-10-01,B,Normal,Cash,155.54
2024-09-09,A,Normal,E-wallet,320.5
2024-07-04,B,Member,Cash,278.98
2024-06-14,B,Member,Cash,411.59
2024-08-07,B,Normal,E-wallet,468.98
2024-07-14,A,Member,Credit Card,467.59
2024-05-23,A,Member,Credit Card,140.11
2024-08-13,A,Normal,Credit Card,326.96
2024-09-24,A,Normal,Cash,104.55
2024-05-31,B,Member,Credit Card,136.73
2024-09-18,A,Member,E-wallet,91.72
2024-11-04,A,Normal,Cash,190.36
2024-08-25,A,Member,Cash,119.81
2024-12-21,B,Normal,Cash,283.89
2024-07-11,B,Member,E-wallet,286.21
2024-05-11,A,Normal,E-wallet,25.43
2024-04-21,A,Member,E-wallet,304.35
2024-06-15,A,Normal,Credit Card,273.85
2024-08-03,A,Normal,E-wallet,136.55
2025-01-18,B,Member,Cash,324.75
2024-05-11,A,Normal,Credit Card,299.25
2024-10-09,A,Member,E-wallet,367.42
2024-02-26,B,Normal,Credit Card,22.17
2025-01-10,A,Normal,Credit Card,127.83
2024-11-28,B,Member,E-wallet,489.63
2024-11-10,A,Member,E-wallet,280.7
2024-06-20,B,Member,Cash,146.13
2024-10-29,B,Normal,Cash,319.91
2024-06-26,A,Normal,E-wallet,150.58
2024-09-18,A,Member,E-wallet,430.24
2025-01-16,A,Member,Credit Card,77.85
2024-12-26,A,Normal,E-wallet,31.96
2024-09-12,B,Member,E-wallet,10.37
2024-11-23,A,Member,Credit Card,207.88
2024-09-17,A,Member,Credit Card,65.51
2024-07-12,A,Normal,Cash,368.34
2024-08-21,A,Member,Cash,316.04
2024-09-01,A,Normal,Cash,141.03
2024-07-01,A,Normal,E-wallet,470.91
2024-06-22,B,Member,Credit Card,283.02
2024-05-08,A,Normal,E-wallet,217.23
2024-10-22,B,Member,Credit Card,63.5
2024-10-13,B,Member,Credit Card,147.17
2024-05-17,B,Member,Credit Card,448.73
2024-04-10,A,Member,E-wallet,397.9
2024-07-28,A,Normal,Credit Card,282.27
2024-12-26,B,Normal,E-wallet,379.35
2025-01-02,A,Normal,Credit Card,393.8
2024-04-26,A,Member,Cash,34.68
2024-07-30,B,Member,Cash,448.57
2024-09-22,A,Normal,E-wallet,342.37
2024-10-10,A,Member,E-wallet,47.55
2024-05-21,A,Member,E-wallet,49.21
2024-08-27,A,Member,E-wallet,362.64
2024-07-05,B,Normal,Credit Card,206.17
2024-08-24,B,Member,Cash,41.87
2024-05-01,A,Normal,E-wallet,242.3
2024-10-02,B,Member,Credit Card,270.18
2024-04-22,B,Member,Credit Card,39.34
2024-02-21,B,Member,Cash,336.29
2024-07-12,A,Normal,Credit Card,309.12
2024-08-10,A,Member,Credit Card,402.06
2024-06-11,A,Member,Credit Card,127.95
2024-02-24,A,Normal,Cash,435.06
2024-08-19,A,Member,Cash,390.62
2025-02-09,B,Member,E-wallet,255.95
2024-10-20,B,Normal,Cash,277.0
2025-02-09,A,Member,Credit Card,380.32
2024-09-07,A,Normal,E-wallet,369.27
2025-01-07,A,Normal,Cash,487.7
2024-09-22,B,Normal,Cash,382.4
2024-12-10,A,Member,Credit Card,26.83
2024-12-18,B,Normal,Cash,320.0
2024-09-03,A,Normal,Credit Card,262.8
2024-11-22,B,Member,Credit Card,185.37
2024-11-21,B,Normal,E-wallet,351.6
2024-08-26,A,Member,E-wallet,183.79
2024-07-11,B,Normal,E-wallet,263.7
2024-10-15,B,Normal,E-wallet,380.54
2024-09-30,A,Member,Cash,25.7
2024-11-16,A,Normal,E-wallet,290.87
2024-06-07,B,Member,E-wallet,304.22
2024-09-19,B,Normal,E-wallet,176.8
2024-12-18,B,Member,Credit Card,484.62
2024-08-19,B,Member,Credit Card,268.2
2025-02-11,A,Normal,E-wallet,132.77
2024-12-03,B,Normal,Cash,235.56
2024-03-01,A,Member,Cash,126.86
2024-06-13,B,Normal,Cash,267.77
2024-05-18,B,Normal,E-wallet,404.59
2024-03-09,B,Normal,Credit Card,246.6
2024-09-28,A,Normal,Credit Card,153.42
2025-01-26,A,Normal,Credit Card,237.24
2024-04-24,A,Member,Credit Card,275.05
2024-10-10,B,Normal,Credit Card,202.35
2024-10-02,B,Normal,Credit Card,409.06
2024-09-30,A,Member,Cash,490.99
2025-01-29,A,Normal,Credit Card,414.64
2024-09-27,B,Member,E-wallet,484.55
2024-10-31,B,Normal,Cash,474.98
2024-10-18,B,Member,Cash,438.04
2024-03-30,A,Normal,Cash,397.96
2025-02-02,A,Member,Cash,88.21
2025-01-18,B,Normal,E-wallet,349.61
2024-10-26,B,Normal,E-wallet,352.8
2024-12-21,A,Normal,Cash,55.11
2024-12-26,B,Member,Credit Card,480.18
2024-05-17,B,Normal,Credit Card,164.69
2024-09-09,A,Member,Cash,428.65
2024-02-15,A,Normal,Cash,492.04
2024-04-20,B,Normal,Cash,88.85
2024-02-19,B,Member,Cash,475.91
2024-08-08,B,Member,Cash,281.18
2024-04-20,A,Normal,Credit Card,34.67
2024-07-06,B,Member,Credit Card,43.73
2024-12-10,B,Member,Credit Card,344.9
2024-09-13,B,Member,Cash,87.42
2024-12-23,B,Normal,E-wallet,440.68
2024-09-10,B,Member,Cash,421.13
2024-11-05,A,Member,Cash,225.12
2024-10-04,A,Normal,E-wallet,16.81
2024-12-27,A,Normal,Credit Card,358.92
2024-09-07,B,Normal,Credit Card,230.98
2024-11-15,A,Normal,Cash,130.39
2024-11-03,B,Member,Credit Card,166.91
2024-09-03,B,Normal,E-wallet,438.39
2024-05-18,A,Member,E-wallet,415.63
2024-02-18,B,Member,E-wallet,246.68
2024-09-26,B,Member,Credit Card,164.77
2024-09-19,A,Normal,E-wallet,102.68
2024-08-31,A,Normal,Cash,77.97
2024-11-02,A,Member,Credit Card,103.72
2024-05-14,B,Member,Cash,218.38
2024-08-07,B,Member,Credit Card,445.24
2025-01-16,B,Member,E-wallet,214.9
2024-05-10,B,Member,Cash,469.98
2024-08-04,B,Member,E-wallet,220.85
2024-03-05,B,Member,Cash,491.69
2025-01-26,A,Member,Cash,455.43
2024-10-13,A,Member,Cash,400.43
2024-10-31,B,Normal,Cash,255.93
2024-09-23,A,Normal,E-wallet,378.78
2024-10-05,A,Normal,Cash,407.2
2024-09-17,A,Member,E-wallet,496.21
2024-02-12,A,Member,Cash,273.64
2024-10-04,B,Member,E-wallet,338.12
2024-05-03,B,Normal,Credit Card,333.93
2024-03-11,B,Member,Credit Card,184.4
2024-02-24,B,Normal,Credit Card,89.11
2024-02-14,B,Member,Cash,375.74
2024-06-25,A,Member,Cash,144.36
2024-04-10,A,Normal,Credit Card,299.93
2024-11-19,B,Member,E-wallet,147.96
2024-12-03,A,Normal,Cash,131.65
2024-03-22,A,Normal,E-wallet,493.36
2024-04-29,A,Normal,Cash,236.31
2024-10-26,B,Normal,E-wallet,424.79
2024-03-08,B,Normal,Cash,91.56
2024-08-07,A,Normal,E-wallet,95.48
2024-09-01,B,Member,E-wallet,267.82
2024-05-16,B,Normal,Credit Card,83.65
2024-08-20,B,Normal,Cash,225.85
2024-08-08,A,Member,Credit Card,13.32
2024-12-01,B,Normal,Cash,193.5
2024-08-31,A,Member,Credit Card,497.34
2024-12-22,A,Member,E-wallet,50.55
2024-10-02,A,Member,Credit Card,270.47
2024-11-28,B,Member,E-wallet,164.97
2024-02-21,B,Normal,Cash,60.7
2024-09-08,A,Member,Credit Card,244.87
2024-12-23,A,Member,Credit Card,198.25
2025-01-26,A,Member,Cash,169.29
2024-04-15,A,Member,Cash,221.71
2024-02-16,B,Member,Credit Card,193.51
2024-07-06,A,Normal,Cash,381.81
2025-02-11,A,Normal,Credit Card,417.7
2024-04-17,A,Normal,Credit Card,271.27
2024-07-16,B,Member,Cash,494.24
2024-10-09,A,Member,Credit Card,144.55
2024-05-23,B,Member,Credit Card,348.88
2025-01-19,B,Normal,E-wallet,401.99
2024-09-11,B,Member,Cash,367.32
2024-05-14,A,Normal,Credit Card,17.83
2024-06-04,B,Normal,Credit Card,290.74
2024-03-16,A,Member,E-wallet,323.68
2024-10-13,A,Normal,Credit Card,284.79
2024-09-06,A,Member,Credit Card,441.35
2024-05-09,B,Normal,E-wallet,115.38
2024-09-16,B,Normal,Credit Card,214.43
2024-10-08,B,Member,E-wallet,434.61
2024-04-02,A,Member,Cash,427.38
2024-10-17,B,Normal,E-wallet,487.4
2024-07-30,A,Member,Credit Card,245.98
2024-05-03,A,Normal,Cash,222.74
2024-03-22,A,Normal,Credit Card,29.37
2024-06-02,A,Member,Cash,195.93
2025-01-15,B,Member,E-wallet,172.56
2025-02-02,A,Member,Cash,12.44
2024-11-05,B,Normal,Credit Card,160.39
2024-11-28,A,Normal,E-wallet,192.22
2024-08-29,B,Member,E-wallet,278.81
2025-01-08,B,Member,Cash,241.9
2024-02-13,B,Member,E-wallet,41.94
2024-04-27,B,Member,Credit Card,253.52
2024-05-02,B,Normal,Cash,147.7
2025-02-06,B,Member,Cash,330.78
2024-02-15,B,Normal,Credit Card,486.0
2024-08-01,A,Normal,Credit Card,63.18
2024-04-15,A,Member,E-wallet,407.18
2024-12-06,A,Member,Cash,354.33
2024-09-15,B,Member,E-wallet,453.98
2024-07-20,B,Normal,E-wallet,244.7
2024-03-16,A,Member,E-wallet,475.27
2024-11-05,B,Normal,E-wallet,96.12
2024-08-29,A,Normal,Credit Card,286.6
2024-10-01,B,Normal,E-wallet,20.16
2024-04-27,B,Member,E-wallet,128.52
2024-10-25,B,Member,Cash,13.51
2025-02-09,B,Member,Credit Card,338.66
2024-08-21,B,Normal,E-wallet,304.0
2024-07-31,B,Normal,Cash,423.51
2024-08-10,B,Normal,E-wallet,26.6
2024-04-30,B,Member,E-wallet,105.85
2024-02-12,B,Normal,Credit Card,116.59
2024-09-20,B,Normal,Cash,186.93
2024-09-10,A,Normal,Cash,188.8
2024-03-25,B,Normal,Credit Card,450.18
2024-05-09,B,Normal,E-wallet,393.75
2024-07-03,A,Member,E-wallet,428.36
2024-02-13,B,Normal,Credit Card,108.22
2024-08-21,B,Normal,Cash,196.44
2025-01-18,A,Normal,Credit Card,181.68
2024-09-14,A,Member,Credit Card,440.13
2024-11-11,A,Normal,Credit Card,15.65
2024-05-05,B,Member,E-wallet,85.45
2024-08-03,B,Normal,Credit Card,327.79
2024-06-01,B,Member,Credit Card,230.71
2024-07-15,B,Member,Credit Card,93.76
2024-07-03,B,Normal,E-wallet,284.1
2024-08-14,A,Member,Cash,406.27
2024-08-03,B,Member,E-wallet,456.56
2024-04-03,A,Member,E-wallet,91.01
2024-10-06,B,Normal,Cash,196.17
2024-07-08,A,Normal,Cash,466.89
2024-02-13,B,Normal,Credit Card,13.16
2025-02-05,A,Member,E-wallet,300.2
2024-05-22,A,Member,Cash,201.59
2024-12-24,B,Normal,Credit Card,334.53
2024-12-16,B,Normal,E-wallet,41.52
2025-01-03,A,Member,Cash,139.03
2024-12-10,A,Member,Credit Card,276.43
2024-11-14,A,Member,Credit Card,68.33
2024-02-21,A,Normal,E-wallet,466.62
2024-12-20,B,Normal,E-wallet,236.58
2024-11-18,A,Member,Credit Card,112.15
2024-11-14,B,Normal,Credit Card,385.33
2024-08-06,B,Member,E-wallet,317.71
2024-04-25,A,Normal,Credit Card,442.3
2024-05-31,A,Normal,Credit Card,481.97
2024-04-10,B,Normal,Cash,414.29
2024-03-15,A,Member,E-wallet,228.65
2024-12-20,B,Normal,Cash,283.14
2024-10-15,B,Normal,Credit Card,499.66
2024-07-21,B,Member,E-wallet,335.83
2024-11-24,B,Normal,E-wallet,196.4
2024-02-16,B,Member,E-wallet,315.96
2024-12-05,B,Normal,Cash,387.2
2024-11-02,B,Normal,Cash,495.65
2024-07-22,A,Member,E-wallet,220.46
2024-08-30,A,Member,E-wallet,220.98
2024-02-19,B,Member,E-wallet,269.87
2025-01-25,A,Member,Cash,276.1
2025-01-20,B,Normal,E-wallet,145.28
2024-04-05,A,Normal,E-wallet,381.79
2024-02-20,B,Normal,E-wallet,143.05
2024-08-31,A,Normal,Credit Card,317.96
2025-01-05,A,Member,Cash,306.36
2024-12-13,A,Member,Cash,169.65
2024-04-25,A,Normal,Cash,177.98
2024-12-02,B,Member,E-wallet,399.21
2024-05-28,A,Normal,Cash,132.69
2024-06-05,A,Member,E-wallet,435.83
2024-09-11,A,Member,Credit Card,329.32
2024-02-19,B,Member,Cash,223.52
2024-05-08,A,Normal,Credit Card,59.06
2024-12-11,A,Normal,Cash,157.02
2024-11-04,A,Member,E-wallet,172.41
2024-04-30,B,Member,E-wallet,415.04
2024-08-11,B,Member,E-wallet,366.53
2024-09-10,A,Member,Cash,103.44
2025-01-15,B,Member,Cash,490.64
2024-11-19,B,Member,Cash,372.64
2024-06-03,A,Member,E-wallet,171.22
2024-07-18,B,Normal,Cash,196.61
2024-09-03,A,Member,Cash,452.13
2024-03-03,A,Normal,Credit Card,128.7
2024-12-15,A,Normal,Credit Card,200.13
2024-07-08,B,Normal,Credit Card,40.57
2024-04-16,B,Member,E-wallet,478.13
2024-07-10,B,Member,Cash,14.66
2024-11-18,A,Normal,Credit Card,121.67
2024-11-02,A,Normal,Credit Card,226.8
2024-03-19,A,Member,Cash,328.35
2024-05-12,A,Normal,Cash,61.23
2024-10-14,A,Member,E-wallet,420.74
2024-05-29,A,Normal,Cash,23.97
2024-08-04,B,Member,Cash,371.42
2024-11-15,A,Member,Cash,489.25
2024-06-19,A,Member,Cash,386.48
2025-01-01,A,Normal,Credit Card,336.96
2024-12-08,B,Normal,Credit Card,284.84
2024-04-17,A,Normal,Credit Card,335.55
2024-07-29,B,Normal,Cash,109.72
2024-03-11,B,Normal,Credit Card,405.69
2024-11-23,B,Member,E-wallet,208.78
2024-03-19,B,Normal,Credit Card,475.92
2024-10-07,A,Member,Credit Card,149.66
2024-03-21,B,Member,E-wallet,96.78
2024-03-22,B,Member,E-wallet,193.62
2024-03-04,B,Normal,Credit Card,151.99
2024-04-24,B,Normal,E-wallet,282.22
2025-01-27,B,Member,Credit Card,403.46
2024-07-09,B,Member,E-wallet,58.61
2024-06-07,A,Member,Credit Card,89.95
2025-01-18,A,Normal,Cash,31.21
2024-11-07,A,Normal,Cash,219.97
2024-05-21,B,Member,E-wallet,419.74
2024-03-08,B,Member,E-wallet,255.79
2024-10-23,B,Normal,Credit Card,319.97
2024-03-13,B,Normal,E-wallet,485.02
2024-06-01,A,Member,Cash,204.23
2024-12-04,A,Normal,E-wallet,457.8
2024-07-04,B,Member,Credit Card,481.94
2025-01-28,A,Normal,Credit Card,438.08
2024-12-21,B,Normal,Cash,282.73
2024-06-10,B,Normal,Credit Card,89.22
2025-01-22,B,Normal,Credit Card,19.28
2024-09-06,B,Normal,E-wallet,174.52
2025-01-19,B,Member,E-wallet,244.86
2024-12-05,B,Normal,Credit Card,95.03
2024-07-15,A,Normal,E-wallet,338.43
2024-04-11,A,Member,Cash,36.64
2024-10-20,B,Member,E-wallet,241.58
2024-06-04,A,Normal,Credit Card,250.61
2024-10-03,B,Member,Cash,119.15
2024-08-02,B,Normal,E-wallet,38.31
2024-05-23,B,Normal,Credit Card,288.41
2024-11-26,A,Member,Cash,43.33
2024-02-14,A,Normal,Credit Card,454.14
2024-12-20,B,Normal,Credit Card,128.46
2024-08-02,B,Member,Credit Card,386.57
2024-05-06,A,Member,Credit Card,381.31
2024-07-20,A,Normal,E-wallet,456.17
2024-10-29,B,Member,E-wallet,39.98
2024-09-21,B,Normal,Cash,414.43
2024-03-11,A,Normal,E-wallet,449.91
2024-12-28,B,Member,E-wallet,52.75
2024-11-06,A,Member,Credit Card,424.89
2024-12-22,B,Normal,Credit Card,109.38
2025-01-17,A,Member,E-wallet,406.73
2024-08-26,B,Normal,Cash,177.59
2024-04-28,B,Member,Credit Card,371.34
2024-02-23,A,Normal,E-wallet,182.6
2024-04-26,B,Member,Cash,154.01
2024-05-01,A,Member,Cash,444.55
2024-03-13,A,Normal,Cash,435.17
2024-04-24,A,Normal,Cash,14.73
2024-11-10,A,Member,Credit Card,132.62
2024-11-03,A,Member,Cash,479.49
2024-06-26,B,Member,E-wallet,447.35
2024-04-04,B,Member,Credit Card,203.84
2024-07-10,A,Normal,Credit Card,466.43
2024-03-09,A,Normal,E-wallet,395.43
2024-12-31,A,Normal,Cash,426.74
2024-12-30,B,Member,Credit Card,118.0
2024-04-07,A,Normal,Credit Card,441.79
2024-11-14,B,Normal,Cash,488.06
2024-08-24,A,Normal,E-wallet,41.72
2024-04-02,A,Member,Cash,323.41
2024-12-13,B,Member,Cash,367.12
2024-09-16,A,Normal,Credit Card,22.55
2025-01-24,A,Member,Cash,231.86
2024-09-21,B,Normal,Credit Card,178.18
2024-07-02,A,Normal,Cash,263.61
2024-06-24,A,Normal,Cash,218.24
2024-03-15,B,Normal,Credit Card,465.84
2024-12-02,A,Member,Credit Card,290.23
2025-01-11,B,Member,Credit Card,108.91
2024-03-05,A,Normal,Cash,119.29
2024-03-05,A,Normal,Credit Card,413.98
2024-11-27,B,Member,Cash,208.92
2024-11-18,A,Member,Cash,428.83
2024-09-12,A,Normal,E-wallet,56.93
2024-08-06,B,Member,Cash,326.2
2025-01-07,B,Normal,Cash,299.54
2024-02-26,A,Member,Credit Card,392.17
2024-05-29,B,Normal,E-wallet,462.18
2024-07-11,B,Member,Credit Card,371.75
2024-12-01,A,Normal,Cash,197.3
2024-04-13,A,Normal,Credit Card,324.57
2024-08-12,B,Normal,Cash,174.89
2024-03-15,B,Normal,Cash,475.95
2024-04-12,A,Member,E-wallet,34.39
2024-04-28,A,Normal,Cash,47.08
2025-01-03,B,Normal,Cash,428.65
2024-11-27,B,Normal,Credit Card,37.58
2024-12-05,B,Normal,E-wallet,50.8
2025-02-04,B,Normal,E-wallet,465.92
2024-04-04,A,Normal,Credit Card,292.16
2024-02-16,B,Normal,Credit Card,19.08
2024-11-06,A,Normal,E-wallet,48.73
2024-10-10,B,Normal,Cash,54.4
2024-09-21,A,Normal,E-wallet,425.83
2024-02-21,A,Member,Credit Card,271.04
2024-08-14,B,Normal,Credit Card,206.2
2024-08-27,B,Member,Credit Card,304.02
2024-04-05,B,Member,Cash,98.83
2025-02-06,B,Member,Cash,112.7
2024-07-14,A,Normal,Credit Card,470.73
2025-01-04,B,Member,Cash,292.65
2024-08-25,B,Normal,E-wallet,169.79
2024-08-23,B,Member,Cash,422.53
2024-07-10,A,Normal,Credit Card,383.84
2025-01-25,A,Normal,Credit Card,224.28
2024-12-22,A,Normal,Cash,347.87
2024-07-24,A,Normal,Cash,474.36
2024-11-09,B,Normal,Credit Card,217.62
2025-02-06,B,Normal,Cash,134.39
2024-03-26,A,Normal,Credit Card,18.24
2024-11-24,A,Member,E-wallet,248.97
2024-09-12,B,Member,Credit Card,43.94
2024-06-01,B,Member,Credit Card,210.24
2024-03-28,B,Normal,Cash,285.51
2024-12-08,A,Member,Cash,298.65
2025-01-08,A,Member,E-wallet,237.2
2024-11-14,B,Member,Cash,134.59
2024-06-28,A,Normal,E-wallet,358.68
2024-10-23,A,Normal,E-wallet,125.12
2024-11-23,B,Member,Cash,248.46
2024-12-27,B,Member,Credit Card,86.56
2024-05-24,A,Member,Credit Card,469.98
2024-09-29,B,Normal,E-wallet,358.64
2024-09-30,B,Normal,Credit Card,62.69
2024-05-29,A,Normal,Credit Card,45.7
2024-06-10,B,Normal,Credit Card,213.67
2024-06-19,B,Normal,Cash,405.24
2024-05-30,A,Normal,Cash,93.18
2025-01-15,B,Member,Cash,41.47
2024-02-25,B,Member,Credit Card,370.66
2024-12-12,B,Member,Cash,220.29
2024-06-14,A,Member,Cash,140.52
2024-08-22,B,Normal,Credit Card,11.21
2024-12-25,A,Member,Credit Card,42.48
2024-04-30,A,Normal,Cash,203.59
2024-03-16,B,Member,E-wallet,364.17
2024-03-02,B,Normal,Credit Card,46.8
2025-01-20,B,Normal,E-wallet,151.48
2024-11-29,B,Normal,Cash,12.07
2024-09-15,B,Normal,E-wallet,52.96
2024-05-09,A,Normal,Credit Card,281.28
2024-11-18,A,Normal,E-wallet,127.45
2024-11-13,B,Normal,E-wallet,393.32
2024-09-20,A,Member,Credit Card,270.41
2025-01-03,B,Normal,Credit Card,154.31
2024-08-30,B,Member,Cash,160.36
2025-01-31,A,Member,Cash,18.22
2024-07-27,A,Normal,Cash,54.55
2024-06-15,A,Normal,E-wallet,74.12
2024-06-24,B,Normal,E-wallet,464.96
2024-06-23,B,Member,E-wallet,424.18
2024-05-19,A,Member,Credit Card,205.81
2024-11-29,A,Normal,E-wallet,317.44
2024-04-17,B,Member,E-wallet,396.31
2024-02-14,B,Normal,Credit Card,159.12
2024-06-12,A,Member,Credit Card,444.51
2024-05-07,A,Normal,E-wallet,15.66
2024-10-06,A,Member,Cash,294.45
2024-12-29,B,Normal,Credit Card,399.13
2025-01-11,A,Member,E-wallet,152.18
2024-08-13,A,Member,E-wallet,454.16
2024-11-03,A,Normal,Credit Card,436.28
2024-09-13,B,Member,Cash,332.89
2024-07-08,B,Normal,E-wallet,436.93
2025-01-17,B,Member,Cash,435.0
2024-10-06,A,Member,Cash,254.25
2024-03-18,B,Member,Cash,20.94
2024-09-24,B,Member,Cash,254.95
2024-09-26,B,Member,Cash,450.66
2024-06-16,A,Member,E-wallet,322.66
2024-09-02,A,Normal,E-wallet,296.47
2024-02-15,A,Normal,E-wallet,200.16
2024-04-08,A,Normal,Credit Card,497.61
2024-04-26,A,Member,Credit Card,65.92
2024-04-21,A,Normal,Cash,44.0
2024-02-20,A,Normal,E-wallet,20.04
2024-12-12,A,Normal,Cash,133.61
2024-07-14,B,Normal,Cash,93.33
2024-03-14,A,Normal,Credit Card,300.73
2024-10-28,B,Member,Cash,51.54
2024-05-04,A,Member,Cash,431.21
2024-04-10,B,Normal,Cash,317.35
2024-12-16,B,Normal,E-wallet,171.64
2024-05-03,A,Member,Cash,218.79
2024-08-25,B,Normal,Cash,232.79
2024-07-19,B,Member,E-wallet,211.34
2024-09-20,B,Normal,Credit Card,346.3
2024-06-21,B,Member,E-wallet,309.11
2024-02-23,B,Normal,E-wallet,376.82
2024-10-22,A,Normal,Credit Card,395.49
2024-11-23,A,Member,Credit Card,248.51
2024-08-30,B,Member,Credit Card,376.63
2024-08-07,A,Member,Cash,497.37
2024-11-13,B,Member,Cash,86.41
2024-08-28,A,Normal,E-wallet,137.03
2024-02-23,A,Normal,Cash,244.39
2024-04-04,A,Member,Credit Card,50.02
2024-02-20,A,Member,Cash,408.86
2024-05-13,A,Normal,E-wallet,20.97
2024-03-07,A,Member,E-wallet,465.74
2024-08-14,B,Normal,Credit Card,300.74
2024-03-10,A,Member,E-wallet,225.18
2024-05-07,A,Member,Cash,42.01
2024-09-28,B,Member,Credit Card,33.61
2024-11-13,B,Member,E-wallet,20.34
2024-05-14,B,Normal,Credit Card,180.87
2024-09-17,A,Normal,Credit Card,423.68
2024-07-06,B,Member,Credit Card,49.51
2024-12-24,A,Member,E-wallet,285.63
2024-08-07,A,Member,E-wallet,117.34
2024-03-21,A,Member,Credit Card,434.26
2024-11-30,A,Member,Cash,280.97
2024-09-17,A,Member,E-wallet,211.06
2024-05-16,A,Member,E-wallet,96.25
2025-01-28,B,Member,Cash,258.79
2025-01-12,B,Normal,Cash,179.73
2024-10-14,A,Normal,E-wallet,142.8
2024-05-29,A,Normal,E-wallet,440.35
2024-06-16,B,Normal,E-wallet,396.78
2024-05-28,B,Normal,Cash,419.96
2024-10-14,A,Member,E-wallet,128.04
2024-10-25,A,Member,Credit Card,384.54
2024-07-04,B,Normal,E-wallet,452.21
2024-10-31,A,Member,Credit Card,428.64
2024-03-26,A,Normal,E-wallet,206.05
2024-12-05,B,Normal,Credit Card,428.49
2024-08-26,A,Member,E-wallet,159.08
2025-01-12,B,Normal,Credit Card,417.95
2024-06-11,B,Normal,E-wallet,183.81
2024-03-05,A,Normal,Cash,430.19
2025-01-21,A,Member,Cash,278.85
2024-10-18,B,Normal,Cash,241.89
2024-12-02,B,Member,E-wallet,430.48
2024-11-29,B,Normal,Credit Card,103.03
2024-12-07,B,Member,E-wallet,107.27
2024-04-26,B,Member,Cash,225.69
2024-10-28,A,Member,E-wallet,348.55
2024-10-31,A,Normal,Credit Card,103.49
2025-01-05,A,Normal,Credit Card,431.71
2024-04-17,A,Member,E-wallet,84.57
2024-11-25,A,Member,Credit Card,67.67
2024-09-21,B,Normal,Credit Card,430.05
2024-09-08,B,Member,E-wallet,18.27
2024-06-16,A,Normal,Cash,114.04
2024-04-07,B,Normal,Credit Card,400.14
2024-03-18,A,Member,Cash,496.71
2024-11-14,B,Member,Credit Card,381.74
2025-01-16,A,Normal,Credit Card,287.88
2024-11-23,A,Member,Credit Card,417.46
2024-04-14,B,Member,Credit Card,440.66
2024-05-19,A,Member,Cash,373.61
2024-08-29,A,Normal,Credit Card,33.0
2024-04-02,B,Member,E-wallet,32.81
2024-04-10,A,Member,Cash,398.97
2024-05-17,B,Member,E-wallet,109.29
2024-09-05,B,Member,Credit Card,156.8
2024-05-25,B,Member,E-wallet,87.79
2025-02-09,B,Member,Credit Card,204.78
2024-06-24,A,Normal,Cash,83.02
2024-11-02,B,Member,E-wallet,21.53
2024-05-25,A,Member,Cash,238.62
2024-04-14,B,Normal,Cash,272.03
2024-11-29,B,Member,Cash,55.35
2024-11-14,B,Member,Cash,304.91
2024-11-12,A,Normal,E-wallet,276.51
2024-09-12,A,Member,Credit Card,451.42
2024-08-10,B,Member,E-wallet,153.27
2024-12-20,B,Member,Cash,357.02
2024-04-09,A,Normal,E-wallet,115.74
2024-12-15,A,Normal,Credit Card,123.91
2025-01-10,A,Normal,E-wallet,451.63
2025-02-07,B,Normal,Cash,456.16
2024-12-19,B,Normal,Cash,126.67
2024-07-01,B,Member,E-wallet,20.84
2024-11-18,A,Normal,E-wallet,289.22
2024-07-27,B,Member,Credit Card,429.81
2024-05-11,A,Member,Credit Card,287.62
2024-09-12,A,Member,Cash,168.95
2024-12-05,B,Normal,Cash,433.93
2024-03-15,A,Normal,Cash,25.9
2024-04-04,B,Normal,Credit Card,312.31
2024-09-01,B,Member,Credit Card,462.64
2024-04-25,B,Member,E-wallet,289.58
2024-12-12,A,Normal,Cash,183.08
2024-02-24,A,Normal,Cash,194.08
2024-04-23,A,Member,Cash,341.43
2024-08-12,B,Member,Credit Card,270.03
2024-03-21,B,Normal,Credit Card,63.57
2024-11-19,B,Normal,Credit Card,190.93
2024-04-03,B,Normal,Credit Card,314.95
2024-02-23,B,Normal,E-wallet,58.81
2024-03-29,B,Normal,Credit Card,21.91
2024-12-25,A,Normal,E-wallet,246.16
2024-07-17,A,Normal,Cash,240.3
2024-03-28,A,Member,Cash,141.18
2024-05-27,B,Normal,Credit Card,293.96
2024-02-24,B,Member,E-wallet,478.5
2024-08-06,A,Member,Cash,486.82
2024-11-30,A,Normal,Cash,134.23
2024-04-22,A,Member,Credit Card,130.46
2024-08-10,A,Member,Credit Card,142.35
2024-05-18,A,Normal,Cash,62.31
2024-05-29,B,Normal,E-wallet,256.96
2024-09-04,A,Normal,Credit Card,451.57
2024-04-27,B,Normal,Cash,325.89
2024-03-17,B,Normal,Cash,11.65
2024-05-01,B,Normal,E-wallet,460.05
2024-06-11,B,Normal,Cash,134.17
2024-11-01,B,Member,Cash,210.51
2025-01-07,A,Member,Credit Card,240.65
2024-08-22,B,Member,Credit Card,86.1
2024-12-27,A,Member,Credit Card,481.34
2024-10-19,B,Member,Credit Card,98.06
2024-11-21,A,Normal,Cash,320.47
2024-12-19,A,Normal,Credit Card,445.48
2024-10-27,B,Normal,E-wallet,379.29
2024-11-05,B,Member,Credit Card,16.62
2024-06-28,A,Normal,E-wallet,272.08
2024-02-13,A,Member,E-wallet,82.24
2024-03-23,B,Normal,Cash,351.58
2024-08-20,B,Member,Credit Card,81.38
2025-01-24,B,Member,Credit Card,454.79
2024-09-20,A,Member,Cash,265.07
2024-11-11,A,Member,Credit Card,63.67
2024-08-21,A,Normal,E-wallet,243.86
2024-10-07,B,Member,E-wallet,468.05
2025-02-09,B,Normal,Credit Card,176.52
2025-02-11,A,Normal,E-wallet,144.68
2024-02-15,B,Normal,E-wallet,313.59
2024-10-10,A,Normal,E-wallet,449.28
2024-08-14,A,Member,Cash,350.78
2024-09-18,B,Normal,E-wallet,34.01
2024-07-23,B,Member,Cash,332.27
2024-11-05,B,Normal,Credit Card,453.3
2024-08-22,A,Member,Credit Card,245.47
2024-11-29,B,Member,Cash,489.55
2024-06-06,A,Member,Cash,397.58
2024-09-27,B,Member,Cash,203.07
2024-11-05,A,Member,Credit Card,335.02
2024-04-28,A,Member,Credit Card,473.12
2024-12-19,B,Normal,E-wallet,292.9
2024-09-15,B,Member,E-wallet,31.41
2024-08-29,B,Member,Cash,408.1
2024-11-06,A,Normal,Cash,122.96
2024-06-09,B,Normal,E-wallet,13.34
2024-11-21,B,Normal,Cash,32.73
2024-06-14,A,Member,Credit Card,200.98
2024-07-24,A,Normal,Credit Card,306.88
2025-02-10,B,Member,Credit Card,318.87
2024-07-14,B,Member,Credit Card,467.88
2024-10-06,A,Member,E-wallet,360.42
2024-06-13,A,Member,E-wallet,333.47
2024-02-22,A,Normal,Cash,180.12
2024-04-06,B,Member,Cash,174.51
2024-03-27,B,Member,Credit Card,28.7
2024-08-18,A,Normal,Credit Card,391.35
2024-10-23,B,Normal,Credit Card,135.28
2024-09-06,B,Normal,E-wallet,481.26
2024-09-12,B,Member,E-wallet,270.73
2025-01-02,A,Member,E-wallet,480.17
2024-12-11,A,Member,Credit Card,172.03
2024-08-31,B,Member,E-wallet,72.52
2024-05-13,A,Member,Cash,384.16
2024-09-10,A,Member,E-wallet,217.82
2024-06-18,A,Normal,Cash,154.77
2024-09-29,B,Normal,E-wallet,16.35
2024-03-07,B,Normal,Cash,400.38
2024-09-06,B,Member,E-wallet,69.3
2024-05-13,A,Normal,E-wallet,402.14
2024-09-09,A,Member,Cash,497.93
2024-03-01,A,Member,Credit Card,285.47
2024-08-31,A,Member,Cash,496.19
2025-01-30,B,Normal,E-wallet,314.33
2024-08-11,B,Member,Credit Card,413.78
2024-10-14,A,Normal,Credit Card,263.48
2024-05-29,A,Member,E-wallet,383.55
2024-07-27,A,Normal,Credit Card,445.16
2024-12-18,A,Normal,Credit Card,385.85
2024-06-04,B,Member,Credit Card,480.94
2024-10-22,B,Normal,Cash,62.62
2024-12-30,A,Member,E-wallet,397.48
2024-06-22,B,Normal,E-wallet,24.77
2024-02-28,A,Normal,E-wallet,323.46
2024-03-06,B,Member,Credit Card,53.75
2024-11-19,B,Normal,Cash,91.38
2024-04-30,B,Member,Cash,405.27
2025-01-14,A,Member,E-wallet,210.99
2024-07-21,B,Normal,E-wallet,124.84
2025-02-01,A,Normal,Cash,390.27
2024-08-13,A,Normal,E-wallet,342.94
2024-05-03,A,Member,E-wallet,321.29
2024-03-17,B,Member,Credit Card,247.74
2025-01-30,A,Member,E-wallet,397.33
2025-01-17,A,Normal,Cash,138.61
2024-11-11,B,Member,Cash,54.97
2024-11-25,A,Normal,E-wallet,129.66
2025-02-04,B,Normal,Credit Card,217.64
2024-03-13,A,Normal,Cash,390.52
2024-08-10,A,Member,Credit Card,132.16
2024-11-26,A,Normal,Cash,215.83
2024-06-16,B,Member,Cash,142.27
2024-07-25,A,Member,Credit Card,440.54
2024-09-01,B,Member,E-wallet,300.52
2024-05-19,A,Normal,Cash,44.97
2025-01-30,A,Normal,E-wallet,260.9
2024-12-07,A,Member,E-wallet,197.69
2024-08-17,A,Normal,Cash,139.03
2024-03-21,A,Normal,E-wallet,352.93
2024-09-23,A,Member,Credit Card,172.22
2024-08-24,A,Member,E-wallet,115.48
2024-08-05,A,Normal,Cash,154.83
2024-11-11,A,Normal,Cash,490.11
2024-12-02,B,Normal,E-wallet,351.74
2024-09-13,B,Member,Credit Card,388.87
2024-11-14,A,Member,Cash,71.23
2024-09-27,A,Member,Cash,397.26
2024-04-07,B,Member,E-wallet,318.63
2024-02-14,B,Member,Credit Card,139.04
2024-05-25,A,Member,Credit Card,402.86
2024-03-18,A,Normal,E-wallet,262.26
2024-03-05,B,Normal,E-wallet,376.32
2025-01-15,A,Member,E-wallet,342.96
2024-08-02,A,Normal,E-wallet,307.06
2024-05-12,B,Normal,Cash,361.2
2024-07-24,A,Normal,E-wallet,152.29
2024-06-24,B,Normal,Credit Card,314.47
2024-06-04,A,Member,Cash,431.4
2024-09-10,B,Normal,Cash,185.73
2025-02-06,B,Normal,Credit Card,163.23
2024-07-06,A,Member,Credit Card,108.95
2024-08-13,B,Normal,Cash,245.13
2024-02-28,B,Member,Credit Card,277.51
2024-12-07,B,Member,E-wallet,162.24
2024-04-10,B,Normal,E-wallet,10.59
2024-08-21,A,Normal,Credit Card,270.05
2024-02-12,A,Member,E-wallet,447.04
2024-12-10,A,Normal,Credit Card,414.77
2025-01-15,A,Member,Credit Card,73.66
2024-11-12,A,Normal,E-wallet,477.92
2024-04-29,A,Normal,Cash,126.26
2024-12-24,B,Normal,Cash,322.04
2024-04-18,A,Normal,Cash,126.99
2024-09-03,A,Normal,Credit Card,410.32
2024-06-17,A,Member,E-wallet,317.07
2024-04-29,A,Member,Credit Card,268.86
2024-06-04,A,Normal,E-wallet,66.35
2024-12-10,A,Member,Credit Card,335.32
2024-08-10,A,Normal,E-wallet,366.23
2024-06-02,B,Normal,Credit Card,41.15
2025-02-10,B,Member,E-wallet,165.98
2025-02-08,A,Normal,Credit Card,242.17
2024-07-20,B,Member,Credit Card,69.48
2024-06-18,A,Member,E-wallet,69.29
2024-03-01,B,Normal,Cash,175.33
2024-10-16,A,Member,E-wallet,106.94
2024-11-30,B,Normal,Credit Card,440.83
2024-10-30,A,Member,Cash,80.24
2024-10-14,B,Member,E-wallet,275.88
2024-12-30,A,Member,Credit Card,104.07
2025-01-19,B,Member,Cash,249.43
2024-10-22,B,Member,E-wallet,217.05
2024-07-04,A,Normal,E-wallet,261.81
2025-01-31,B,Member,Cash,366.34
2024-08-09,B,Member,Credit Card,183.45
2025-01-04,A,Member,Cash,115.78
2024-11-07,A,Member,Cash,110.64
2024-02-19,B,Normal,Credit Card,103.48
2025-02-04,B,Normal,Credit Card,80.77
2024-02-12,B,Normal,Cash,258.52
2024-12-05,B,Normal,E-wallet,338.1
2024-07-10,B,Normal,E-wallet,230.05
2024-10-29,A,Member,Credit Card,420.14
2025-01-19,A,Normal,Credit Card,47.04
2024-08-26,A,Member,E-wallet,79.96
2024-09-07,B,Member,Credit Card,132.07
2024-06-16,B,Normal,E-wallet,335.7
2025-01-05,A,Member,Cash,481.94
2024-08-29,B,Member,E-wallet,270.72
2024-11-27,B,Normal,E-wallet,141.33
2024-04-26,B,Member,E-wallet,426.63
2024-09-14,A,Normal,E-wallet,23.43
2024-12-12,B,Normal,E-wallet,267.54
2024-11-14,B,Normal,Credit Card,405.46
2024-04-25,A,Member,E-wallet,214.08
2024-05-07,A,Normal,Credit Card,374.8
2024-05-21,B,Member,Cash,348.45
2024-10-18,A,Member,Cash,446.47
2024-04-24,B,Member,E-wallet,49.62
2024-12-04,A,Member,Credit Card,199.31
2024-06-10,A,Normal,Cash,274.24
2024-09-04,B,Member,Credit Card,359.44
2024-08-30,B,Normal,E-wallet,191.95
2024-06-01,B,Member,E-wallet,396.56
2024-09-25,A,Member,Credit Card,135.01
2024-10-08,B,Member,Cash,288.31
2024-02-15,B,Member,E-wallet,385.96
2024-12-17,A,Member,Cash,130.03
2025-01-10,A,Member,Cash,24.45
2024-07-19,A,Member,Cash,357.96
2024-05-27,A,Member,Credit Card,484.37
2024-08-31,A,Normal,Credit Card,216.93
2024-05-08,A,Member,E-wallet,30.94
2024-06-30,A,Normal,Credit Card,498.97
2024-09-27,A,Member,Credit Card,252.55
2024-04-15,B,Member,Cash,390.72
2024-11-14,A,Member,Credit Card,10.92
2024-03-10,B,Member,Cash,469.23
2024-08-31,B,Normal,Cash,442.77
2024-06-04,A,Normal,Cash,361.98
2024-11-21,A,Member,E-wallet,70.45
2024-03-01,B,Normal,Cash,250.36
2024-08-18,A,Normal,Credit Card,62.28
2024-08-27,A,Member,Cash,143.93
2024-07-23,B,Normal,E-wallet,322.01
2025-01-23,A,Member,Cash,390.89
2024-06-13,B,Member,Credit Card,143.1
2024-02-22,A,Normal,Cash,260.23
2024-05-13,B,Normal,Cash,21.15
2024-11-05,B,Member,E-wallet,275.61
2025-01-29,A,Normal,Credit Card,147.79
2024-11-15,B,Normal,Credit Card,190.25
2024-06-12,B,Normal,E-wallet,401.63
2024-03-22,A,Member,Credit Card,35.6
2024-09-29,A,Member,Credit Card,443.65
2024-09-18,A,Normal,E-wallet,43.03
2025-01-31,B,Normal,Credit Card,55.02
2024-06-30,B,Normal,E-wallet,239.28
2024-08-05,B,Member,Credit Card,133.45
2024-05-30,A,Member,E-wallet,389.01
2024-09-28,B,Normal,Cash,31.02
2025-01-03,A,Member,E-wallet,210.95
2024-05-12,B,Member,Cash,190.08
2024-04-22,A,Normal,E-wallet,40.02
2024-06-17,A,Normal,Cash,224.45
2024-12-26,A,Normal,Cash,34.77
2024-09-24,A,Normal,Cash,34.49
2024-11-16,A,Member,E-wallet,100.11
2024-05-26,A,Normal,Credit Card,20.15
2024-04-25,B,Member,Cash,262.87
2024-10-12,A,Normal,Cash,306.64
2024-06-09,B,Member,Credit Card,458.99
2024-04-13,B,Normal,Credit Card,126.79
2025-02-07,A,Member,Credit Card,332.72
2024-04-21,B,Member,Credit Card,476.45
2024-05-16,B,Normal,Cash,30.98
2024-12-08,A,Normal,Credit Card,358.64
2024-06-04,B,Member,Credit Card,187.43
2024-11-27,B,Normal,Cash,470.08
2024-08-16,B,Member,Cash,262.31
2024-05-09,B,Normal,Credit Card,331.16
2024-05-05,A,Member,E-wallet,307.84
2024-06-13,B,Member,Credit Card,439.95
2024-12-13,B,Normal,Credit Card,389.67
2024-08-15,B,Normal,E-wallet,457.46
2024-06-22,A,Member,Cash,457.47
2024-03-25,B,Member,E-wallet,184.07
2024-03-16,B,Normal,E-wallet,105.45
2025-01-04,A,Member,Credit Card,133.62
2024-05-22,B,Member,Cash,357.2
2025-01-31,A,Member,E-wallet,444.57
2024-08-07,B,Member,Cash,428.84
2024-08-01,B,Normal,Credit Card,435.06
2024-11-01,B,Normal,E-wallet,298.82
2024-12-20,B,Member,Cash,325.58
2024-02-16,A,Member,Cash,473.72
2024-09-20,B,Member,Cash,366.28
2025-02-11,B,Member,Cash,257.25
2024-07-07,B,Member,Credit Card,162.02
2024-12-30,A,Member,E-wallet,27.73
2024-03-16,B,Normal,Credit Card,451.29
2025-01-20,A,Member,Cash,239.16
2024-11-29,B,Member,E-wallet,390.99
2024-04-25,A,Member,Cash,362.9
2024-07-02,A,Member,Cash,56.53
2024-03-22,B,Normal,Credit Card,399.73
2025-01-11,A,Member,Cash,255.92
2024-10-07,B,Member,Cash,111.94
2024-09-05,B,Member,Cash,42.76
2024-08-14,B,Member,Credit Card,463.39
2024-05-10,B,Normal,Credit Card,269.39
2024-02-14,B,Normal,E-wallet,74.26
2024-04-13,A,Normal,Cash,25.85
2025-01-23,B,Member,E-wallet,338.98
2024-12-06,A,Normal,E-wallet,21.15
2024-07-08,B,Normal,Credit Card,92.13
2024-10-16,A,Normal,Cash,370.96
2024-08-07,B,Member,Credit Card,126.05
2024-04-08,B,Normal,Cash,100.55
2024-12-27,A,Member,Cash,251.57
2024-09-25,A,Normal,Cash,486.46
2024-11-21,A,Normal,E-wallet,492.53
2024-12-13,A,Member,Credit Card,41.57
2024-11-07,B,Member,Cash,494.02
2024-11-14,B,Normal,Cash,346.65
2024-02-13,B,Member,Credit Card,154.52
2024-04-12,A,Member,Cash,196.62
2024-07-02,B,Member,E-wallet,39.48
2025-01-06,B,Normal,E-wallet,266.56
2024-02-22,B,Member,E-wallet,200.72
2024-03-23,B,Member,E-wallet,308.62
2024-04-10,B,Normal,E-wallet,433.4
2024-12-06,A,Member,Credit Card,269.45
2024-09-02,B,Normal,Cash,428.05
2025-01-20,B,Normal,Credit Card,107.07
2024-03-25,A,Member,Credit Card,53.62
2024-12-14,A,Member,Credit Card,75.69
2024-05-11,B,Member,E-wallet,396.68
2024-10-13,B,Member,E-wallet,480.9
2024-10-04,B,Normal,Credit Card,390.88
2024-09-24,B,Normal,Credit Card,26.19
2024-10-19,A,Normal,Cash,467.89
2024-10-03,B,Member,Credit Card,321.32
2024-06-05,B,Member,Credit Card,242.9
2024-04-24,A,Member,Cash,110.28
2024-10-20,B,Normal,E-wallet,217.88
2024-10-09,A,Member,Cash,15.15
2024-06-01,B,Normal,Cash,217.76
2024-07-16,A,Member,Credit Card,127.7
2024-02-22,B,Member,E-wallet,247.15
2025-01-27,A,Member,Credit Card,468.98
2024-12-09,A,Member,Cash,137.94
2024-03-06,A,Normal,E-wallet,60.0
2024-10-15,B,Member,E-wallet,101.01
2025-02-07,B,Normal,Credit Card,422.82
2024-04-14,B,Member,Credit Card,98.72
2024-09-08,B,Member,E-wallet,340.4
2024-11-07,B,Normal,E-wallet,260.42
2024-08-18,A,Member,Cash,420.19
2024-07-02,B,Normal,E-wallet,449.79
2024-07-16,B,Normal,E-wallet,307.65
2024-04-02,B,Normal,E-wallet,277.15
2024-05-31,B,Member,Cash,113.78
2024-03-21,A,Normal,Cash,119.92
2024-09-16,B,Member,Credit Card,110.22
2024-03-26,B,Normal,Cash,270.26
2024-10-31,B,Normal,Credit Card,452.54
2024-07-02,A,Normal,Cash,73.89
2024-05-13,A,Normal,E-wallet,442.08
2025-02-01,A,Member,E-wallet,11.74
2024-12-01,B,Member,Credit Card,471.44
2024-06-06,B,Normal,Credit Card,322.41
2025-02-06,A,Normal,Cash,475.36
2024-11-17,A,Normal,E-wallet,249.34
2024-05-07,A,Normal,Cash,148.49
2025-01-23,A,Normal,E-wallet,69.93
2024-12-11,A,Normal,Credit Card,402.01
2024-09-03,B,Normal,Credit Card,292.26
2024-10-27,B,Normal,Credit Card,224.87
2024-09-01,B,Normal,Cash,42.04
2025-01-19,B,Normal,Cash,100.18
2024-12-18,B,Normal,E-wallet,464.7
2024-07-25,A,Normal,Credit Card,388.83
2024-06-13,B,Normal,E-wallet,363.41
2024-07-21,A,Normal,Credit Card,158.7
2024-04-27,A,Normal,E-wallet,73.13
2024-05-23,B,Member,Credit Card,184.82
2024-04-17,B,Normal,E-wallet,279.59
2024-12-13,A,Normal,E-wallet,387.42
2024-05-14,B,Member,Credit Card,87.07
2024-04-08,B,Normal,Cash,286.69
2024-08-03,A,Member,Cash,286.91
2024-11-21,A,Normal,Credit Card,457.03
2024-12-17,B,Normal,E-wallet,311.44
2024-09-11,A,Normal,E-wallet,316.4
2024-10-12,A,Member,Credit Card,50.22
2024-09-10,A,Member,E-wallet,165.29
2024-09-04,A,Member,E-wallet,158.31
2024-06-29,B,Normal,Cash,145.7
2024-06-30,B,Member,Credit Card,367.32
2024-05-05,A,Normal,Credit Card,209.22
2024-09-19,A,Member,Cash,417.76
2024-05-26,A,Member,Cash,180.61
2024-12-15,B,Normal,Cash,216.55
2025-01-23,A,Member,Cash,488.39
2024-09-28,B,Member,Credit Card,496.94
2024-12-04,A,Normal,Cash,198.71
2024-07-19,A,Normal,Credit Card,129.41
2024-05-18,B,Normal,Credit Card,195.84
2024-08-08,B,Member,E-wallet,120.79
2025-01-12,A,Normal,Cash,394.77
2024-03-16,A,Normal,Cash,190.94
2024-06-23,A,Normal,Cash,268.49
2024-05-24,A,Normal,Cash,360.39
2024-11-12,B,Normal,Cash,188.47
2024-04-05,B,Normal,E-wallet,263.26
2024-03-10,B,Member,E-wallet,90.22
2024-10-14,B,Member,Cash,489.9
2024-11-17,B,Normal,Cash,20.24
2024-10-27,A,Normal,Cash,362.3
2025-01-15,A,Normal,Credit Card,455.23
2024-11-26,A,Member,E-wallet,94.63
2024-03-30,A,Normal,Cash,403.44
2025-02-10,A,Normal,E-wallet,39.09
2024-11-23,A,Member,Cash,105.94
2024-05-15,B,Member,Credit Card,12.93
2025-01-01,A,Member,Cash,300.12
2024-11-29,A,Normal,Cash,84.33
2024-09-22,B,Normal,Cash,225.83
2024-08-04,B,Member,E-wallet,212.13
2024-05-12,B,Normal,Credit Card,312.44
2024-05-06,A,Member,Cash,432.36
2024-07-18,A,Normal,Cash,475.46
2024-08-12,A,Member,Credit Card,319.16
2024-11-06,B,Normal,E-wallet,119.11
2025-02-10,B,Member,Credit Card,168.94
2024-10-12,A,Normal,E-wallet,364.79
2024-12-27,A,Normal,Credit Card,362.91
2024-05-05,A,Normal,Cash,160.48
2024-06-13,B,Member,Cash,276.23
2024-05-06,B,Member,E-wallet,293.6
2024-08-26,A,Normal,Cash,462.4
2025-01-02,A,Member,E-wallet,450.12
2024-12-07,A,Normal,Cash,235.05
2024-10-09,B,Normal,E-wallet,221.91
2024-07-02,A,Member,E-wallet,382.05
2024-06-22,B,Normal,E-wallet,260.09
2024-08-27,B,Normal,Credit Card,45.62
2024-07-09,B,Member,Cash,16.41
2024-05-06,A,Member,Credit Card,204.15
2024-12-31,A,Member,Credit Card,319.47
2025-01-20,B,Member,E-wallet,472.62
2024-04-23,B,Normal,Credit Card,378.19
2024-12-06,B,Normal,Credit Card,204.27
2024-07-29,B,Normal,Cash,374.08
2024-06-21,A,Normal,E-wallet,245.34
2025-01-01,B,Member,Cash,420.09
2024-12-27,A,Normal,Cash,499.06
2024-10-13,B,Member,Credit Card,482.21
2024-06-10,B,Member,Cash,470.54
2024-07-31,B,Member,E-wallet,217.44
2024-02-28,B,Member,Credit Card,146.99
2024-03-18,B,Normal,Cash,118.13
2024-11-23,B,Normal,E-wallet,427.55
2025-01-05,A,Member,Cash,309.68
2024-07-02,A,Member,E-wallet,186.42
2024-11-01,B,Member,Credit Card,392.56
2024-10-29,A,Normal,Cash,286.37
2024-04-23,B,Normal,Credit Card,256.07
2024-02-15,B,Member,E-wallet,284.03
2024-09-03,B,Normal,Credit Card,406.54
2024-11-02,B,Normal,Cash,263.04
2024-09-30,B,Member,Cash,243.17
2024-09-20,B,Member,Credit Card,155.81
2024-06-14,A,Member,E-wallet,488.99
2024-11-08,B,Member,E-wallet,260.32
2024-10-12,A,Member,E-wallet,207.49
2024-10-21,B,Member,Cash,281.64
2024-12-24,B,Normal,Cash,209.4
2025-01-16,A,Member,Credit Card,293.22
2024-09-03,B,Member,Cash,64.2
2024-12-05,A,Normal,Cash,364.62
2024-03-03,B,Normal,E-wallet,285.71
2025-01-07,A,Normal,Credit Card,230.32
2024-07-29,A,Normal,Cash,378.59
2024-12-03,A,Normal,Cash,327.01
2024-12-19,A,Normal,E-wallet,145.01
2024-02-26,A,Member,Cash,174.44
2024-12-03,A,Member,E-wallet,37.08
2024-12-11,B,Member,E-wallet,331.44
2024-08-22,A,Normal,E-wallet,401.67
2024-06-15,B,Normal,Cash,148.18
2024-12-26,A,Normal,Cash,218.58
2025-02-09,B,Normal,E-wallet,224.81
2024-12-09,B,Normal,Credit Card,196.89
2024-11-17,A,Member,Credit Card,33.49
2024-11-18,A,Member,E-wallet,16.92
2024-11-03,B,Member,Cash,435.59
2024-03-08,B,Normal,Credit Card,88.93
2024-08-25,B,Normal,E-wallet,293.47
2024-12-11,A,Member,Cash,392.97
2024-04-07,B,Member,Credit Card,110.18
2024-10-06,B,Member,E-wallet,268.53
2024-10-22,B,Member,Credit Card,128.92
2025-01-15,A,Member,Cash,70.96
2024-06-29,A,Normal,Credit Card,415.81
2024-04-08,A,Member,Credit Card,312.12
2024-09-08,B,Member,Cash,363.3
2024-04-30,A,Normal,Cash,146.0
2024-02-18,B,Member,Credit Card,444.47
2024-06-20,A,Member,Cash,329.58
2024-08-19,B,Normal,Credit Card,120.14
2024-03-03,A,Normal,E-wallet,314.81
2024-12-18,A,Normal,Credit Card,14.14
2025-02-01,A,Normal,Credit Card,439.02
2024-12-05,B,Member,Credit Card,297.53
2024-12-31,A,Normal,Credit Card,206.32
2024-09-28,B,Normal,E-wallet,308.78
2024-04-16,B,Normal,E-wallet,195.74
2024-11-03,A,Member,Cash,287.05
2024-03-16,A,Normal,Credit Card,116.24
2024-04-05,B,Member,E-wallet,336.89
2024-07-11,A,Member,Credit Card,52.5
2024-08-10,A,Member,Cash,245.66
2024-03-29,A,Member,Credit Card,200.25
2025-02-01,A,Normal,E-wallet,244.86
2024-06-13,A,Normal,E-wallet,300.74
2024-04-23,A,Member,Cash,78.78
2025-01-13,A,Member,E-wallet,215.09
2024-06-11,B,Member,Credit Card,426.76
2024-07-09,A,Normal,Credit Card,440.92
2024-11-13,A,Normal,Credit Card,368.11
2024-07-01,A,Normal,Cash,498.7
2024-11-08,B,Normal,Credit Card,249.11
2024-03-04,B,Member,Credit Card,253.21
2024-09-09,B,Member,Credit Card,345.4
2024-08-31,B,Member,E-wallet,54.04
2025-01-22,A,Member,Cash,308.38
2024-05-12,B,Normal,Credit Card,164.35
2024-12-19,B,Normal,E-wallet,379.29
2024-08-24,A,Member,Cash,390.51
2024-05-19,B,Normal,Cash,349.71
2025-01-03,B,Normal,Credit Card,495.12
2024-08-08,A,Normal,Cash,109.14
2024-06-03,B,Member,E-wallet,433.65
2024-09-10,B,Normal,Credit Card,107.9
2025-01-08,B,Member,E-wallet,376.35
2024-05-01,B,Normal,E-wallet,271.92
2024-02-18,B,Normal,Credit Card,398.46
2024-06-09,A,Normal,Cash,105.72
2024-03-18,A,Normal,Credit Card,88.45
2024-04-28,A,Member,Credit Card,307.27
2024-04-06,B,Member,Cash,94.07
2025-01-09,B,Member,Cash,38.68
2024-12-17,A,Normal,Cash,232.01
2024-08-16,B,Normal,E-wallet,166.14
2024-05-04,A,Member,Cash,454.28
2024-07-06,B,Normal,E-wallet,441.11
2024-08-05,B,Member,Cash,185.77
2024-09-03,B,Normal,Cash,282.4
2024-11-15,A,Normal,Credit Card,170.52
2024-11-28,A,Normal,Cash,374.17
2024-08-20,B,Member,Cash,358.16
2024-04-26,A,Normal,Credit Card,143.1
2024-08-18,B,Member,E-wallet,311.26
2024-07-14,B,Normal,Credit Card,199.59
2024-11-24,B,Normal,Cash,302.29
2025-01-24,B,Member,Credit Card,14.91
2024-05-20,B,Member,Credit Card,350.55
2025-01-28,B,Member,Credit Card,332.7
2024-05-30,A,Member,Credit Card,487.13
2025-01-17,B,Normal,Credit Card,423.43
2024-12-08,B,Member,E-wallet,179.33
2024-07-28,B,Normal,Cash,220.8
2024-11-25,A,Normal,E-wallet,308.77
2024-11-30,A,Normal,Cash,262.02
2024-04-10,B,Member,E-wallet,169.85
2024-09-19,B,Member,Cash,65.62
2024-12-31,A,Member,E-wallet,262.93
2025-02-02,A,Member,Cash,121.22
2024-12-15,A,Normal,Credit Card,143.94
2024-03-17,A,Normal,Cash,471.33
2024-10-27,B,Member,Cash,434.8
2024-05-29,B,Member,E-wallet,152.25
2024-11-25,B,Member,Credit Card,151.73
2024-10-27,A,Member,Cash,234.63
2024-09-07,A,Member,Credit Card,311.12
2024-12-08,A,Member,Credit Card,170.08
2024-08-24,A,Normal,Credit Card,143.26
2024-12-23,A,Member,E-wallet,434.65
2024-05-09,B,Normal,Credit Card,486.03
2025-01-20,A,Member,Cash,481.89
2024-04-29,B,Normal,Cash,120.4
2025-02-08,B,Normal,Credit Card,403.94
2024-09-15,A,Member,E-wallet,328.33
2024-03-02,B,Member,Credit Card,175.72
2024-03-15,A,Normal,E-wallet,378.7
2024-09-19,A,Member,Credit Card,489.63
2024-05-08,A,Normal,Credit Card,397.84
2024-07-13,A,Normal,Credit Card,47.05
2025-01-21,A,Member,E-wallet,284.05
2024-05-27,A,Normal,Credit Card,63.01
2024-11-05,A,Normal,E-wallet,113.58
2025-02-03,A,Member,E-wallet,402.11
2024-08-05,A,Normal,Cash,241.25
2024-06-04,B,Member,E-wallet,83.54
2024-02-28,B,Member,Credit Card,304.08
2025-01-19,B,Normal,E-wallet,234.98
2024-05-18,B,Normal,Cash,477.14
2024-03-14,B,Member,E-wallet,25.45
2024-02-16,A,Normal,Cash,288.78
2024-10-13,B,Normal,Cash,488.52
2024-04-25,B,Normal,Cash,354.61
2024-09-22,B,Member,Credit Card,298.66
2024-05-04,B,Member,Cash,39.7
2024-04-26,B,Normal,Credit Card,276.24
2024-05-06,A,Normal,Cash,102.8
2024-09-04,B,Normal,Cash,141.13
2024-08-17,B,Normal,E-wallet,361.8
2024-05-14,A,Normal,E-wallet,184.37
2024-07-27,A,Normal,Cash,453.7
2024-09-27,A,Normal,Credit Card,227.3
2024-08-22,A,Normal,Credit Card,159.79
2024-08-25,B,Normal,Credit Card,183.71
2025-01-27,B,Normal,Credit Card,465.61
2024-03-12,B,Normal,Cash,388.89
2024-09-16,B,Normal,Credit Card,340.4
2025-02-06,A,Normal,Cash,25.76
2024-10-09,A,Member,E-wallet,344.45
2024-10-22,B,Member,E-wallet,320.29
2024-09-24,A,Member,Credit Card,15.17
2024-04-22,A,Member,E-wallet,236.01
2024-12-01,A,Member,Credit Card,206.63
2024-11-23,B,Member,E-wallet,376.59
2024-03-02,B,Normal,Cash,417.61
2024-05-17,A,Normal,E-wallet,266.58
2024-07-08,B,Normal,E-wallet,21.48
2024-08-14,B,Normal,E-wallet,288.39
2024-05-20,B,Member,Cash,239.89
2024-10-01,B,Member,Credit Card,265.74
2024-12-20,A,Normal,E-wallet,224.71
2025-01-25,B,Normal,Credit Card,48.05
2025-01-06,B,Normal,Cash,228.12
2024-03-31,A,Normal,Cash,348.45
2025-02-02,A,Member,E-wallet,156.84
2024-08-19,B,Normal,Credit Card,209.56
2024-02-29,A,Normal,Credit Card,318.7
2024-11-16,A,Normal,E-wallet,41.72
2024-02-18,A,Member,Credit Card,128.89
2024-07-22,B,Member,Credit Card,441.03
2024-07-25,A,Member,E-wallet,236.3
2024-06-19,A,Member,Credit Card,288.8
2024-09-28,B,Normal,Credit Card,123.1
2024-04-07,A,Normal,Credit Card,437.7
2024-03-02,A,Normal,Credit Card,122.5
2024-12-16,B,Member,Credit Card,455.71
2024-07-13,B,Normal,Credit Card,294.97
2024-06-16,B,Member,Cash,193.01
2024-08-01,A,Normal,Cash,63.35
2024-12-27,A,Normal,Cash,315.74
2024-10-20,B,Normal,Credit Card,452.37
2024-07-24,B,Normal,E-wallet,93.14
2024-12-27,A,Normal,Cash,35.47
2024-12-02,B,Normal,Credit Card,499.11
2024-07-17,B,Normal,Cash,152.99
2024-06-12,B,Member,Credit Card,42.04
2024-12-31,B,Member,Credit Card,188.33
2025-01-28,A,Normal,Cash,496.67
2024-04-07,B,Normal,Cash,443.25
2024-06-25,B,Normal,Credit Card,322.37
2024-04-20,B,Member,E-wallet,141.32
2024-08-09,A,Member,E-wallet,390.51
2024-05-19,A,Normal,E-wallet,251.62
2024-12-23,A,Normal,Cash,67.78
2024-10-10,A,Member,E-wallet,378.29
2025-02-01,A,Member,Cash,114.37
2024-12-29,A,Normal,Credit Card,378.0
2024-08-13,B,Normal,E-wallet,269.86
2024-08-15,A,Normal,Credit Card,210.69
2024-06-15,A,Normal,E-wallet,148.5
2025-01-27,A,Normal,E-wallet,476.31
2024-06-27,B,Normal,Cash,52.6
2024-10-21,A,Normal,E-wallet,250.19
2024-05-18,A,Normal,Cash,71.62
2024-08-25,B,Normal,E-wallet,210.47
2024-11-28,B,Member,Cash,317.09
2024-02-21,A,Member,E-wallet,39.86
2024-11-11,A,Normal,Credit Card,106.45
2024-06-02,A,Normal,Cash,257.72
2025-01-15,B,Member,Cash,400.75
2024-11-09,B,Normal,Credit Card,333.03
2024-11-17,B,Normal,Cash,122.97
2024-02-23,B,Member,E-wallet,211.16
2025-02-06,A,Member,Cash,346.6
2024-10-01,A,Normal,Cash,13.91
2024-08-18,B,Normal,E-wallet,301.14
2024-06-12,B,Member,E-wallet,429.02
2024-12-01,A,Member,E-wallet,421.32
2024-12-22,B,Normal,E-wallet,441.33
2024-05-30,B,Member,E-wallet,278.2
2024-03-23,A,Member,Credit Card,482.17
2024-02-17,A,Normal,Credit Card,44.31
2024-11-03,A,Normal,Cash,472.45
2024-03-12,B,Normal,E-wallet,326.72
2024-03-27,A,Member,Cash,140.46
2024-10-12,A,Normal,E-wallet,222.12
2024-04-18,A,Member,Cash,300.16
2024-10-05,A,Member,Cash,179.82
2024-05-19,A,Normal,E-wallet,248.15
2024-09-22,B,Normal,Credit Card,113.7
2024-02-16,A,Normal,E-wallet,398.14
2024-09-05,A,Normal,E-wallet,321.58
2024-03-03,B,Normal,Credit Card,352.56
2024-11-01,A,Normal,E-wallet,433.06
2024-02-26,A,Member,E-wallet,26.03
2024-08-29,A,Normal,Cash,395.62
2025-01-05,A,Normal,Cash,153.11
2024-11-09,B,Normal,Credit Card,419.48
2024-11-10,A,Normal,Cash,213.04
2024-10-10,B,Member,Credit Card,383.01
2025-01-26,B,Normal,Credit Card,350.11
2025-01-23,A,Member,E-wallet,374.56
2025-01-24,A,Member,E-wallet,334.53
2024-12-18,B,Normal,Cash,86.93
2024-11-23,A,Member,E-wallet,78.51
2024-09-14,B,Normal,E-wallet,347.03
2024-06-05,A,Normal,E-wallet,191.67
2024-03-27,A,Normal,Cash,233.99
2024-11-16,B,Member,Cash,172.18
2024-05-27,B,Normal,E-wallet,127.51
2024-07-08,B,Member,Credit Card,81.31
2024-08-21,B,Member,Cash,424.05
2024-05-17,A,Normal,Credit Card,33.72
2024-08-02,B,Normal,E-wallet,88.95
2025-02-11,B,Member,Cash,297.17
2024-12-04,A,Member,Cash,38.4
2024-09-01,B,Normal,E-wallet,98.45
2024-08-26,B,Normal,E-wallet,151.23
2024-08-23,A,Member,E-wallet,333.21
2024-07-06,B,Normal,Credit Card,187.87
2024-07-21,B,Normal,Cash,195.33
2024-07-14,A,Normal,E-wallet,442.54
2024-09-18,A,Normal,E-wallet,327.66
2024-12-03,B,Member,Cash,208.7
2024-11-15,A,Member,Cash,329.84
2024-12-31,B,Member,Credit Card,60.76
2024-12-01,B,Normal,E-wallet,484.59
2024-02-28,A,Normal,E-wallet,457.12
2024-09-13,B,Member,Credit Card,41.73
2024-07-14,B,Member,E-wallet,349.33
2024-07-26,A,Member,E-wallet,251.45
2025-02-04,B,Member,E-wallet,319.23
2025-01-08,A,Member,Cash,311.97
2024-12-03,B,Member,E-wallet,118.44
2024-02-24,A,Member,E-wallet,413.63
2024-06-17,B,Normal,E-wallet,137.39
2024-10-01,A,Normal,Cash,306.13
2024-09-11,B,Member,Credit Card,77.78
2024-07-23,A,Normal,Cash,209.7
2024-09-23,B,Member,Credit Card,301.98
2024-10-02,B,Normal,Credit Card,352.58
2024-09-07,A,Member,E-wallet,125.67
2024-08-17,A,Normal,Cash,282.44
2024-09-01,B,Member,Cash,364.62
2024-02-17,B,Member,Credit Card,73.58
2024-11-14,B,Member,E-wallet,59.82
2025-02-09,B,Member,Cash,479.07
2024-03-08,B,Normal,E-wallet,185.61
2024-10-18,A,Normal,Cash,380.56
2024-08-24,B,Normal,Cash,196.68
2024-10-28,A,Member,E-wallet,217.76
2024-06-14,B,Normal,Credit Card,255.56
2024-10-29,B,Member,Credit Card,313.13
2024-10-29,B,Member,Credit Card,400.23
2024-07-02,A,Normal,Cash,334.06
2024-11-28,B,Member,Credit Card,372.5
2024-07-04,B,Member,E-wallet,494.64
2024-10-05,B,Member,Cash,327.66
2024-05-22,A,Normal,E-wallet,275.92
2025-02-08,B,Member,E-wallet,75.53
2024-05-21,B,Normal,E-wallet,233.96
2024-08-24,B,Member,Cash,13.54
2024-05-21,A,Normal,E-wallet,218.9
2024-10-11,A,Normal,Cash,211.56
2025-01-22,B,Normal,Cash,112.42
2024-07-31,B,Member,Credit Card,172.29
2024-09-08,B,Member,Credit Card,88.65
2024-11-14,B,Member,Credit Card,411.2
2024-12-24,A,Normal,Cash,25.2
2024-04-25,A,Normal,Cash,155.29
2024-06-14,A,Member,Credit Card,313.76
2024-06-04,B,Member,Credit Card,30.55
2024-08-15,A,Normal,E-wallet,405.34
2024-11-24,A,Member,Cash,324.37
2024-09-12,A,Member,Cash,187.28
2024-06-03,A,Normal,E-wallet,255.85
2024-07-31,A,Normal,Credit Card,53.11
2024-04-28,A,Normal,Cash,329.28
2024-08-05,B,Member,Credit Card,400.24
2024-07-08,A,Normal,Credit Card,170.4
2024-12-04,B,Member,Credit Card,12.5
2024-07-07,A,Member,Credit Card,475.04
2025-01-08,A,Member,E-wallet,119.28
2024-07-14,A,Normal,Cash,400.64
2024-03-21,B,Normal,Cash,426.71
2024-05-21,A,Normal,Cash,80.9
2024-04-24,A,Member,Cash,449.82
2024-03-23,B,Member,E-wallet,109.05
2024-07-26,A,Member,Cash,230.82
2024-12-12,B,Member,Cash,298.71
2024-12-17,B,Normal,E-wallet,123.47
2024-07-13,A,Normal,Credit Card,209.85
2025-01-19,A,Normal,E-wallet,403.1
2024-12-20,B,Member,Cash,23.29
2024-11-10,A,Member,E-wallet,115.49
2024-12-09,B,Normal,E-wallet,186.92
2025-01-26,B,Member,E-wallet,302.62
2025-02-01,B,Normal,Cash,139.02
2025-01-23,B,Member,Credit Card,163.58
2025-01-19,B,Normal,Cash,348.64
2024-02-23,A,Member,Cash,373.02
2024-10-02,A,Normal,E-wallet,465.88
2024-07-26,A,Normal,Credit Card,364.11
2024-12-02,B,Normal,Credit Card,151.02
2024-02-27,A,Member,E-wallet,425.83
2024-07-11,B,Member,Credit Card,281.09
2024-10-05,A,Member,Credit Card,134.13
2024-09-17,B,Member,Credit Card,280.58
2024-10-04,B,Normal,E-wallet,169.33
2024-03-24,B,Member,Cash,261.81
2024-10-30,A,Member,Cash,382.75
2024-07-30,A,Normal,Cash,385.98
2025-02-01,B,Normal,Cash,462.56
2024-02-23,A,Member,E-wallet,244.54
2024-03-30,A,Normal,E-wallet,124.81
2024-08-18,A,Member,Cash,137.85
2024-03-05,A,Member,Credit Card,470.09
2024-06-23,B,Normal,Credit Card,126.05
2024-08-21,B,Normal,Credit Card,259.55
2024-11-28,A,Normal,E-wallet,111.39
2025-01-06,A,Member,Credit Card,191.64
2024-06-12,A,Normal,E-wallet,308.69
2024-07-24,A,Normal,Cash,93.51
2024-10-30,A,Normal,E-wallet,305.98
2024-06-07,A,Member,Credit Card,381.23
2024-09-26,B,Normal,Credit Card,136.17
2024-03-15,A,Normal,Cash,203.56
2024-03-13,B,Normal,Credit Card,49.35
2024-12-08,A,Normal,Credit Card,112.71
2024-02-26,A,Member,Credit Card,283.24
2024-02-18,A,Normal,Credit Card,150.62
2024-07-15,B,Normal,E-wallet,238.47
2024-12-03,B,Normal,Credit Card,326.86
2024-06-06,B,Member,E-wallet,104.41
2024-07-15,B,Normal,Cash,362.29
2024-08-10,A,Member,Credit Card,18.93
2024-12-20,B,Member,Cash,237.78
2024-03-28,A,Member,E-wallet,258.92
2024-03-11,B,Member,E-wallet,98.61
2024-09-20,B,Normal,Cash,353.72
2024-10-14,A,Member,Credit Card,192.21
2024-04-02,A,Normal,Cash,92.01
2024-10-06,B,Member,Cash,147.0
2024-10-05,A,Member,E-wallet,111.09
2024-06-21,A,Member,Cash,283.41
2024-05-11,A,Member,E-wallet,325.38
2024-10-19,B,Normal,E-wallet,199.9
2024-04-15,A,Normal,E-wallet,282.8
2024-06-26,B,Normal,Credit Card,244.23
2024-10-22,B,Member,E-wallet,484.74
2025-01-23,A,Normal,Credit Card,471.28
2024-03-20,B,Normal,Credit Card,224.4
2024-09-14,A,Member,Credit Card,490.55
2024-05-13,B,Normal,E-wallet,204.11
2024-07-30,A,Member,E-wallet,497.72
2024-02-29,A,Member,E-wallet,413.9
2024-04-19,B,Member,Cash,423.95
2024-11-22,B,Normal,Cash,422.99
2024-11-04,A,Member,E-wallet,63.77
2024-10-10,A,Normal,E-wallet,183.37
2025-02-10,B,Member,Cash,392.88
2024-04-23,B,Member,E-wallet,476.02
2024-08-06,A,Member,Credit Card,66.92
2024-03-23,B,Normal,E-wallet,420.82
2024-04-15,A,Member,Credit Card,424.91
2024-02-16,A,Member,E-wallet,495.93
2024-06-29,A,Member,Cash,333.36
2024-02-19,A,Normal,Credit Card,14.83
2024-12-20,B,Member,E-wallet,123.95
2025-02-06,A,Normal,Cash,248.12
2024-02-27,B,Member,Credit Card,24.47
2024-10-26,A,Member,Credit Card,376.93
2025-02-04,B,Member,Cash,49.37
2024-07-04,A,Normal,Cash,471.01
2024-06-27,B,Member,Cash,400.61
2024-03-15,A,Normal,Cash,357.95
2024-12-12,B,Normal,Cash,401.17
2024-04-30,B,Member,Credit Card,162.63
2024-06-16,A,Normal,Credit Card,91.49
2024-12-05,A,Normal,Cash,418.17
2024-10-17,A,Normal,Cash,93.28
2024-10-08,A,Member,Credit Card,389.16
2024-04-11,B,Normal,E-wallet,250.16
2025-01-28,A,Normal,Cash,233.66
2024-04-06,A,Normal,Cash,357.51
2024-06-07,B,Member,Credit Card,304.59
2024-11-02,B,Normal,Cash,322.52
2024-12-02,A,Normal,E-wallet,245.63
2024-09-14,B,Member,Credit Card,227.15
2024-03-25,B,Member,E-wallet,88.62
2024-05-16,A,Normal,E-wallet,84.42
2025-02-04,A,Normal,Credit Card,376.71
2024-05-28,B,Normal,E-wallet,299.82
2024-12-23,A,Normal,E-wallet,197.79
2024-06-25,B,Normal,Credit Card,400.65
2024-09-15,B,Member,Credit Card,266.58
2024-06-13,A,Member,Credit Card,345.03
2024-10-26,A,Member,Cash,409.42
2024-10-24,B,Normal,Credit Card,415.83
2024-10-08,B,Member,E-wallet,10.14
2024-07-01,A,Normal,Credit Card,115.82
2024-08-21,B,Member,Credit Card,90.54
2024-07-02,B,Member,E-wallet,448.19
2024-05-20,A,Member,E-wallet,46.47
2025-01-03,A,Normal,Cash,379.85
2024-05-29,A,Member,Cash,463.95
2024-08-13,A,Normal,E-wallet,155.73
2024-02-15,A,Member,Cash,482.11
2024-02-24,A,Member,Credit Card,137.36
2024-10-31,A,Member,Credit Card,460.37
2024-11-19,B,Member,Cash,319.4
2025-01-13,B,Member,Cash,87.94
2024-11-30,A,Normal,Cash,425.39
2024-02-19,A,Member,E-wallet,480.04
2024-05-29,B,Normal,E-wallet,102.01
2024-10-08,B,Normal,E-wallet,452.1
2024-10-23,B,Normal,E-wallet,287.74
2024-11-29,B,Normal,E-wallet,159.88
2024-12-12,B,Normal,E-wallet,290.13
2024-04-12,A,Member,E-wallet,479.29
2024-10-10,B,Member,E-wallet,383.75
2024-02-27,A,Member,Credit Card,300.44
2024-10-23,A,Member,Cash,103.25
2024-03-02,B,Normal,Credit Card,384.96
2024-06-18,A,Normal,E-wallet,73.09
2024-08-16,B,Member,Cash,212.13
2024-02-27,B,Normal,Cash,293.26
2024-03-22,A,Normal,Cash,143.83
2024-10-17,B,Normal,Cash,216.46
2024-04-29,A,Normal,E-wallet,33.92
2024-06-08,B,Member,Credit Card,145.05
2024-08-03,A,Normal,Cash,386.16
2024-05-29,B,Member,Credit Card,35.26
2024-11-15,A,Normal,Credit Card,107.56
2024-05-23,B,Normal,Credit Card,66.7
2024-10-04,A,Normal,Credit Card,39.5
2024-09-23,A,Member,Cash,303.35
2024-05-18,B,Member,Credit Card,453.32
2024-11-03,B,Member,Credit Card,336.24
2025-01-27,A,Member,Cash,171.81
2024-03-18,B,Member,E-wallet,364.27
2024-06-17,A,Normal,Cash,111.9
2024-09-17,B,Member,Credit Card,492.78
2024-04-22,B,Member,E-wallet,183.91
2024-12-17,A,Member,E-wallet,79.64
2024-03-26,A,Normal,Cash,314.36
2024-11-19,B,Member,Credit Card,243.64
2024-06-28,B,Member,E-wallet,294.73
2024-06-25,A,Member,Cash,298.09
2024-10-21,A,Member,Cash,259.0
2024-09-16,B,Member,Cash,492.39
2024-02-22,B,Normal,E-wallet,464.8
2024-08-02,A,Member,Cash,351.76
2024-04-25,A,Normal,Cash,143.08
2024-05-20,A,Normal,E-wallet,338.92
2024-10-18,B,Normal,E-wallet,74.08
2024-02-28,A,Normal,Cash,357.11
2024-06-23,A,Normal,Credit Card,337.1
2025-02-03,A,Member,Credit Card,121.3
2024-10-02,B,Member,E-wallet,371.96
2024-07-23,A,Normal,E-wallet,25.85
2024-03-06,A,Member,E-wallet,281.48
2024-07-04,B,Normal,Cash,417.93
2024-05-20,B,Member,Credit Card,477.86
2024-04-17,A,Member,Cash,40.1
2024-03-17,A,Member,Cash,67.74
2024-05-09,A,Member,Credit Card,345.41
2024-04-04,A,Normal,E-wallet,305.4
2025-01-25,B,Normal,Cash,409.5
2024-07-21,B,Member,E-wallet,429.29
2024-07-25,B,Normal,Cash,307.8
2024-10-28,A,Normal,E-wallet,327.56
2024-09-14,A,Member,Credit Card,51.55
2024-10-15,B,Normal,E-wallet,478.99
2024-06-18,A,Member,Credit Card,362.23
2024-06-27,A,Member,Credit Card,361.53
2024-05-16,B,Member,Credit Card,367.28
2024-12-18,B,Normal,Credit Card,262.16
2024-12-03,A,Member,Cash,54.76
2024-11-26,A,Normal,Credit Card,353.89
2024-10-28,B,Normal,Cash,239.79
2024-09-27,B,Member,Credit Card,369.12
2024-09-05,A,Normal,Cash,57.95
2024-03-08,A,Member,E-wallet,329.15
2024-04-06,A,Normal,E-wallet,451.71
2024-09-27,B,Member,E-wallet,42.05
2025-01-12,B,Normal,Cash,434.2
2024-08-27,B,Normal,Cash,220.29
2024-06-13,B,Member,Credit Card,164.81
2024-03-08,B,Normal,E-wallet,355.62
2024-02-26,B,Normal,Cash,490.74
2024-03-15,B,Member,Cash,355.37
2024-10-06,B,Normal,E-wallet,447.6
2024-12-16,B,Normal,Credit Card,12.89
2024-10-01,A,Member,Cash,415.02
2024-02-19,B,Member,Credit Card,491.8
2024-05-09,A,Normal,Cash,404.57
2025-01-13,B,Member,Cash,218.19
2024-06-19,B,Member,Credit Card,95.37
2024-04-26,A,Normal,Cash,133.62
2025-02-01,B,Normal,E-wallet,379.59
2024-07-25,B,Member,Cash,386.93
2024-03-14,A,Normal,Cash,430.03
2024-04-22,B,Normal,Cash,60.36
2024-04-20,B,Member,Cash,410.8
2024-03-03,B,Normal,E-wallet,110.45
2024-10-21,B,Member,Cash,381.31
2025-01-14,A,Normal,Cash,60.55
2024-08-13,B,Member,E-wallet,412.47
2024-10-25,A,Member,Credit Card,320.0
2024-11-28,B,Normal,Cash,152.38
2024-03-16,A,Normal,Credit Card,327.41
2024-12-01,A,Member,E-wallet,283.06
2024-04-23,B,Normal,Credit Card,40.95
2024-10-31,B,Member,Credit Card,478.68
2024-08-01,A,Member,Credit Card,337.16
2024-06-29,A,Normal,E-wallet,103.56
2024-12-09,B,Normal,Credit Card,104.43
2024-09-29,A,Member,Cash,172.91
2024-07-14,A,Normal,Credit Card,369.64
2024-02-24,B,Normal,Credit Card,325.92
2024-07-12,B,Normal,Credit Card,162.72
2024-02-12,A,Member,E-wallet,284.87
2024-03-24,A,Member,E-wallet,43.99
2024-02-26,B,Normal,E-wallet,127.76
2024-02-28,A,Member,Cash,286.31
2024-11-20,A,Member,E-wallet,312.63
2024-12-10,B,Member,Credit Card,348.65
2024-10-26,B,Normal,Cash,410.92
2024-10-24,B,Normal,Cash,488.3
2024-10-15,B,Member,E-wallet,193.8
2024-04-09,A,Member,E-wallet,358.67
2024-03-18,A,Normal,E-wallet,302.13
2024-05-16,B,Normal,E-wallet,416.0
2024-07-25,A,Member,E-wallet,353.13
2024-06-25,A,Member,Credit Card,264.38
2024-06-30,B,Member,E-wallet,157.43
2024-06-30,B,Member,E-wallet,107.65
2024-07-29,B,Member,E-wallet,468.59
2024-08-04,B,Normal,E-wallet,300.13
2024-07-19,B,Member,Credit Card,59.46
2024-08-04,A,Normal,Credit Card,296.9
2024-07-03,B,Normal,Credit Card,431.0
2024-11-08,A,Member,E-wallet,212.31
2024-12-09,A,Normal,Credit Card,491.13
2024-08-09,A,Normal,E-wallet,106.1
2024-06-29,B,Normal,Credit Card,411.3
2024-08-09,A,Member,E-wallet,125.94
2024-09-07,A,Member,Credit Card,122.7
2024-12-31,B,Member,Credit Card,185.4
2024-11-07,B,Member,Cash,168.63
2024-05-26,B,Member,E-wallet,470.97
2024-03-18,A,Member,Cash,467.78
2024-06-30,B,Member,E-wallet,218.27
2024-08-15,A,Member,Cash,220.59
2024-04-27,B,Member,Credit Card,497.07
2024-07-21,B,Member,E-wallet,432.23
2024-11-13,B,Normal,Cash,386.26
2025-01-02,B,Member,Cash,23.42
2024-02-28,A,Normal,Cash,229.67
2024-09-05,A,Normal,Credit Card,208.64
2024-10-07,A,Normal,Credit Card,233.78
2024-08-19,A,Normal,Credit Card,56.49
2024-04-11,A,Member,Credit Card,301.94
2024-11-29,A,Member,Credit Card,297.41
2024-04-03,A,Normal,Cash,499.02
2024-05-03,A,Member,Credit Card,414.71
2024-05-27,A,Member,Credit Card,452.74
2024-07-30,B,Member,Cash,72.54
2024-11-15,B,Member,Cash,368.66
2024-03-29,A,Member,E-wallet,120.09
2024-10-05,A,Member,E-wallet,104.6
2024-08-21,B,Member,E-wallet,15.27
2024-06-30,A,Member,Credit Card,402.25
2024-10-25,A,Normal,Cash,154.87
2024-05-26,B,Normal,Credit Card,109.28
2025-01-13,B,Member,Credit Card,14.91
2025-01-11,A,Member,Cash,468.4
2024-10-01,B,Normal,Credit Card,320.63
2024-06-12,A,Normal,Credit Card,442.45
2024-08-15,B,Normal,Credit Card,344.63
2024-11-16,A,Member,Credit Card,345.43
2024-12-09,A,Normal,Credit Card,52.13
2024-09-06,B,Normal,Cash,310.81
2024-09-29,B,Normal,Cash,259.96
2024-11-03,B,Member,Credit Card,431.31
2024-06-06,A,Normal,Credit Card,158.14
2024-10-31,B,Member,Cash,353.3
2024-09-06,B,Normal,E-wallet,282.94
2024-07-25,A,Member,Cash,357.9
2025-01-25,A,Member,Credit Card,379.22
2024-08-15,B,Normal,E-wallet,473.58
2024-08-13,A,Normal,Cash,385.1
2024-06-14,B,Normal,E-wallet,222.67
2024-07-04,B,Normal,Cash,222.45
2024-10-24,A,Member,Cash,425.07
2024-09-27,A,Normal,Cash,262.26
2024-02-19,A,Member,Credit Card,21.48
2024-12-02,A,Normal,E-wallet,409.82
2024-11-18,B,Normal,Credit Card,489.07
2024-10-02,B,Normal,E-wallet,57.22
2024-08-11,A,Member,E-wallet,350.62
2024-10-28,B,Member,E-wallet,126.0
2024-03-18,B,Member,E-wallet,145.71
2024-09-07,B,Member,Cash,344.34
2024-07-01,B,Normal,Cash,21.03
2024-10-07,A,Member,Credit Card,499.99
2024-03-18,A,Member,E-wallet,177.21
2024-03-20,A,Member,Credit Card,416.39
2025-02-01,B,Member,Credit Card,70.18
2024-02-24,B,Member,E-wallet,415.31
2025-01-07,A,Member,E-wallet,14.18
2024-12-09,A,Normal,Cash,271.4
2024-10-25,A,Member,Cash,482.18
2024-08-29,A,Normal,Cash,263.8
2024-06-17,A,Normal,Credit Card,296.3
2024-03-11,A,Normal,Credit Card,222.15
2024-08-20,A,Normal,Cash,94.95
2024-07-12,A,Member,E-wallet,445.21
2024-06-10,B,Normal,Cash,449.51
2024-08-23,B,Normal,Cash,91.61
2024-04-09,B,Normal,Credit Card,45.59
2024-08-30,A,Member,Cash,423.66
2025-02-01,B,Member,E-wallet,289.46
2024-07-07,A,Normal,Credit Card,418.6
2025-02-07,B,Member,Cash,197.17
2024-07-20,A,Member,Credit Card,443.31
2024-06-18,A,Normal,Cash,282.38
2024-03-30,B,Member,Cash,161.05
2024-07-03,B,Member,E-wallet,177.3
2024-06-18,B,Member,Cash,467.33
2024-04-14,B,Member,Credit Card,443.33
2024-05-22,B,Member,Credit Card,201.84
2024-06-23,B,Normal,Cash,139.02
2024-09-28,A,Normal,E-wallet,391.51
2025-01-27,A,Member,E-wallet,193.95
2024-04-26,B,Member,E-wallet,271.22
2024-10-05,B,Member,E-wallet,151.96
2024-04-05,A,Member,Cash,421.93
2024-04-14,B,Member,Cash,66.76
2024-04-23,B,Member,Credit Card,429.05
2024-06-12,B,Member,E-wallet,28.94
2024-07-24,A,Member,Credit Card,457.51
2024-06-13,B,Member,E-wallet,96.45
2024-12-07,B,Normal,Credit Card,368.05
2024-11-22,B,Normal,E-wallet,131.0
2024-08-19,A,Normal,Credit Card,301.01
2024-08-27,A,Member,Cash,328.51
2024-12-26,A,Member,E-wallet,168.73
2024-06-28,A,Normal,E-wallet,290.73
2024-06-21,B,Normal,Credit Card,485.79
2025-01-23,B,Member,E-wallet,40.76
2024-08-15,A,Normal,Cash,70.08
2024-07-15,A,Normal,E-wallet,366.67
2024-03-03,B,Normal,E-wallet,172.54
2024-05-16,B,Member,E-wallet,251.92
2025-01-28,B,Normal,Credit Card,353.41
2024-09-28,B,Member,Credit Card,463.44
2024-11-15,B,Member,Credit Card,250.89
2024-08-08,A,Normal,Cash,114.93
2024-08-13,A,Member,Credit Card,428.22
2024-06-01,B,Member,E-wallet,26.96
2024-09-19,B,Member,Credit Card,141.47
2024-12-24,A,Member,E-wallet,393.37
2024-11-14,B,Normal,Cash,329.98
2024-10-12,A,Member,E-wallet,347.01
2024-06-20,B,Member,Cash,224.66
2024-09-09,B,Member,E-wallet,16.3
2024-08-22,A,Member,Credit Card,463.11
2024-07-31,B,Member,Credit Card,36.28
2024-06-25,B,Member,Credit Card,236.2
2024-03-23,B,Member,E-wallet,471.47
2024-08-25,B,Normal,Cash,189.67
2024-02-27,B,Member,Credit Card,21.21
2024-11-12,B,Member,Credit Card,148.28
2024-08-10,A,Normal,Cash,164.17
2024-04-06,B,Normal,Cash,67.35
2024-09-05,B,Member,E-wallet,362.94
2024-04-11,B,Member,Credit Card,32.88
2024-02-28,A,Normal,E-wallet,82.09
2024-06-13,B,Normal,Credit Card,396.35
2024-02-29,A,Normal,E-wallet,220.06
2024-02-26,B,Normal,Credit Card,253.5
2025-01-27,B,Member,E-wallet,334.75
2024-06-20,A,Member,Cash,307.07
2024-03-21,A,Normal,E-wallet,367.79
2024-08-14,A,Member,Cash,104.53
2024-12-16,B,Member,Cash,294.22
2024-02-25,B,Member,Credit Card,161.96
2025-01-15,B,Normal,E-wallet,272.76
2024-08-04,A,Member,Cash,476.16
2024-02-17,A,Member,Cash,250.14
2024-03-24,A,Normal,E-wallet,117.25
2024-10-29,B,Normal,Cash,435.42
2024-09-02,B,Normal,Cash,84.17
2024-04-04,A,Member,E-wallet,360.76
2024-07-03,A,Normal,Cash,342.38
2024-10-19,A,Member,Credit Card,199.18
2024-04-26,B,Normal,Cash,22.45
2024-03-07,B,Member,Credit Card,29.43
2024-05-25,B,Member,E-wallet,429.67
2024-09-11,A,Normal,Credit Card,237.76
2024-08-29,A,Normal,Credit Card,180.55
2024-09-05,B,Member,Credit Card,294.66
2024-06-22,B,Normal,Cash,458.15
2024-04-04,A,Member,E-wallet,341.47
2024-04-20,B,Member,Cash,48.55
2024-04-28,B,Normal,Cash,248.49
2024-11-05,B,Member,E-wallet,335.68
2024-09-24,A,Member,Cash,225.76
2024-06-17,A,Normal,Cash,148.76
2024-11-07,A,Normal,Cash,371.52
2024-09-23,B,Normal,Cash,68.92
2024-09-07,A,Normal,E-wallet,296.93
2024-05-01,B,Normal,E-wallet,27.82
2024-08-15,A,Normal,Credit Card,317.19
2024-08-29,A,Member,Credit Card,380.99
2025-01-14,A,Member,Credit Card,79.35
2024-08-03,A,Member,Credit Card,271.71
2024-03-16,A,Member,Cash,130.07
2024-09-10,B,Member,Credit Card,265.16
2024-09-18,A,Normal,E-wallet,25.49
2024-11-12,B,Member,Credit Card,206.91
2024-10-24,A,Member,Cash,439.04
2024-11-30,A,Normal,E-wallet,481.58
2024-09-27,A,Normal,Cash,78.7
2025-01-16,B,Member,Cash,67.01
2024-02-21,B,Member,E-wallet,391.14
2024-06-12,A,Normal,Credit Card,185.53
2024-03-04,A,Member,Credit Card,14.77
2024-08-28,B,Member,Credit Card,148.31
2024-09-02,B,Member,Cash,53.21
2024-07-19,B,Member,Credit Card,252.56
2024-05-13,B,Normal,Credit Card,85.77
2024-06-13,A,Normal,Cash,422.08
2024-07-14,B,Normal,Credit Card,290.82
2024-07-18,A,Normal,Credit Card,114.33
2024-10-17,B,Normal,E-wallet,129.27
2024-08-22,B,Normal,Cash,473.19
2024-11-06,B,Normal,E-wallet,492.88
2024-05-07,A,Member,Credit Card,188.48
2024-05-23,A,Normal,E-wallet,486.34
2024-04-20,B,Member,E-wallet,155.48
2024-11-21,B,Member,Cash,87.57
2024-04-26,A,Member,Cash,266.38
2024-11-25,A,Member,Cash,94.17
2025-02-09,A,Member,Cash,317.53
2024-03-04,A,Normal,E-wallet,142.16
2024-06-15,A,Member,Cash,177.83
2024-07-21,A,Member,Credit Card,182.57
2024-05-27,B,Normal,E-wallet,389.26
2024-10-13,A,Normal,Credit Card,458.83
2024-11-12,B,Normal,Cash,392.63
2024-08-04,B,Normal,Cash,291.98
2024-12-14,A,Normal,Cash,351.19
2024-10-30,A,Member,Cash,322.56
2024-11-20,A,Member,Credit Card,266.71
2024-05-07,B,Member,Cash,264.73
2024-08-23,B,Member,Credit Card,80.03
2024-05-10,A,Normal,Cash,378.25
2024-07-28,B,Member,E-wallet,360.65
2024-07-03,A,Normal,E-wallet,409.11
2024-11-01,B,Member,Cash,285.98
2024-07-16,A,Member,Credit Card,79.93
2024-02-27,B,Normal,Cash,85.82
2024-02-27,A,Member,E-wallet,376.22
2024-03-10,A,Member,Cash,13.41
2024-07-05,B,Member,Cash,278.88
2024-05-25,A,Normal,Credit Card,124.8
2024-05-21,B,Normal,Cash,386.64
2024-08-22,A,Member,Cash,172.87
2025-01-12,B,Normal,Credit Card,115.45
2025-01-31,A,Member,Cash,460.71
2024-10-16,A,Normal,E-wallet,130.31
2024-05-03,A,Member,Cash,232.1
2024-04-09,B,Normal,Cash,372.21
2024-03-25,A,Normal,Cash,182.82
2024-10-03,A,Member,Cash,116.22
2024-11-30,B,Member,Credit Card,434.85
2024-06-28,B,Member,Credit Card,486.63
2024-11-11,A,Member,E-wallet,357.77
2024-12-17,A,Normal,E-wallet,158.54
2024-03-04,A,Normal,Credit Card,236.64
2024-09-01,B,Member,E-wallet,56.04
2024-04-24,B,Normal,Cash,210.26
2025-01-25,A,Normal,Cash,244.99
2024-11-04,A,Normal,Credit Card,441.03
2024-03-12,A,Normal,Cash,385.15
2024-09-24,A,Member,Cash,370.36
2024-06-18,A,Normal,Credit Card,497.47
2024-08-30,B,Member,E-wallet,289.0
2024-06-29,B,Normal,Credit Card,173.2
2024-12-15,B,Normal,Cash,215.49
2024-11-15,B,Member,Credit Card,105.04
2024-07-18,B,Normal,Credit Card,377.31
2025-02-01,A,Normal,Credit Card,146.98
2025-01-01,A,Normal,Cash,489.92
2024-07-02,B,Normal,E-wallet,99.5
2024-08-19,A,Member,Cash,297.23
2024-07-06,B,Normal,Cash,407.32
2024-11-22,B,Normal,E-wallet,71.92
2024-08-17,B,Normal,Credit Card,99.17
2024-05-24,B,Member,E-wallet,39.01
2024-12-26,B,Member,Credit Card,93.49
2025-01-14,B,Member,Credit Card,200.47
2024-09-06,A,Member,E-wallet,446.33
2024-03-28,A,Normal,Credit Card,292.75
2024-05-15,B,Normal,E-wallet,102.94
2024-09-29,A,Normal,Cash,199.49
2024-10-10,B,Normal,Cash,405.88
2024-10-09,A,Normal,Credit Card,125.59
2024-09-16,B,Member,Cash,139.31
2025-01-27,B,Normal,Credit Card,166.68
2025-02-09,B,Normal,Cash,149.01
2024-05-13,B,Normal,Cash,149.88
2024-10-25,B,Member,Credit Card,122.28
2024-06-18,A,Normal,Credit Card,327.11
2024-08-24,B,Member,E-wallet,247.31
2024-09-24,B,Normal,Cash,196.11
2024-02-24,B,Normal,E-wallet,325.49
2024-11-29,B,Normal,E-wallet,150.43
2024-05-25,A,Member,Cash,370.83
2024-06-09,B,Normal,Cash,397.74
2025-01-09,B,Normal,Credit Card,151.7
2025-01-14,B,Normal,Cash,236.61
2025-01-13,B,Normal,Credit Card,364.91
2024-10-14,B,Normal,E-wallet,175.14
2024-10-19,B,Member,Credit Card,428.62
2025-01-30,A,Normal,Cash,407.56
2024-10-05,B,Member,Cash,175.66
2024-07-04,A,Member,E-wallet,290.89
2024-09-16,A,Normal,Credit Card,404.84
2024-09-08,A,Normal,Credit Card,64.58
2024-06-12,B,Member,E-wallet,358.73
2024-02-13,A,Member,Cash,209.42
2024-03-18,B,Member,E-wallet,221.54
2024-06-19,B,Normal,Cash,486.68
2025-01-21,A,Normal,Credit Card,197.66
2024-12-18,A,Normal,E-wallet,190.85
2024-11-05,B,Normal,E-wallet,216.53
2025-01-02,B,Normal,Credit Card,262.16
2024-09-29,B,Normal,E-wallet,246.32
2024-05-23,B,Member,Cash,260.4
2024-11-24,B,Normal,E-wallet,347.98
2024-04-15,A,Member,Credit Card,55.29
2024-02-14,A,Normal,Credit Card,134.6
2024-11-25,A,Member,Cash,455.41
2025-01-17,A,Member,E-wallet,488.26
2024-03-21,A,Member,Cash,450.39
2024-02-28,B,Normal,Credit Card,200.93
2024-07-18,A,Normal,E-wallet,357.81
2024-10-29,B,Member,Cash,438.39
2024-10-29,B,Member,E-wallet,163.74
2024-03-20,A,Normal,E-wallet,85.78
2025-01-30,B,Member,E-wallet,386.44
2024-03-11,B,Member,Credit Card,165.24
2024-05-08,B,Member,E-wallet,37.34
2024-12-11,B,Normal,Cash,71.11
2024-04-07,A,Member,Credit Card,421.34
2024-10-09,B,Member,Cash,156.3
2024-05-05,B,Member,Credit Card,78.63
2024-03-29,B,Normal,Cash,382.09
2024-03-17,A,Normal,Credit Card,341.89
2024-09-03,A,Member,Cash,190.7
2024-07-04,B,Member,Credit Card,397.51
2024-09-25,B,Normal,Cash,173.34
2024-12-31,B,Member,Cash,406.87
2024-06-24,A,Normal,Credit Card,474.47
2024-03-30,A,Member,E-wallet,477.46
2024-03-12,B,Normal,Credit Card,57.79
2024-11-17,B,Member,Cash,150.55
2024-11-24,B,Normal,Credit Card,214.99
2024-08-13,A,Member,Credit Card,108.76
2024-04-06,A,Member,Credit Card,109.8
2024-12-15,A,Normal,Credit Card,399.22
2025-02-10,A,Member,Credit Card,340.16
2024-04-20,B,Normal,Credit Card,401.18
2024-11-05,B,Member,E-wallet,101.16
2024-08-22,B,Member,E-wallet,95.41
2024-07-08,A,Member,E-wallet,309.26
2024-03-08,A,Member,E-wallet,225.46
2025-01-24,B,Normal,Cash,404.0
2024-12-18,B,Member,Cash,115.54
2024-11-03,B,Member,Credit Card,99.34
2024-06-12,A,Normal,Credit Card,155.54
2024-08-01,A,Member,Cash,145.36
2024-10-29,A,Member,Credit Card,494.69
2024-12-06,A,Normal,E-wallet,477.94
2024-09-11,A,Normal,Credit Card,217.19
2024-09-12,B,Normal,Credit Card,113.7
2024-04-06,B,Normal,Credit Card,210.03
2025-02-01,B,Member,Credit Card,229.89
2024-04-08,A,Member,Credit Card,25.81
2024-07-03,A,Normal,Credit Card,351.01
2025-01-12,A,Member,Credit Card,31.91
2024-03-03,A,Normal,E-wallet,62.1
2024-09-13,B,Member,E-wallet,170.95
2024-07-21,A,Normal,Cash,86.77
2024-05-22,A,Normal,Credit Card,114.45
2024-08-29,A,Member,E-wallet,58.99
2024-11-15,B,Member,Credit Card,252.11
2024-09-12,B,Normal,Cash,81.34
2024-03-24,A,Normal,Credit Card,494.44
2024-12-20,A,Member,Cash,79.92
2024-05-03,A,Member,Credit Card,167.06
2024-08-09,B,Member,E-wallet,34.26
2024-04-25,A,Normal,Cash,162.77
2024-07-13,B,Member,E-wallet,269.4
2024-03-17,B,Member,Credit Card,399.59
2024-12-11,A,Normal,Credit Card,239.57
2024-12-04,A,Normal,Cash,261.79
2024-09-05,A,Normal,Cash,198.04
2025-01-09,A,Member,Credit Card,175.94
2024-06-26,A,Member,Credit Card,347.53
2024-05-18,B,Normal,Credit Card,24.16
2024-10-07,B,Member,Credit Card,460.62
2024-06-12,B,Normal,Credit Card,47.05
2024-09-14,B,Member,Credit Card,456.8
2024-09-28,B,Normal,Cash,187.47
2025-01-25,B,Normal,Cash,383.66
2024-12-07,A,Member,Credit Card,147.31
2024-06-29,B,Member,E-wallet,67.51
2024-03-21,A,Member,E-wallet,413.55
2024-07-25,B,Member,Cash,138.06
2024-03-07,B,Normal,E-wallet,140.75
2024-06-07,B,Normal,E-wallet,62.25
2024-05-17,A,Member,E-wallet,333.72
2024-06-06,B,Member,Cash,65.33
2024-04-20,A,Member,Credit Card,404.78
2024-11-24,A,Normal,E-wallet,398.99
2024-11-23,B,Member,Credit Card,18.37
2024-10-14,A,Normal,Cash,28.53
2024-05-17,A,Normal,Credit Card,168.04
2024-10-27,B,Member,Credit Card,321.53
2024-11-19,A,Member,E-wallet,479.74
2024-08-04,A,Normal,E-wallet,173.73
2024-07-24,B,Member,E-wallet,196.45
2024-07-29,A,Normal,Credit Card,286.05
2024-09-12,A,Normal,E-wallet,139.63
2024-08-27,A,Normal,E-wallet,83.26
2025-01-17,A,Normal,Cash,247.22
2024-06-07,A,Normal,Credit Card,11.18
2024-07-11,B,Member,Cash,316.52
2024-07-19,A,Member,Credit Card,12.07
2024-02-28,B,Normal,E-wallet,27.06
2024-06-25,B,Member,E-wallet,391.81
2025-02-07,B,Member,Cash,327.59
2024-08-09,B,Normal,Cash,380.23
2024-04-02,A,Normal,Cash,376.04
2024-06-28,A,Normal,E-wallet,474.62
2024-05-20,A,Normal,Cash,74.21
2024-05-18,B,Member,Cash,51.08
2024-05-28,A,Normal,Credit Card,114.89
2024-04-06,A,Member,Cash,378.35
2024-04-06,A,Member,E-wallet,418.33
2024-08-15,B,Member,E-wallet,358.01
2024-05-26,A,Member,E-wallet,250.18
2024-09-14,A,Member,Credit Card,144.5
2024-03-27,A,Member,Cash,354.65
2024-07-27,A,Normal,E-wallet,164.68
2024-09-28,A,Member,Cash,333.56
2024-06-02,A,Normal,E-wallet,316.69
2024-11-21,A,Member,Credit Card,299.04
2024-06-06,B,Normal,E-wallet,25.79
2024-11-20,A,Normal,Credit Card,47.6
2025-02-05,A,Normal,Credit Card,25.26
2024-03-02,A,Normal,Credit Card,201.71
2024-05-13,A,Normal,E-wallet,270.73
2024-12-02,B,Normal,Cash,263.5
2024-08-06,A,Member,E-wallet,357.23
2024-11-24,A,Member,Credit Card,27.95
2024-05-31,A,Normal,E-wallet,275.07
2024-09-03,B,Member,Cash,33.01
2024-12-15,A,Member,Credit Card,25.81
2024-07-17,B,Normal,Credit Card,212.28
2024-07-15,A,Normal,E-wallet,398.11
2024-04-26,B,Member,Credit Card,485.38
2024-06-21,A,Member,E-wallet,34.26
2024-09-01,A,Member,Cash,45.01
2025-01-11,A,Member,Cash,404.46
2024-08-22,A,Normal,Credit Card,434.54
2024-07-20,A,Normal,Cash,224.73
2024-04-25,A,Member,Credit Card,364.29
2024-10-12,A,Member,Cash,232.4
2024-02-23,A,Member,Credit Card,38.15
2024-06-06,B,Member,Credit Card,457.28
2024-08-19,A,Member,Cash,237.56
2024-07-08,B,Normal,Credit Card,267.66
2024-04-30,B,Normal,E-wallet,287.69
2024-11-30,A,Normal,E-wallet,195.15
2024-06-03,B,Normal,Credit Card,263.73
2024-06-27,B,Normal,Credit Card,435.84
2024-12-31,A,Normal,E-wallet,384.32
2024-09-18,B,Normal,E-wallet,103.09
2025-01-10,A,Normal,Cash,223.25
2024-04-29,B,Member,Cash,61.15
2024-12-04,A,Member,Credit Card,21.17
2024-06-17,A,Normal,Credit Card,240.98
2024-06-23,A,Member,E-wallet,497.82
2024-10-09,A,Member,Cash,433.19
2024-08-25,B,Normal,Cash,36.28
2024-11-07,A,Normal,E-wallet,148.13
2024-02-25,B,Normal,Cash,382.15
2024-11-18,A,Normal,E-wallet,281.24
2024-03-25,A,Member,Credit Card,179.72
2025-01-21,A,Normal,E-wallet,49.18
2025-02-05,A,Member,E-wallet,434.39
2024-11-26,A,Member,E-wallet,219.31
2024-10-18,B,Member,E-wallet,462.83
2024-07-12,A,Member,E-wallet,346.18
2024-06-22,B,Normal,E-wallet,16.52
2024-10-19,B,Member,E-wallet,295.02
2024-09-14,A,Normal,Credit Card,60.42
2024-04-25,B,Normal,E-wallet,85.0
2024-07-15,A,Normal,Cash,188.67
2024-10-23,B,Normal,E-wallet,250.05
2024-04-29,B,Member,Credit Card,286.82
2024-03-25,A,Normal,Credit Card,15.99
2024-07-07,B,Member,E-wallet,278.14
2024-07-11,A,Normal,Credit Card,295.58
2024-09-05,B,Member,Cash,430.56
2024-10-25,B,Normal,Credit Card,32.54
2024-02-16,A,Normal,Cash,77.16
2024-05-14,A,Normal,E-wallet,302.7
2025-01-17,A,Normal,Cash,308.26
2024-08-13,A,Normal,Credit Card,326.0
2025-01-11,A,Member,Credit Card,373.34
2024-06-10,B,Normal,Credit Card,162.68
2024-08-26,A,Normal,Cash,279.71
2024-02-27,A,Member,Cash,267.41
2024-12-03,A,Member,Cash,156.29
2024-02-23,A,Member,E-wallet,441.4
2024-08-13,B,Member,Credit Card,323.74
2024-04-11,A,Normal,E-wallet,173.45
2024-07-27,A,Normal,Credit Card,351.18
2024-11-04,B,Normal,E-wallet,64.8
2024-11-08,A,Normal,E-wallet,491.71
2024-05-31,A,Member,Cash,172.77
2024-10-23,A,Member,Cash,121.81
2025-01-02,A,Normal,Cash,187.1
2024-09-07,A,Normal,Credit Card,70.06
2024-09-05,B,Normal,Cash,316.49
2024-10-07,A,Normal,Cash,297.64
2024-03-10,A,Member,E-wallet,490.19
2024-03-26,A,Normal,Cash,270.15
2024-04-24,A,Member,Credit Card,399.49
2024-06-03,B,Normal,E-wallet,277.61
2024-02-23,B,Normal,Credit Card,199.17
2024-03-18,A,Member,Cash,181.68
2024-11-07,A,Member,E-wallet,372.22
2024-10-30,A,Member,Credit Card,109.01
2024-04-23,B,Member,Cash,245.99
2025-01-18,B,Member,Credit Card,394.97
2024-10-12,B,Member,Cash,290.43
2024-04-27,B,Member,Credit Card,36.21
2024-09-24,A,Member,E-wallet,426.95
2024-11-18,A,Normal,Credit Card,78.12
2024-03-13,B,Normal,E-wallet,425.94
2024-05-02,A,Member,E-wallet,272.74
2024-09-15,A,Member,Credit Card,270.21
2024-06-21,B,Normal,Credit Card,181.46
2024-07-08,A,Normal,Cash,423.24
2024-04-14,A,Normal,Cash,21.71
2024-03-12,B,Normal,Credit Card,115.85
2024-07-03,B,Member,Credit Card,260.65
2024-10-07,A,Member,E-wallet,348.01
2024-03-03,B,Member,Cash,396.27
2025-01-02,A,Member,E-wallet,461.89
2024-08-03,A,Normal,Credit Card,17.25
2024-04-19,B,Member,Credit Card,30.96
2024-04-10,B,Normal,E-wallet,12.87
2024-12-17,A,Member,E-wallet,426.5
2024-06-16,B,Normal,E-wallet,474.39
2025-01-21,B,Normal,Credit Card,417.17
2024-11-24,A,Member,Cash,294.6
2024-10-24,B,Member,Credit Card,121.24
2024-04-28,A,Member,Credit Card,453.25
2024-05-10,B,Normal,Cash,238.8
2024-02-19,A,Member,Cash,142.33
2025-01-21,B,Member,Cash,194.77
2024-10-31,A,Normal,Credit Card,149.44
2024-11-16,B,Normal,E-wallet,467.52
2024-07-17,A,Normal,E-wallet,298.87
2024-04-11,A,Normal,Credit Card,219.39
2024-08-06,A,Member,Credit Card,352.31
2024-10-10,A,Normal,Cash,132.46
2024-09-23,B,Member,E-wallet,347.84
2024-10-26,B,Member,Cash,65.61
2024-06-02,B,Member,E-wallet,235.98
2025-01-03,A,Normal,Credit Card,61.62
2024-07-19,A,Member,E-wallet,127.3
2024-04-19,B,Member,Cash,479.53
2024-06-06,A,Member,Credit Card,431.86
2024-08-09,A,Member,Cash,316.58
2024-12-18,A,Normal,Credit Card,158.16
2024-06-24,B,Normal,E-wallet,239.74
2024-12-08,B,Normal,Cash,13.79
2024-05-02,B,Member,Cash,236.68
2024-08-01,A,Normal,E-wallet,294.43
2024-11-30,B,Normal,Cash,477.52
2024-10-18,A,Member,Cash,237.87
2025-01-18,B,Normal,Cash,334.17
2024-04-12,A,Member,Cash,277.54
2024-12-31,B,Normal,Credit Card,429.05
2024-09-15,A,Normal,Credit Card,238.03
2024-03-07,B,Member,Cash,205.1
2024-04-07,A,Normal,Credit Card,458.87
2024-07-06,A,Member,Credit Card,11.44
2025-01-12,B,Member,E-wallet,172.74
2024-06-19,A,Member,Cash,153.97
2024-12-09,A,Normal,Cash,107.25
2024-10-08,A,Normal,Credit Card,447.78
2024-10-29,B,Member,E-wallet,270.75
2024-07-05,A,Member,E-wallet,42.96
2024-04-11,A,Member,E-wallet,316.16
2024-04-16,B,Normal,Credit Card,412.58
2025-01-27,A,Normal,E-wallet,370.07
2024-03-19,B,Member,Cash,172.13
2024-03-30,A,Normal,Credit Card,318.05
2024-08-15,B,Normal,Cash,330.06
2024-11-16,A,Member,Credit Card,290.58
2024-06-19,A,Member,E-wallet,378.34
2024-10-16,A,Member,E-wallet,459.55
2025-01-11,A,Normal,Cash,448.08
2024-10-25,B,Member,Credit Card,323.05
2024-10-27,B,Normal,Cash,412.58
2024-02-24,A,Member,E-wallet,181.93
2024-11-14,A,Member,E-wallet,121.49
2024-04-19,B,Member,Cash,441.56
2024-09-16,A,Normal,E-wallet,346.57
2024-10-29,B,Member,Credit Card,336.03
2024-12-16,B,Member,Cash,34.58
2024-12-19,B,Normal,Credit Card,344.85
2024-04-25,A,Normal,E-wallet,283.68
2024-12-31,B,Normal,Credit Card,281.37
2024-06-02,B,Normal,E-wallet,147.49
2024-12-15,A,Member,E-wallet,114.96
2024-12-29,A,Member,Credit Card,165.21
2024-06-24,B,Member,E-wallet,381.43
2024-10-28,B,Member,E-wallet,176.29
2024-08-06,B,Normal,Cash,439.98
2024-12-14,B,Member,Credit Card,13.95
2024-12-19,B,Member,Credit Card,224.63
2024-09-14,B,Normal,E-wallet,495.69
2024-04-16,B,Member,Credit Card,479.64
2025-01-24,A,Normal,Cash,406.44
2024-03-18,B,Normal,Credit Card,98.8
2024-05-28,B,Normal,Credit Card,248.43
2025-01-06,B,Member,E-wallet,462.92
2024-09-12,B,Member,Cash,169.48
2024-03-06,A,Member,Cash,239.68
2024-08-15,A,Normal,Cash,231.09
2024-12-15,B,Member,Credit Card,224.13
2025-01-15,A,Member,Credit Card,495.41
2025-01-15,A,Member,Credit Card,323.44
2024-11-22,A,Normal,Cash,317.68
2024-04-18,A,Normal,E-wallet,425.04
2024-03-14,B,Member,E-wallet,24.9
2024-05-31,B,Member,Credit Card,334.72
2024-07-14,A,Normal,E-wallet,388.69
2024-07-31,A,Normal,Cash,238.22
2024-08-13,A,Member,Credit Card,495.99
2024-07-14,B,Member,E-wallet,58.22
2024-06-27,A,Member,E-wallet,282.65
2024-05-13,A,Normal,Credit Card,51.59
2024-05-24,B,Member,Cash,468.91
2024-12-18,B,Normal,E-wallet,228.38
2024-11-29,A,Member,Cash,176.6
2024-04-18,A,Member,E-wallet,307.09
2024-10-24,A,Normal,Credit Card,182.19
2024-06-30,B,Member,E-wallet,100.43
2024-12-03,A,Normal,Credit Card,249.48
2024-05-28,A,Member,E-wallet,47.99
2024-11-04,B,Member,E-wallet,197.2
2024-12-04,B,Member,Credit Card,469.58
2024-11-17,A,Normal,E-wallet,413.13
2024-07-08,A,Member,E-wallet,360.36
2024-07-01,A,Normal,Cash,347.99
2024-09-13,B,Member,E-wallet,315.91
2024-06-17,B,Member,Cash,16.94
2024-07-11,B,Member,Credit Card,272.76
2024-12-15,A,Member,Cash,76.42
2024-04-10,A,Member,Credit Card,188.42
2024-10-30,A,Member,Cash,235.53
2024-08-02,A,Member,Credit Card,456.08
2024-11-04,B,Normal,Cash,99.04
2024-03-14,B,Member,Cash,459.15
2024-10-29,B,Member,Credit Card,238.87
2024-11-22,B,Normal,Credit Card,299.32
2024-10-02,B,Member,Cash,97.23
2024-03-24,A,Normal,E-wallet,83.89
2024-07-13,B,Normal,Credit Card,316.42
2024-06-17,B,Member,Credit Card,475.9
2024-11-19,A,Normal,Cash,141.33
2024-10-10,B,Normal,E-wallet,125.67
2024-12-04,B,Member,Credit Card,317.64
2024-02-15,B,Member,Cash,302.02
2024-07-21,A,Member,Credit Card,311.75
2024-03-16,A,Normal,Credit Card,138.9
2024-05-31,B,Normal,E-wallet,175.06
2024-07-08,A,Normal,Cash,299.6
2024-07-31,A,Member,Credit Card,145.22
2024-06-30,A,Member,Credit Card,167.98
2024-08-18,B,Member,Credit Card,123.2
2024-07-17,A,Normal,Cash,243.94
2024-09-09,A,Member,Cash,43.26
2024-05-03,A,Member,E-wallet,269.62
2024-04-02,A,Member,E-wallet,50.58
2024-11-01,A,Member,Credit Card,280.55
2024-02-22,A,Member,Credit Card,387.83
2024-07-06,B,Normal,Cash,448.6
2024-04-12,B,Member,E-wallet,51.68
2024-04-13,B,Member,Credit Card,345.34
2025-02-09,B,Normal,Cash,395.62
2024-12-22,B,Normal,E-wallet,366.49
2024-07-25,A,Member,Credit Card,218.68
2024-08-19,A,Normal,Credit Card,321.85
2024-12-16,B,Normal,Cash,202.97
2025-01-06,B,Normal,Credit Card,258.94
2024-08-30,B,Normal,E-wallet,65.57
2024-12-26,B,Member,Cash,116.48
2024-02-21,A,Normal,Cash,348.29
2024-07-18,B,Normal,Cash,44.34
2024-11-03,A,Normal,Cash,43.19
2024-03-15,A,Normal,Credit Card,225.91
2024-06-09,B,Normal,E-wallet,69.87
2024-05-25,B,Member,E-wallet,153.03
2024-08-18,B,Member,E-wallet,219.22
2024-08-10,B,Member,Credit Card,438.9
2024-05-30,B,Normal,Cash,266.44
2024-05-26,B,Member,E-wallet,406.58
2024-07-13,B,Normal,Cash,34.03
2024-10-07,B,Normal,Credit Card,41.98
2024-03-04,A,Normal,E-wallet,477.08
2024-06-25,A,Normal,Cash,85.37
2024-05-27,A,Member,E-wallet,168.01
2024-02-14,B,Normal,Cash,173.5
2025-02-06,B,Member,E-wallet,216.21
2024-08-06,B,Normal,Cash,414.11
2024-12-18,A,Normal,Credit Card,478.18
2024-06-12,B,Member,E-wallet,398.43
2024-09-18,B,Normal,Cash,55.89
2024-03-27,A,Member,Credit Card,213.12
2024-05-30,B,Normal,Cash,135.56
2024-04-01,B,Normal,Credit Card,476.91
2024-05-12,A,Normal,Cash,464.53
2024-07-14,B,Normal,Cash,436.86
2024-03-27,A,Normal,E-wallet,297.45
2024-07-30,B,Member,Cash,484.22
2024-09-26,A,Member,Credit Card,136.6
2024-03-13,B,Member,E-wallet,80.33
2024-08-01,A,Member,Cash,176.58
2024-10-25,A,Normal,Credit Card,153.33
2024-12-06,B,Member,E-wallet,222.54
2024-05-30,A,Member,E-wallet,369.97
2025-01-29,A,Normal,Cash,312.14
2024-05-29,A,Member,Cash,307.51
2024-04-08,B,Normal,Cash,410.16
2024-07-24,B,Member,Credit Card,495.47
2024-12-28,B,Member,Credit Card,155.91
2024-05-30,B,Member,Cash,131.76
2024-09-20,A,Member,Cash,340.66
2024-08-30,A,Member,Credit Card,94.55
2024-08-28,B,Normal,Credit Card,165.98
2024-11-04,B,Normal,Credit Card,275.05
2024-05-21,B,Normal,Credit Card,339.17
2024-05-21,A,Member,Cash,242.76
2025-01-30,B,Normal,E-wallet,203.86
2024-08-09,B,Member,Credit Card,55.2
2024-11-21,A,Member,Credit Card,109.4
2024-12-07,B,Member,Credit Card,234.33
2024-10-29,A,Normal,Credit Card,301.34
2025-01-16,B,Normal,Cash,107.89
2024-03-17,A,Normal,E-wallet,199.81
2024-11-19,B,Member,Credit Card,55.86
2025-01-19,B,Normal,Cash,10.81
2024-02-24,A,Normal,Credit Card,474.35
2024-09-02,B,Normal,Credit Card,71.85
2024-06-18,A,Normal,E-wallet,114.1
2024-11-18,A,Normal,E-wallet,490.08
2024-05-24,B,Normal,E-wallet,61.69
2024-10-19,B,Member,Credit Card,331.64
2024-03-25,B,Member,Cash,23.54
2024-07-21,B,Normal,Credit Card,467.1
2024-07-16,B,Normal,Cash,172.12
2024-05-23,A,Member,Cash,470.47
2024-06-16,B,Member,Credit Card,202.51
2024-07-02,A,Normal,Credit Card,482.97
2024-12-16,A,Member,Credit Card,216.33
2024-10-19,B,Normal,E-wallet,100.13
2025-01-30,A,Member,E-wallet,214.95
2024-07-23,A,Member,Cash,288.85
2024-04-01,B,Normal,E-wallet,437.19
2024-07-18,B,Normal,Cash,475.15
2024-08-16,A,Member,Credit Card,163.28
2024-08-11,B,Member,Credit Card,314.27
2024-07-15,A,Member,Cash,64.94
2025-02-07,A,Normal,E-wallet,145.41
2024-12-23,A,Normal,E-wallet,442.87
2024-04-25,A,Normal,Credit Card,163.26
2024-07-25,A,Member,Cash,412.94
2024-12-21,A,Normal,Credit Card,443.29
2024-08-30,A,Member,E-wallet,452.29
2024-08-05,B,Normal,Credit Card,168.35
2024-05-13,A,Member,Cash,370.2
2025-01-31,A,Normal,Cash,38.33
2024-06-30,A,Member,Cash,216.29
2025-02-06,B,Normal,Cash,332.71
2024-05-15,B,Member,Cash,11.95
2024-06-09,B,Normal,Cash,194.45
2024-11-22,B,Member,E-wallet,384.58
2024-09-17,A,Normal,E-wallet,26.79
2024-03-10,A,Member,Cash,267.27
2024-09-01,A,Member,Credit Card,203.99
2024-03-17,A,Normal,Cash,196.66
2024-11-17,A,Normal,Credit Card,333.74
2025-01-24,B,Member,Credit Card,429.32
2024-08-19,B,Normal,Cash,39.59
2024-07-17,A,Normal,E-wallet,438.59
2024-07-30,A,Normal,E-wallet,309.25
2024-04-16,A,Member,Cash,251.23
2024-04-02,A,Normal,Credit Card,99.25
2024-04-13,A,Normal,E-wallet,317.14
2024-04-17,B,Member,Cash,41.96
2024-10-16,A,Normal,Credit Card,189.3
2024-08-10,B,Normal,E-wallet,135.6
2024-12-12,B,Member,Cash,305.22
2024-10-29,A,Member,Cash,56.97
2024-07-05,A,Normal,E-wallet,476.92
2024-10-24,A,Normal,Cash,81.45
2024-11-25,B,Member,Credit Card,166.31
2024-12-21,A,Normal,Cash,163.32
2024-11-13,A,Member,Credit Card,385.85
2024-06-20,A,Member,E-wallet,67.66
2024-11-08,A,Normal,Cash,317.14
2024-10-24,A,Normal,E-wallet,326.62
2024-12-23,A,Member,E-wallet,72.22
2024-10-23,A,Member,E-wallet,266.02
2024-12-15,B,Normal,Cash,366.7
2024-05-16,B,Normal,Credit Card,20.86
2024-05-02,A,Member,E-wallet,78.98
2024-05-11,B,Member,Credit Card,230.43
2024-11-11,A,Normal,E-wallet,402.26
2024-05-20,B,Normal,Cash,437.93
2024-06-17,B,Normal,Credit Card,366.02
2024-07-22,A,Normal,E-wallet,66.85
2024-08-08,A,Normal,Credit Card,380.86
2024-12-14,B,Member,Credit Card,28.36
2024-03-20,A,Normal,Credit Card,298.14
2024-02-17,B,Member,E-wallet,82.36
2024-08-04,A,Member,E-wallet,209.6
2024-04-17,B,Member,E-wallet,272.9
2024-12-18,B,Member,Cash,196.08
2024-08-18,B,Member,E-wallet,466.39
2024-12-12,A,Normal,Credit Card,36.47
2024-11-25,A,Normal,Cash,218.54
2024-04-22,B,Member,E-wallet,403.66
2024-10-18,B,Normal,Credit Card,218.05
2024-05-05,A,Member,Cash,260.98
2025-02-01,B,Member,Credit Card,162.23
2024-02-12,B,Member,Cash,121.51
2024-06-30,B,Normal,Credit Card,426.93
2024-10-12,B,Normal,Credit Card,332.27
2024-04-13,B,Member,Credit Card,67.04
2024-08-17,A,Member,E-wallet,254.91
2024-09-03,A,Member,E-wallet,69.78
2025-01-13,A,Normal,Cash,168.84
2024-06-06,A,Member,E-wallet,423.66
2024-06-19,A,Member,Cash,273.2
2024-10-08,B,Normal,E-wallet,236.26
2024-04-23,A,Normal,Credit Card,265.63
2024-12-04,A,Member,Credit Card,195.09
2024-06-07,B,Normal,Credit Card,264.13
2024-06-14,A,Normal,Cash,305.73
2024-09-21,B,Member,E-wallet,34.17
2025-01-28,A,Member,E-wallet,198.75
2024-09-06,A,Normal,Credit Card,161.71
2024-11-22,B,Member,E-wallet,261.5
2024-05-26,B,Member,Credit Card,230.98
2025-02-09,B,Member,Cash,99.38
2024-06-13,B,Normal,E-wallet,256.51
2024-12-22,A,Member,Cash,191.23
2024-05-10,B,Normal,Credit Card,143.63
2024-09-30,B,Member,E-wallet,102.52
2024-10-25,B,Member,Credit Card,355.26
2024-07-26,A,Member,Cash,121.6
2024-05-28,B,Member,Credit Card,411.96
2024-10-13,A,Normal,Credit Card,406.39
2024-08-20,B,Member,E-wallet,476.42
2024-11-23,A,Normal,Cash,298.63
2024-09-09,B,Normal,Cash,204.12
2024-03-15,B,Normal,E-wallet,374.38
2024-03-09,A,Normal,E-wallet,456.56
2024-04-28,A,Member,E-wallet,147.51
2024-05-12,A,Member,Credit Card,197.0
2024-04-26,B,Normal,E-wallet,209.86
2024-11-15,A,Normal,Cash,84.13
2025-01-08,B,Member,Credit Card,466.38
2025-02-03,A,Member,Credit Card,273.47
2024-07-22,B,Normal,Cash,11.62
2024-03-09,A,Normal,Credit Card,273.97
2024-03-17,B,Normal,Credit Card,396.44
2024-03-27,B,Member,Credit Card,71.6
2024-08-31,B,Member,Credit Card,342.19
2024-04-30,B,Normal,E-wallet,57.42
2024-09-18,A,Member,E-wallet,249.28
2024-07-08,A,Normal,Credit Card,33.15
2024-03-04,B,Normal,Credit Card,286.64
2024-09-01,A,Member,Credit Card,130.8
2024-05-20,A,Normal,Cash,450.41
2024-09-22,A,Normal,Credit Card,104.43
2024-08-03,A,Member,Credit Card,51.5
2024-04-04,A,Normal,Cash,428.41
2025-01-30,A,Normal,E-wallet,319.28
2024-10-17,A,Normal,E-wallet,199.95
2025-01-27,A,Normal,Cash,471.48
2024-12-30,A,Normal,E-wallet,472.16
2024-10-21,A,Member,Credit Card,249.39
2024-12-13,B,Normal,Credit Card,351.57
2024-08-21,A,Normal,Cash,238.2
2025-01-08,A,Normal,E-wallet,283.15
2025-01-23,A,Normal,E-wallet,21.21
2024-06-04,A,Normal,Credit Card,282.1
2024-03-10,B,Member,Credit Card,167.59
2024-02-29,A,Normal,E-wallet,178.65
2024-02-12,B,Normal,Cash,146.3
2024-09-18,A,Normal,Credit Card,353.9
2024-10-13,A,Member,E-wallet,294.93
2024-07-20,B,Normal,Cash,269.5
2025-01-24,B,Normal,E-wallet,111.28
2025-01-24,B,Normal,Credit Card,389.31
2024-07-17,A,Member,Cash,481.46
2024-10-20,B,Member,Credit Card,474.66
2024-08-28,B,Member,Credit Card,132.65
2024-09-29,A,Member,Credit Card,46.77
2024-12-08,A,Normal,Cash,135.14
2024-04-24,B,Member,E-wallet,48.87
2024-12-12,B,Normal,Credit Card,140.68
2024-07-04,B,Member,E-wallet,344.05
2024-07-17,B,Member,Credit Card,184.91
2024-11-26,A,Normal,Cash,14.3
2024-07-26,B,Member,E-wallet,464.61
2024-06-07,B,Member,Credit Card,378.57
2024-12-19,B,Normal,E-wallet,474.97
2024-05-13,A,Normal,Cash,308.58
2024-02-29,A,Member,Credit Card,159.22
2024-12-13,A,Member,E-wallet,411.65
2024-09-19,B,Member,Credit Card,367.03
2024-09-24,B,Member,Credit Card,322.3
2024-07-25,A,Normal,Cash,307.68
2024-06-16,B,Normal,Credit Card,478.17
2024-04-29,B,Member,Cash,74.84
2024-11-02,A,Normal,E-wallet,210.12
2024-11-30,A,Member,E-wallet,41.37
2024-12-16,A,Normal,Credit Card,284.25
2024-06-30,A,Normal,Credit Card,199.24
2025-02-09,B,Member,E-wallet,219.77
2024-05-16,A,Member,Cash,473.09
2024-04-02,A,Member,Cash,403.25
2024-12-17,B,Normal,Cash,48.06
2024-05-31,B,Member,Credit Card,28.93
2024-12-05,A,Member,Credit Card,151.36
2024-03-27,A,Normal,Cash,493.62
2024-06-05,B,Member,Credit Card,291.16
2025-01-13,B,Member,Cash,204.44
2024-03-22,A,Member,E-wallet,211.91
2024-02-14,B,Normal,Credit Card,353.18
2024-07-10,A,Member,Cash,210.53
2024-10-02,B,Normal,Cash,47.49
2024-06-22,B,Normal,E-wallet,272.5
2024-09-04,A,Normal,Credit Card,378.05
2024-08-16,B,Normal,Cash,163.82
2024-11-07,A,Member,E-wallet,116.2
2024-07-05,A,Member,Credit Card,160.88
2024-08-03,A,Normal,E-wallet,499.01
2024-05-19,A,Normal,Credit Card,152.04
2024-12-03,A,Member,Cash,461.58
2024-02-25,B,Member,Cash,113.8
2024-04-16,B,Normal,Credit Card,362.36
2024-05-23,B,Normal,Credit Card,317.61
2024-09-20,B,Member,Cash,148.32
2024-03-16,A,Normal,Credit Card,259.41
2024-10-01,A,Member,E-wallet,40.54
2024-09-12,B,Normal,E-wallet,256.69
2025-02-09,A,Normal,Credit Card,129.03
2025-02-09,A,Member,Cash,451.48
2024-07-15,B,Member,Cash,286.2
2024-03-26,A,Member,E-wallet,391.23
2024-07-12,A,Normal,Cash,160.77
2025-01-05,B,Member,Credit Card,142.93
2025-02-07,A,Member,Cash,58.78
2024-07-26,A,Normal,Credit Card,30.15
2024-07-10,A,Normal,E-wallet,490.82
2024-12-06,B,Member,Cash,263.69
2024-10-24,A,Member,E-wallet,241.69
2024-05-14,B,Member,Cash,147.13
2024-03-27,A,Member,Credit Card,10.4
2024-07-02,B,Normal,Credit Card,448.76
2025-01-17,A,Member,Cash,324.14
2024-04-22,A,Normal,Cash,256.45
2024-10-09,A,Normal,Credit Card,200.42
2024-06-21,A,Member,Cash,284.57
2024-06-24,B,Member,Cash,121.9
2024-12-15,A,Member,Credit Card,165.81
2024-11-27,B,Member,Cash,41.02
2024-02-28,A,Normal,Cash,268.34
2024-07-26,A,Member,Credit Card,33.31
2024-05-14,A,Member,Credit Card,477.22
2024-05-24,A,Member,E-wallet,211.77
2025-01-04,A,Normal,Cash,99.41
2024-05-16,A,Normal,Cash,448.14
2024-12-05,B,Normal,E-wallet,375.09
2024-11-23,A,Normal,Credit Card,461.17
2024-06-18,B,Normal,Cash,191.55
2024-03-26,A,Member,Cash,446.76
2024-12-23,A,Member,Cash,296.07
2024-09-02,B,Normal,E-wallet,162.97
2024-02-14,B,Normal,Credit Card,96.81
2024-10-24,A,Normal,E-wallet,242.92
2024-12-16,A,Normal,E-wallet,272.06
2024-07-16,B,Normal,E-wallet,202.8
2024-07-11,A,Normal,Credit Card,293.08
2024-11-27,A,Member,E-wallet,419.24
2024-09-06,B,Member,Cash,61.72
2025-01-27,A,Member,Cash,410.35
2024-09-03,A,Normal,Cash,99.55
2024-10-19,A,Normal,Cash,85.46
2024-04-06,B,Normal,Credit Card,68.04
2024-03-12,A,Member,Credit Card,245.48
2024-03-30,B,Normal,Credit Card,267.56
2024-06-29,A,Member,Cash,291.55
2025-02-10,B,Normal,Cash,330.73
2024-06-20,A,Member,Credit Card,78.07
2024-05-21,A,Member,Credit Card,336.43
2024-06-30,A,Normal,Credit Card,189.55
2024-12-15,B,Normal,E-wallet,458.06
2025-01-17,B,Normal,Credit Card,339.11
2024-03-15,B,Member,Credit Card,259.07
2024-08-19,B,Member,Cash,147.68
2024-08-03,A,Normal,Cash,476.17
2025-02-03,B,Normal,E-wallet,411.34
2024-08-05,B,Normal,Cash,133.8
2024-07-17,B,Normal,Credit Card,259.78
2024-05-11,B,Normal,Credit Card,391.0
2024-09-09,B,Normal,Cash,28.8
2024-07-15,A,Normal,Credit Card,77.36
2024-07-10,B,Normal,E-wallet,328.49
2024-07-12,A,Member,Credit Card,438.39
2024-06-27,B,Member,Cash,478.89
2024-04-29,B,Normal,E-wallet,160.23
2024-12-17,A,Normal,Cash,175.0
2024-05-29,A,Member,E-wallet,250.76
2024-05-14,A,Normal,Cash,229.53
2024-08-06,A,Member,Cash,271.73
2024-12-06,B,Normal,E-wallet,402.87
2024-11-24,B,Member,Cash,191.66
2024-06-29,B,Member,Credit Card,193.68
2025-01-18,A,Member,Cash,61.48
2024-09-03,A,Member,E-wallet,398.36
2024-08-22,A,Normal,Credit Card,290.01
2025-01-10,B,Normal,Cash,286.8
2024-08-21,A,Normal,Credit Card,337.39
2024-11-11,A,Normal,E-wallet,420.29
2024-08-27,A,Member,Credit Card,82.66
2025-01-23,A,Member,Cash,356.05
2024-11-06,A,Member,Credit Card,400.1
2024-04-06,B,Member,Cash,15.38
2024-09-10,B,Member,Cash,344.37
2025-01-19,A,Member,E-wallet,75.19
2024-05-02,A,Normal,E-wallet,377.71
2024-06-11,B,Member,Cash,435.33
2024-03-29,A,Member,E-wallet,250.61
2025-01-11,B,Member,Cash,223.25
2024-06-29,A,Normal,E-wallet,136.29
2024-05-21,A,Normal,E-wallet,392.39
2024-09-25,A,Member,E-wallet,457.05
2024-07-30,B,Member,E-wallet,176.13
2024-03-05,B,Normal,E-wallet,209.85
2024-12-28,A,Member,Credit Card,153.58
2024-05-30,A,Normal,E-wallet,394.89
2024-08-10,B,Normal,E-wallet,442.19
2024-03-25,A,Normal,E-wallet,452.84
2024-10-07,A,Normal,Cash,295.72
2024-08-23,A,Normal,Credit Card,229.72
2024-05-24,A,Normal,Cash,433.02
2024-05-23,B,Member,Credit Card,94.37
2024-04-02,A,Normal,Credit Card,296.99
2024-10-02,A,Normal,E-wallet,357.12
2024-12-15,A,Member,Credit Card,381.17
2024-11-06,A,Member,E-wallet,105.18
2025-01-15,A,Member,Credit Card,317.43
2024-08-07,A,Normal,E-wallet,23.68
2024-09-23,B,Member,Credit Card,279.52
2024-07-23,B,Normal,Cash,48.72
2024-07-04,A,Member,Credit Card,381.82
2025-01-31,A,Normal,Credit Card,156.67
2024-08-21,A,Member,Cash,356.11
2025-01-11,B,Normal,Cash,184.02
2024-04-21,B,Normal,E-wallet,432.13
2025-01-31,A,Normal,Credit Card,54.73
2024-08-17,B,Normal,Cash,280.39
2024-08-08,A,Normal,Credit Card,344.78
2025-01-22,B,Normal,Cash,211.95
2024-07-24,B,Member,Cash,486.87
2024-06-04,A,Normal,Credit Card,176.2
2024-02-24,A,Member,Cash,158.02
2025-02-07,B,Member,Cash,184.49
2024-11-18,A,Normal,Cash,68.33
2024-07-19,B,Member,Cash,28.59
2024-12-25,A,Normal,Cash,471.15
2024-11-28,A,Normal,Credit Card,469.23
2024-02-29,B,Normal,E-wallet,70.45
2024-07-02,A,Normal,E-wallet,423.24
2024-07-31,A,Normal,E-wallet,126.71
2024-08-29,B,Normal,E-wallet,438.73
2024-07-23,B,Normal,Credit Card,130.3
2024-06-02,B,Member,Credit Card,470.96
2024-03-17,B,Normal,Cash,154.77
2024-10-12,B,Normal,E-wallet,28.18
2024-06-29,A,Normal,E-wallet,110.39
2024-12-06,A,Member,E-wallet,155.94
2024-07-17,B,Normal,Credit Card,333.17
2024-04-09,A,Normal,Cash,141.72
2024-09-12,B,Member,Credit Card,382.65
2024-05-08,B,Normal,Credit Card,263.58
2024-03-09,B,Member,Credit Card,44.13
2024-08-17,A,Member,Cash,306.05
2024-09-20,A,Normal,Cash,200.4
2025-01-18,B,Member,E-wallet,148.88
2024-02-24,B,Normal,Credit Card,213.73
2024-09-17,A,Normal,Cash,448.82
2024-10-24,A,Member,Cash,378.47
2024-05-06,A,Normal,Credit Card,355.1
2024-02-22,A,Normal,Cash,471.39
2024-12-29,B,Member,E-wallet,386.84
2024-12-07,A,Normal,Cash,374.83
2025-02-02,B,Normal,E-wallet,213.83
2024-03-15,A,Member,E-wallet,127.34
2024-07-26,A,Member,Credit Card,86.23
2024-05-19,A,Normal,E-wallet,425.97
2024-08-12,B,Normal,E-wallet,449.16
2024-09-24,B,Normal,E-wallet,464.86
2024-12-18,B,Normal,Cash,158.19
2025-02-03,B,Member,E-wallet,343.13
2024-07-10,A,Member,Cash,383.75
2024-10-04,B,Normal,Credit Card,254.7
2024-07-27,A,Normal,Cash,385.28
2024-10-22,B,Member,E-wallet,73.75
2024-04-27,B,Normal,Credit Card,169.65
2024-07-26,B,Member,Cash,105.99
2024-04-11,B,Member,Cash,328.13
2024-03-17,B,Member,Cash,324.73
2024-02-20,B,Member,Credit Card,227.47
2024-11-03,A,Normal,E-wallet,172.08
2025-02-09,A,Normal,Credit Card,295.78
2024-06-01,A,Normal,E-wallet,100.62
2024-03-14,A,Member,E-wallet,37.4
2024-03-30,B,Member,Credit Card,298.2
2024-09-18,A,Normal,E-wallet,474.37
2024-12-04,B,Normal,Credit Card,362.78
2024-06-07,A,Normal,Credit Card,41.73
2025-01-10,A,Normal,E-wallet,154.72
2024-10-15,B,Normal,Credit Card,11.27
2024-09-01,B,Normal,Cash,289.48
2024-05-05,B,Normal,Cash,270.41
2024-09-24,A,Normal,Cash,284.96
2025-02-01,B,Member,Cash,250.63
2024-07-24,A,Normal,Cash,347.97
2024-03-22,B,Member,Credit Card,104.93
2024-06-01,A,Normal,Credit Card,142.15
2025-02-02,A,Normal,Credit Card,314.37
2024-12-28,B,Normal,Credit Card,484.85
2024-10-12,A,Normal,E-wallet,387.71
2024-07-13,A,Normal,Credit Card,379.95
2024-09-16,B,Normal,Credit Card,382.83
2025-02-05,A,Normal,Cash,362.4
2024-06-05,A,Member,E-wallet,453.33
2024-07-30,B,Normal,Cash,439.89
2024-08-25,A,Member,E-wallet,357.41
2024-03-28,B,Normal,E-wallet,236.42
2025-01-15,A,Normal,Cash,60.67
2024-03-04,A,Normal,Cash,390.35
2024-05-11,A,Member,Cash,118.87
2024-07-23,B,Member,Cash,368.63
2024-07-08,B,Normal,Credit Card,145.32
2024-07-03,A,Normal,Credit Card,232.33
2024-04-23,A,Member,E-wallet,357.29
2024-03-21,B,Normal,Cash,198.19
2024-07-02,B,Member,Credit Card,104.49
2024-09-29,B,Normal,E-wallet,484.67
2024-12-14,B,Normal,E-wallet,276.81
2024-08-17,A,Normal,Cash,113.81
2024-04-05,B,Normal,Credit Card,498.77
2024-07-05,A,Normal,E-wallet,325.15
2024-10-06,A,Normal,Cash,452.76
2024-10-23,B,Normal,Cash,17.05
2024-04-18,A,Normal,Credit Card,457.9
2024-09-19,B,Member,Credit Card,357.9
2024-11-14,B,Member,E-wallet,13.88
2025-01-31,A,Normal,Cash,265.33
2024-05-13,B,Member,Credit Card,211.46
2024-07-06,A,Normal,Cash,487.79
2024-02-23,A,Member,E-wallet,463.0
2024-08-14,A,Member,E-wallet,374.72
2024-04-03,A,Member,Credit Card,223.15
2024-09-26,B,Member,E-wallet,248.97
2024-07-24,B,Normal,Cash,23.94
2024-06-17,B,Member,E-wallet,449.52
2024-07-05,A,Normal,Credit Card,204.03
2024-07-02,B,Normal,Credit Card,49.39
2024-04-15,A,Member,Cash,488.97
2025-02-04,B,Normal,E-wallet,440.2
2024-02-20,A,Member,E-wallet,279.55
2025-01-28,A,Member,Cash,485.75
2024-04-01,B,Normal,E-wallet,459.86
2024-05-19,A,Normal,E-wallet,281.81
2024-07-02,A,Member,Credit Card,10.35
2024-06-03,B,Member,Cash,323.52
2025-01-26,B,Normal,Cash,485.32
2024-12-31,A,Member,Credit Card,54.06
2024-07-31,A,Member,Credit Card,395.77
2024-10-08,B,Member,E-wallet,149.01
2024-03-26,A,Member,Credit Card,467.28
2024-03-14,B,Member,Credit Card,470.62
2024-08-20,A,Normal,E-wallet,427.02
2024-02-15,A,Member,Credit Card,445.91
2024-05-28,A,Member,E-wallet,63.78
2024-10-13,A,Member,Cash,295.44
2024-11-28,A,Normal,Cash,30.18
2025-01-19,A,Member,E-wallet,306.52
2024-12-05,B,Member,Credit Card,321.36
2024-06-21,A,Normal,Credit Card,293.28
2025-02-11,B,Member,E-wallet,81.54
2025-02-04,B,Normal,E-wallet,268.66
2024-08-12,B,Normal,Cash,194.1
2024-08-08,A,Member,Cash,230.11
2024-11-02,B,Member,Cash,334.38
2024-04-22,B,Normal,Credit Card,484.31
2024-07-27,A,Normal,E-wallet,410.87
2024-07-22,A,Member,Cash,228.91
2024-09-10,A,Normal,E-wallet,275.71
2025-02-02,B,Normal,E-wallet,247.85
2024-04-27,A,Member,Cash,134.52
2025-01-03,B,Member,Cash,344.82
2024-02-27,A,Member,E-wallet,123.16
2025-01-09,A,Normal,E-wallet,494.53
2024-09-19,A,Normal,Cash,242.95
2024-02-16,A,Member,E-wallet,366.41
2024-07-01,B,Member,Credit Card,133.73
2024-06-04,A,Member,E-wallet,47.85
2024-04-17,A,Normal,E-wallet,207.15
2024-05-16,A,Normal,E-wallet,161.33
2024-12-30,A,Normal,Cash,175.43
2024-07-20,B,Normal,Cash,12.53
2024-06-11,A,Normal,Credit Card,84.97
2024-11-25,A,Member,Credit Card,18.69
2024-05-24,B,Normal,Credit Card,176.28
2024-11-29,B,Member,Credit Card,366.34
2024-12-17,B,Normal,Credit Card,30.92
2024-02-23,B,Normal,Credit Card,25.39
2024-04-02,A,Normal,Credit Card,470.52
2024-05-03,A,Normal,Credit Card,55.89
2024-05-28,A,Normal,Credit Card,296.48
2024-10-22,B,Member,Credit Card,389.88
2024-10-07,A,Member,Credit Card,427.53
2025-01-20,B,Normal,E-wallet,275.12
2024-10-10,A,Normal,E-wallet,340.68
2024-02-15,B,Normal,E-wallet,351.36
2024-11-03,B,Member,Cash,51.49
2024-10-30,A,Member,Cash,307.09
2024-12-25,B,Normal,Cash,335.68
2025-02-04,B,Member,E-wallet,303.19
2024-10-28,A,Normal,Cash,58.63
2024-06-29,A,Normal,Cash,221.59
2024-06-20,B,Member,Credit Card,71.21
2024-08-20,A,Member,E-wallet,222.17
2024-05-31,A,Member,E-wallet,462.97
2024-05-22,A,Member,Cash,22.04
2024-11-17,A,Normal,Credit Card,150.41
2024-07-04,B,Normal,Cash,493.62
2024-10-13,B,Normal,E-wallet,77.49
2025-02-05,A,Member,E-wallet,390.44
2024-09-21,B,Member,E-wallet,360.93
2024-09-16,B,Normal,Cash,402.16
2024-05-06,B,Normal,Cash,328.28
2024-02-15,A,Normal,Credit Card,132.13
2025-01-08,A,Normal,Cash,275.75
2024-11-22,B,Member,Cash,179.46
2024-08-21,B,Member,Cash,35.02
2024-10-19,B,Member,Cash,450.33
2024-12-04,B,Normal,Cash,274.88
2024-02-12,A,Member,Credit Card,323.47
2024-03-24,A,Member,Cash,420.01
2024-06-22,B,Member,Credit Card,72.39
2024-07-08,A,Normal,Credit Card,363.72
2024-07-31,A,Member,E-wallet,322.76
2024-11-06,B,Member,Cash,113.15
2024-03-07,B,Normal,Cash,21.85
2024-12-09,B,Normal,Cash,271.42
2024-05-06,A,Member,Credit Card,336.1
2024-07-20,B,Normal,Credit Card,416.27
2024-03-22,B,Member,Credit Card,369.73
2025-01-28,B,Member,Credit Card,191.89
2024-10-11,A,Normal,Cash,95.57
2024-05-30,B,Member,Cash,446.97
2024-09-21,A,Member,E-wallet,181.09
2024-10-17,A,Member,Credit Card,214.87
2024-11-04,B,Normal,Cash,460.57
2024-07-20,B,Normal,Credit Card,216.38
2024-05-21,B,Normal,E-wallet,264.25
2024-11-13,B,Member,Credit Card,272.06
2024-05-07,A,Member,Credit Card,367.53
2025-01-06,A,Normal,E-wallet,213.24
2024-09-11,A,Member,E-wallet,366.24
2024-07-30,A,Member,E-wallet,383.33
2024-05-14,B,Member,E-wallet,213.19
2025-02-06,A,Member,Cash,493.4
2024-04-27,A,Normal,E-wallet,426.06
2025-01-21,A,Member,Cash,221.27
2025-02-01,A,Member,E-wallet,67.49
2024-06-28,A,Member,Credit Card,462.21
2024-06-08,B,Member,E-wallet,358.61
2024-09-25,A,Member,E-wallet,421.73
2025-01-05,A,Normal,Credit Card,40.79
2025-02-07,B,Normal,Credit Card,233.11
2024-07-11,B,Normal,Cash,477.23
2024-05-16,A,Member,Cash,384.98
2024-08-03,A,Member,Cash,104.62
2025-02-08,A,Normal,E-wallet,301.5
2024-05-17,B,Normal,E-wallet,112.88
2024-05-13,A,Normal,Credit Card,235.74
2024-09-01,B,Normal,Credit Card,363.96
2024-04-25,B,Member,Credit Card,293.84
2024-06-22,A,Normal,Cash,323.77
2024-06-14,A,Member,E-wallet,303.76
2024-11-23,A,Normal,Cash,283.79
2025-01-28,B,Member,Cash,458.36
2024-06-30,B,Normal,Cash,36.48
2024-12-19,A,Normal,Credit Card,140.56
2024-05-17,B,Member,Cash,218.97
2024-07-16,A,Member,Cash,437.61
2024-11-17,A,Member,Cash,309.54
2025-01-28,A,Normal,Credit Card,37.5
2024-12-11,B,Normal,Cash,69.96
2024-11-20,A,Member,Credit Card,359.12
2024-08-25,A,Normal,Cash,40.58
2024-09-24,A,Member,Cash,125.37
2024-07-30,A,Member,Credit Card,113.8
2024-11-16,B,Normal,Cash,224.92
2024-06-17,A,Normal,Credit Card,226.44
2025-01-06,A,Normal,Credit Card,244.85
2025-01-10,B,Member,Cash,97.31
2024-03-05,A,Normal,Cash,113.55
2024-05-01,A,Normal,E-wallet,273.18
2024-08-12,B,Member,Credit Card,265.75
2024-02-13,B,Normal,Cash,456.08
2024-02-15,B,Normal,Credit Card,288.38
2024-11-30,A,Normal,Credit Card,106.88
2025-02-07,B,Normal,Cash,402.52
2024-09-08,B,Member,E-wallet,41.21
2024-12-16,A,Member,Credit Card,348.5
2024-03-03,A,Member,E-wallet,338.18
2024-09-09,A,Normal,Credit Card,360.21
2024-04-02,B,Member,Credit Card,313.3
2024-02-19,A,Normal,Cash,63.18
2024-05-06,B,Normal,Credit Card,124.09
2024-03-31,B,Normal,Credit Card,405.42
2024-05-12,A,Member,Cash,91.54
2024-04-04,B,Normal,Cash,294.72
2024-05-31,A,Member,Credit Card,340.28
2024-04-14,B,Member,Cash,24.49
2024-05-15,A,Normal,E-wallet,401.91
2024-06-01,A,Normal,E-wallet,121.38
2025-01-19,A,Normal,Credit Card,80.38
2024-12-12,A,Normal,Cash,383.35
2024-05-09,A,Normal,E-wallet,365.03
2024-08-29,A,Member,Cash,206.12
2024-10-16,B,Member,Credit Card,102.18
2024-11-17,B,Normal,Credit Card,136.66
2024-12-23,B,Normal,E-wallet,391.53
2024-12-25,A,Normal,Cash,490.6
2024-12-30,A,Member,Cash,339.56
2025-01-21,B,Member,Cash,353.91
2024-10-14,B,Member,Credit Card,373.94
2024-02-16,B,Normal,Credit Card,431.52
2024-04-08,B,Member,Credit Card,65.2
2024-03-16,A,Member,E-wallet,489.03
2024-09-26,A,Member,E-wallet,296.08
2024-09-23,B,Member,Credit Card,58.34
2024-06-03,B,Normal,Cash,485.44
2024-06-29,A,Member,E-wallet,15.68
2024-06-26,A,Member,Credit Card,211.78
2024-06-06,A,Member,E-wallet,290.45
2024-02-26,A,Member,E-wallet,130.9
2024-10-04,A,Normal,Credit Card,42.2
2024-12-13,A,Member,Credit Card,14.12
2024-05-25,A,Member,Cash,27.27
2024-07-08,A,Member,Credit Card,359.23
2024-10-23,A,Member,E-wallet,62.85
2025-01-17,B,Normal,Cash,150.82
2024-09-12,A,Member,Cash,423.39
2025-01-02,B,Member,Cash,324.38
2024-06-15,B,Member,Credit Card,385.1
2025-02-08,A,Member,Cash,103.3
2024-05-02,A,Member,Cash,138.77
2024-02-22,A,Normal,Cash,159.42
2024-10-09,A,Normal,Credit Card,137.48
2024-07-21,A,Member,E-wallet,245.88
2024-04-18,B,Normal,Cash,473.7
2024-08-24,B,Normal,E-wallet,405.22
2024-12-27,B,Member,E-wallet,72.85
2024-10-20,A,Normal,E-wallet,478.33
2024-12-24,B,Normal,Cash,174.09
2024-10-05,A,Normal,Credit Card,447.47
2024-04-18,B,Normal,E-wallet,230.0
2024-04-09,A,Normal,Credit Card,379.13
2024-03-13,B,Member,Credit Card,454.44
2024-11-14,B,Normal,Cash,269.74
2024-04-21,A,Member,Cash,462.27
2024-02-18,B,Normal,Cash,43.31
2024-12-15,B,Normal,Cash,298.58
2024-12-05,B,Normal,E-wallet,352.71
2024-11-02,B,Normal,Cash,80.88
2025-01-11,B,Member,E-wallet,442.26
2024-03-09,B,Member,Credit Card,135.03
2024-02-26,A,Normal,Credit Card,233.7
2024-07-02,A,Member,Credit Card,228.98
2024-08-04,B,Member,Credit Card,164.57
2024-05-16,B,Member,Cash,375.95
2024-06-29,A,Normal,Cash,153.93
2024-04-21,A,Member,Credit Card,280.03
2024-07-06,B,Normal,Cash,378.07
2024-12-23,A,Normal,E-wallet,100.49
2024-06-01,A,Normal,Credit Card,291.72
2024-10-10,A,Normal,E-wallet,136.33
2024-06-10,A,Member,Credit Card,201.36
2024-03-29,B,Member,E-wallet,483.6
2024-08-13,B,Normal,E-wallet,444.89
2024-02-24,A,Member,Cash,334.01
2024-09-01,B,Normal,Cash,333.84
2024-04-16,A,Normal,Credit Card,310.52
2024-02-25,A,Normal,Cash,440.64
2024-06-14,B,Member,Cash,87.34
2025-01-15,A,Member,Credit Card,449.16
2025-01-12,A,Member,E-wallet,229.79
2024-02-22,B,Member,Credit Card,221.37
2024-06-21,A,Member,Credit Card,223.35
2024-09-24,A,Normal,Cash,140.83
2024-06-05,A,Member,E-wallet,364.22
2024-03-14,B,Normal,Credit Card,359.27
2024-11-08,A,Normal,Credit Card,178.29
2024-07-11,B,Member,E-wallet,50.16
2024-08-09,B,Normal,Credit Card,266.25
2024-06-15,A,Normal,Credit Card,94.85
2024-12-30,B,Normal,E-wallet,226.87
2024-06-29,A,Member,Cash,165.97
2024-05-21,B,Normal,Credit Card,412.57
2025-01-05,A,Member,Cash,193.6
2024-07-25,A,Normal,Cash,330.46
2024-11-02,B,Member,Cash,85.13
2024-09-17,B,Normal,Credit Card,460.73
2024-10-20,B,Normal,E-wallet,483.85
2024-05-20,B,Normal,Cash,188.07
2025-01-13,B,Member,Credit Card,240.21
2024-08-11,B,Normal,E-wallet,376.09
2024-11-24,A,Member,Credit Card,266.84
2025-01-10,A,Normal,Cash,39.27
2024-12-22,B,Member,E-wallet,219.44
2024-04-20,A,Member,E-wallet,261.93
2024-11-17,B,Member,Cash,373.33
2024-10-05,A,Normal,Credit Card,320.51
2024-10-09,A,Normal,Credit Card,11.25
2024-11-07,A,Member,E-wallet,50.06
2024-04-23,B,Member,Cash,275.58
2024-03-28,A,Normal,Credit Card,157.62
2024-06-16,B,Normal,E-wallet,341.41
2024-04-08,A,Member,E-wallet,35.96
2024-10-23,A,Normal,E-wallet,185.57
2024-04-19,B,Normal,Credit Card,224.69
2024-08-02,A,Normal,Cash,419.93
2024-02-23,B,Member,Cash,159.21
2024-08-27,A,Normal,E-wallet,87.67
2024-05-04,A,Member,Credit Card,49.31
2024-02-21,A,Normal,E-wallet,104.55
2024-07-28,A,Member,Credit Card,55.89
2024-11-10,A,Member,Cash,92.46
2024-08-04,A,Member,E-wallet,333.58
2024-08-09,B,Member,Credit Card,396.55
2024-12-05,A,Normal,Cash,314.59
2024-05-25,B,Normal,E-wallet,354.84
2024-04-29,A,Member,Credit Card,34.25
2024-03-25,B,Member,Cash,337.42
2025-01-30,A,Member,Credit Card,457.33
2025-01-01,B,Member,Cash,356.16
2024-10-20,A,Member,Cash,262.01
2024-08-17,B,Member,Cash,350.49
2024-02-18,B,Normal,E-wallet,21.31
2024-12-21,A,Member,Credit Card,114.07
2024-12-13,B,Member,Credit Card,109.08
2025-01-27,A,Normal,E-wallet,65.3
2024-06-08,B,Normal,E-wallet,119.61
2024-08-02,A,Member,Credit Card,199.62
2024-05-31,B,Member,E-wallet,157.41
2025-01-18,A,Member,Credit Card,46.54
2024-11-23,B,Member,Credit Card,192.73
2024-11-23,A,Normal,Cash,110.82
2024-07-19,A,Normal,E-wallet,323.2
2024-05-21,A,Normal,Credit Card,286.46
2024-03-08,A,Normal,E-wallet,149.29
2024-07-04,B,Member,Cash,326.9
2025-01-19,A,Normal,E-wallet,424.68
2025-01-06,A,Normal,E-wallet,12.81
2024-03-18,B,Member,Cash,483.2
2025-01-25,B,Member,Cash,393.14
2024-02-26,A,Normal,E-wallet,303.03
2024-12-02,B,Member,Credit Card,131.86
2024-10-09,B,Member,Cash,58.72
2024-07-21,B,Member,Credit Card,41.91
2025-02-06,A,Member,E-wallet,176.89
2024-06-07,A,Member,E-wallet,308.06
2025-02-09,B,Member,Cash,264.67
2024-02-23,B,Member,E-wallet,132.34
2024-11-21,A,Normal,Credit Card,429.6
2024-08-14,B,Normal,E-wallet,344.88
2024-09-06,B,Member,Cash,200.6
2024-03-12,A,Member,E-wallet,389.83
2024-07-01,B,Normal,E-wallet,11.83
2024-03-18,B,Member,Credit Card,491.27
2024-03-28,B,Normal,Cash,307.02
2024-05-16,A,Normal,Cash,259.46
2024-04-12,B,Member,Credit Card,42.13
2024-07-29,B,Member,Cash,254.64
2024-07-19,B,Member,Cash,159.02
2024-05-18,A,Normal,Credit Card,392.96
2024-03-17,B,Member,E-wallet,40.83
2025-01-04,A,Member,Cash,378.28
2024-02-15,A,Normal,Credit Card,111.01
2024-12-13,A,Normal,Credit Card,79.41
2025-01-14,A,Normal,Credit Card,493.72
2024-05-26,A,Member,Credit Card,305.61
2024-11-09,A,Member,E-wallet,121.27
2024-09-29,B,Normal,Cash,269.76
2024-11-07,A,Normal,Credit Card,490.17
2024-11-12,A,Member,E-wallet,162.93
2024-02-15,A,Normal,Credit Card,378.49
2024-03-29,B,Member,E-wallet,478.7
2024-10-20,B,Normal,Credit Card,471.44
2024-10-19,A,Member,Credit Card,115.16
2024-04-27,B,Member,Cash,146.9
2024-04-28,A,Member,Cash,322.24
2024-04-18,A,Member,Credit Card,214.21
2024-03-13,B,Normal,Cash,384.64
2025-01-29,A,Normal,E-wallet,369.01
2024-11-01,B,Normal,Cash,30.07
2024-04-19,B,Member,Cash,392.49
2025-01-11,B,Member,Cash,44.09
2024-11-17,A,Member,Cash,124.22
2025-01-21,A,Normal,Cash,165.02
2024-02-21,A,Normal,Credit Card,353.1
2024-06-11,B,Member,E-wallet,420.81
2025-01-16,A,Normal,Cash,309.48
2024-09-13,B,Member,Cash,90.97
2024-04-09,B,Normal,Credit Card,154.63
2024-08-18,A,Normal,E-wallet,34.81
2024-09-17,A,Member,Cash,53.45
2024-12-25,A,Normal,Cash,37.76
2024-12-11,B,Member,Cash,364.31
2024-09-19,A,Normal,Credit Card,218.9
2024-06-03,A,Member,E-wallet,132.58
2024-07-24,B,Member,E-wallet,205.72
2024-08-05,A,Normal,Cash,478.93
2024-03-07,A,Normal,Cash,21.21
2025-01-28,A,Normal,Credit Card,287.85
2024-08-24,A,Member,Credit Card,285.88
2024-06-13,A,Member,Cash,226.37
2024-02-12,A,Normal,Credit Card,61.48
2024-06-02,A,Member,Credit Card,147.88
2024-03-22,A,Member,E-wallet,352.2
2024-07-22,A,Normal,E-wallet,313.71
2024-06-10,B,Normal,E-wallet,360.31
2024-10-11,B,Normal,E-wallet,437.98
2024-04-26,B,Normal,Credit Card,396.72
2025-02-10,A,Normal,Credit Card,303.84
2024-03-26,A,Normal,Credit Card,364.9
2024-10-11,A,Normal,Credit Card,438.54
2024-09-07,B,Member,Cash,125.18
2024-06-19,A,Normal,Cash,187.72
2024-07-19,B,Normal,E-wallet,365.04
2024-05-11,A,Normal,E-wallet,316.94
2024-04-23,A,Member,Cash,365.47
2024-10-13,A,Normal,Cash,226.67
2024-10-14,B,Member,E-wallet,258.95
2024-07-22,A,Normal,Credit Card,296.46
2024-02-22,B,Member,Credit Card,412.52
2024-10-09,A,Member,Cash,491.29
2024-03-04,B,Normal,E-wallet,112.13
2025-01-28,B,Normal,E-wallet,488.61
2024-10-26,B,Member,Credit Card,252.55
2024-08-14,A,Normal,Credit Card,112.83
2024-10-01,B,Normal,Credit Card,102.01
2024-10-02,B,Normal,E-wallet,239.74
2024-04-26,B,Member,Credit Card,241.21
2024-04-01,A,Member,E-wallet,447.97
2024-12-25,B,Member,Credit Card,496.45
2024-03-24,B,Normal,Credit Card,232.06
